property_type,sector,price_per_sqft,bedRoom,bathroom,balcony,servant room,age_category,furnishing_type,combined_rating,dist_cyber_city_km,luxury_category,floor_category,price
0.0,72.0,5000.0,2,2,1.0,0,3.0,2.0,4,7.932372074404248,1.0,2.0,0.45
0.0,32.0,7692.0,2,2,1.0,0,2.0,0.0,4,6.681786888085641,1.0,1.0,0.5
0.0,100.0,6723.0,2,2,3.0,0,1.0,2.0,4,10.315343042261606,1.0,0.0,0.4
0.0,64.0,12250.0,2,2,2.0,0,3.0,2.0,4,9.325542058746992,2.0,1.0,1.47
0.0,96.0,5204.0,2,2,3.0,0,4.0,2.0,4,19.438662025225774,1.0,2.0,0.7
0.0,38.0,6269.0,2,2,3.0,0,1.0,2.0,3,12.864118802682363,1.0,2.0,0.41
0.0,0.0,13333.0,3,3,3.0,0,1.0,2.0,4,8.28225319142505,1.0,2.0,2.0
0.0,7.0,7860.0,3,4,3.0,0,1.0,2.0,4,9.444756665310383,1.0,0.0,1.8
0.0,90.0,8148.0,2,4,4.0,0,4.0,2.0,4,15.22123338101124,1.0,1.0,1.1
0.0,80.0,16886.0,3,3,2.0,1,3.0,2.0,4,17.849176868198043,2.0,3.0,4.75
0.0,84.0,9766.0,2,2,2.0,0,3.0,2.0,4,18.239734168866327,1.0,1.0,0.96
0.0,100.0,5588.0,2,2,1.0,0,3.0,2.0,3,10.315343042261606,1.0,2.0,0.29
0.0,81.0,6941.0,3,3,3.0,0,3.0,2.0,3,9.6830758001837,1.0,2.0,1.35
0.0,37.0,6859.0,2,2,4.0,0,4.0,2.0,3,8.807024823365314,1.0,2.0,0.95
0.0,94.0,5385.0,2,2,3.0,0,1.0,2.0,4,17.784613471274927,1.0,0.0,0.7
0.0,11.0,16859.0,4,5,3.0,0,3.0,2.0,4,10.594295381059624,1.0,3.0,3.95
0.0,65.0,14085.0,1,1,0.0,0,3.0,2.0,4,9.6830758001837,1.0,1.0,0.9
0.0,5.0,11475.0,2,2,2.0,0,3.0,2.0,4,11.688077620313686,1.0,1.0,1.05
0.0,37.0,10476.0,3,3,3.0,1,1.0,0.0,4,8.807024823365314,1.0,0.0,2.2
0.0,92.0,9157.0,2,2,2.0,0,1.0,2.0,4,16.34701940513016,1.0,2.0,1.01
0.0,81.0,8605.0,3,4,4.0,1,1.0,2.0,3,9.6830758001837,1.0,0.0,1.85
0.0,92.0,7797.0,2,3,3.0,0,3.0,2.0,4,16.34701940513016,1.0,2.0,0.86
0.0,5.0,9136.0,3,3,4.0,1,3.0,0.0,4,11.688077620313686,2.0,1.0,1.85
0.0,17.0,12855.0,3,3,4.0,1,1.0,2.0,4,7.296451285525138,2.0,2.0,2.85
0.0,38.0,7910.0,2,2,1.0,0,1.0,2.0,3,12.864118802682363,1.0,2.0,0.42
0.0,67.0,18331.0,3,4,2.0,0,3.0,2.0,5,10.356984533706918,1.0,0.0,6.15
0.0,49.0,24300.0,3,5,4.0,1,0.0,0.0,4,10.520480675103999,1.0,2.0,6.25
0.0,39.0,5600.0,2,2,2.0,0,3.0,2.0,4,11.022736662002515,1.0,2.0,0.42
0.0,32.0,12784.0,2,2,0.0,0,3.0,2.0,4,6.681786888085641,1.0,2.0,1.35
0.0,14.0,2993.0,2,2,2.0,0,3.0,2.0,4,7.02583253588824,1.0,1.0,1.6
0.0,45.0,10156.0,4,4,4.0,0,0.0,0.0,4,4.4235297248137915,2.0,0.0,3.25
0.0,91.0,7188.0,2,2,1.0,0,1.0,2.0,4,14.818928591501624,1.0,2.0,0.45
0.0,96.0,6538.0,3,2,2.0,0,3.0,2.0,4,19.438662025225774,1.0,0.0,0.85
0.0,94.0,5769.0,2,2,3.0,0,3.0,2.0,4,17.784613471274927,1.0,2.0,0.75
0.0,70.0,6949.0,2,2,4.0,0,4.0,2.0,4,12.476058817032778,2.0,0.0,0.82
0.0,12.0,8867.0,3,3,2.0,1,0.0,2.0,4,8.234325662834179,2.0,1.0,1.8
0.0,100.0,5404.0,2,2,2.0,0,1.0,2.0,4,10.315343042261606,2.0,2.0,0.2999
0.0,39.0,5714.0,2,2,3.0,0,0.0,0.0,4,11.022736662002515,2.0,1.0,0.78
0.0,45.0,15152.0,3,3,2.0,1,2.0,1.0,4,4.4235297248137915,1.0,1.0,2.0
0.0,100.0,6198.0,2,2,4.0,0,1.0,2.0,4,10.315343042261606,2.0,0.0,0.74
0.0,9.0,16000.0,3,3,4.0,1,3.0,2.0,4,9.080697225898227,1.0,2.0,3.2
0.0,85.0,6379.0,4,4,4.0,1,3.0,2.0,4,16.990726505283792,0.0,1.0,1.3
0.0,34.0,3571.0,2,2,2.0,0,3.0,2.0,3,6.469401707799213,1.0,1.0,0.25
0.0,100.0,7845.0,3,2,4.0,0,3.0,2.0,4,10.315343042261606,1.0,1.0,0.95
0.0,94.0,7297.0,4,4,4.0,1,3.0,0.0,4,17.784613471274927,2.0,2.0,1.99
0.0,9.0,7581.0,2,2,2.0,0,1.0,2.0,4,9.080697225898227,2.0,2.0,1.05
0.0,88.0,10005.0,3,3,4.0,0,3.0,2.0,4,16.678635298845226,2.0,0.0,1.83
0.0,85.0,10714.0,3,3,4.0,1,3.0,1.0,4,16.990726505283792,2.0,3.0,2.25
0.0,67.0,16970.0,3,3,4.0,1,3.0,0.0,4,10.356984533706918,1.0,2.0,2.8
0.0,31.0,14545.0,2,2,2.0,0,3.0,2.0,4,2.3586610749369834,2.0,2.0,1.6
0.0,81.0,5425.0,2,2,3.0,0,1.0,1.0,3,9.6830758001837,1.0,2.0,0.83
0.0,100.0,7411.0,3,2,2.0,0,1.0,2.0,4,10.315343042261606,1.0,1.0,0.83
0.0,4.0,6400.0,2,3,2.0,0,1.0,2.0,4,9.819178081405248,1.0,2.0,0.8
0.0,2.0,4715.0,4,4,4.0,0,0.0,0.0,4,24.68171523417974,1.0,2.0,1.25
0.0,87.0,6667.0,1,1,1.0,0,1.0,0.0,4,15.606419725807001,1.0,0.0,0.3
0.0,37.0,9873.0,3,4,1.0,1,3.0,2.0,4,8.807024823365314,1.0,1.0,1.55
0.0,74.0,6594.0,2,2,2.0,0,3.0,2.0,3,11.703579620081992,1.0,2.0,0.79
0.0,100.0,6999.0,2,2,3.0,0,3.0,2.0,4,10.315343042261606,2.0,0.0,1.01
0.0,96.0,5008.0,4,5,4.0,1,0.0,2.0,4,19.438662025225774,1.0,2.0,0.95
0.0,79.0,7857.0,2,2,2.0,0,3.0,2.0,4,16.16370147099269,2.0,1.0,0.99
0.0,39.0,6377.0,3,3,4.0,0,3.0,2.0,4,11.022736662002515,2.0,2.0,1.1
0.0,69.0,8862.0,4,4,3.0,0,1.0,0.0,4,12.360901540268934,2.0,2.0,1.9
0.0,39.0,4320.0,3,3,4.0,0,4.0,2.0,4,11.022736662002515,1.0,2.0,1.0
0.0,59.0,11111.0,3,3,3.0,0,0.0,2.0,4,7.981671659354797,2.0,2.0,2.5
0.0,32.0,10407.0,2,2,2.0,0,3.0,2.0,4,6.681786888085641,1.0,0.0,1.1
0.0,98.0,5179.0,2,2,2.0,0,3.0,2.0,4,19.467363206073667,2.0,0.0,0.29
0.0,98.0,5556.0,2,2,3.0,0,1.0,2.0,4,19.467363206073667,1.0,0.0,0.55
0.0,96.0,4745.0,3,2,3.0,0,3.0,2.0,4,19.438662025225774,1.0,2.0,0.65
0.0,100.0,9398.0,2,2,2.0,0,1.0,2.0,4,10.315343042261606,1.0,2.0,0.5
0.0,99.0,5522.0,2,2,1.0,0,1.0,2.0,3,12.749467120010372,1.0,1.0,0.3175
0.0,6.0,6405.0,2,3,3.0,1,3.0,0.0,4,9.988958745407531,2.0,2.0,0.93
0.0,92.0,8433.0,3,3,2.0,0,1.0,2.0,4,16.34701940513016,1.0,1.0,1.2
0.0,100.0,4688.0,2,2,2.0,0,3.0,2.0,4,10.315343042261606,1.0,2.0,0.3
0.0,100.0,6813.0,2,2,3.0,0,1.0,2.0,4,10.315343042261606,2.0,2.0,0.56
0.0,50.0,12506.0,3,4,4.0,0,0.0,2.0,4,9.85228261520027,1.0,2.0,2.7
0.0,94.0,5128.0,3,4,3.0,1,1.0,2.0,4,17.784613471274927,2.0,2.0,1.0
0.0,35.0,11154.0,3,2,2.0,0,2.0,1.0,4,4.789822511420023,2.0,1.0,1.45
0.0,92.0,8784.0,3,3,0.0,0,1.0,2.0,4,16.34701940513016,1.0,2.0,1.25
0.0,68.0,10598.0,5,5,4.0,1,1.0,2.0,3,11.333973268769041,2.0,0.0,4.5
0.0,100.0,3769.0,2,2,1.0,0,3.0,2.0,3,10.315343042261606,1.0,0.0,0.28
0.0,64.0,17200.0,3,4,4.0,1,4.0,2.0,4,9.325542058746992,2.0,0.0,3.87
0.0,12.0,6339.0,3,3,1.0,0,0.0,2.0,4,8.234325662834179,1.0,2.0,1.38
0.0,42.0,6615.0,2,2,1.0,0,3.0,2.0,4,7.966272839288784,1.0,1.0,0.43
0.0,14.0,3167.0,2,1,1.0,0,3.0,2.0,4,7.02583253588824,1.0,1.0,0.285
0.0,39.0,9839.0,2,2,2.0,0,3.0,2.0,4,11.022736662002515,1.0,2.0,1.1
0.0,67.0,13957.0,2,2,2.0,0,3.0,2.0,4,10.356984533706918,1.0,3.0,2.0
0.0,100.0,8036.0,3,2,2.0,0,3.0,2.0,4,10.315343042261606,0.0,1.0,0.9
0.0,100.0,8036.0,3,2,0.0,0,3.0,2.0,4,10.315343042261606,1.0,1.0,0.9
0.0,37.0,8768.0,3,3,0.0,0,1.0,2.0,4,8.807024823365314,1.0,1.0,1.75
0.0,70.0,8611.0,2,2,2.0,0,1.0,2.0,4,12.476058817032778,1.0,0.0,0.93
0.0,94.0,6601.0,4,4,4.0,0,0.0,2.0,4,17.784613471274927,1.0,0.0,1.8
0.0,37.0,11738.0,3,3,2.0,0,4.0,2.0,4,8.807024823365314,1.0,2.0,2.1
0.0,25.0,14493.0,2,2,2.0,0,3.0,2.0,4,2.6223407766988527,1.0,2.0,2.0
0.0,66.0,12804.0,3,3,2.0,0,3.0,2.0,4,10.921657047153026,1.0,1.0,2.0
0.0,91.0,7799.0,3,3,3.0,0,1.0,2.0,4,14.818928591501624,1.0,2.0,1.29
0.0,67.0,15591.0,3,3,3.0,0,3.0,0.0,4,10.356984533706918,2.0,3.0,2.85
0.0,81.0,5641.0,3,3,3.0,0,3.0,0.0,3,9.6830758001837,2.0,1.0,1.1
0.0,64.0,13750.0,2,2,2.0,0,3.0,2.0,4,9.325542058746992,1.0,1.0,1.65
0.0,100.0,7407.0,1,1,2.0,0,1.0,2.0,3,10.315343042261606,2.0,1.0,0.24
0.0,79.0,10500.0,3,4,4.0,1,1.0,0.0,4,16.16370147099269,2.0,0.0,2.1
0.0,37.0,9850.0,3,3,4.0,1,1.0,2.0,4,8.807024823365314,2.0,0.0,1.9
0.0,81.0,11482.0,2,2,3.0,0,1.0,2.0,4,9.6830758001837,1.0,2.0,1.1
0.0,98.0,4500.0,2,2,1.0,0,3.0,1.0,4,19.467363206073667,1.0,2.0,0.315
0.0,12.0,17617.0,1,1,2.0,0,3.0,2.0,4,8.234325662834179,1.0,2.0,1.7
0.0,99.0,6107.0,2,2,2.0,0,1.0,2.0,3,12.749467120010372,1.0,1.0,0.32
0.0,89.0,7745.0,2,2,1.0,0,3.0,2.0,4,17.99082227512503,2.0,2.0,0.45
0.0,80.0,10017.0,1,2,2.0,0,4.0,2.0,4,17.849176868198043,1.0,3.0,1.2
0.0,67.0,16031.0,2,2,2.0,0,1.0,2.0,4,10.356984533706918,2.0,3.0,2.1
0.0,42.0,5600.0,2,2,1.0,0,3.0,0.0,4,7.966272839288784,1.0,2.0,0.42
0.0,37.0,9955.0,3,2,4.0,0,1.0,2.0,4,8.807024823365314,1.0,2.0,1.55
0.0,0.0,9028.0,3,3,2.0,0,3.0,2.0,4,8.28225319142505,1.0,2.0,1.3
0.0,17.0,10589.0,4,4,4.0,1,1.0,1.0,4,7.296451285525138,1.0,0.0,2.75
0.0,6.0,6443.0,3,3,4.0,0,1.0,2.0,4,9.988958745407531,2.0,1.0,1.25
0.0,66.0,7407.0,3,2,2.0,0,3.0,2.0,4,10.921657047153026,1.0,1.0,0.42
0.0,100.0,6421.0,2,2,1.0,0,1.0,2.0,5,10.315343042261606,1.0,2.0,0.4
0.0,100.0,5405.0,2,2,1.0,0,1.0,2.0,4,10.315343042261606,1.0,1.0,0.34
0.0,92.0,8784.0,3,3,3.0,0,1.0,2.0,4,16.34701940513016,1.0,2.0,1.25
0.0,79.0,12744.0,3,3,3.0,0,3.0,0.0,4,16.16370147099269,2.0,2.0,1.5
0.0,0.0,9286.0,3,3,2.0,0,3.0,2.0,4,8.28225319142505,1.0,2.0,1.3
0.0,99.0,8000.0,3,3,3.0,0,3.0,2.0,3,12.749467120010372,1.0,2.0,1.6
0.0,17.0,11755.0,2,2,2.0,0,1.0,2.0,4,7.296451285525138,2.0,0.0,1.5
0.0,17.0,11755.0,2,2,2.0,0,1.0,2.0,4,7.296451285525138,2.0,0.0,1.5
0.0,7.0,7149.0,2,2,0.0,0,3.0,2.0,4,9.444756665310383,1.0,0.0,0.9
0.0,54.0,9146.0,4,4,3.0,0,2.0,2.0,4,6.491042593237041,2.0,2.0,1.5
0.0,69.0,13115.0,1,1,0.0,0,3.0,2.0,4,12.360901540268934,1.0,1.0,0.8
0.0,89.0,7396.0,3,2,1.0,0,1.0,2.0,4,17.99082227512503,2.0,0.0,1.25
0.0,100.0,5394.0,2,2,1.0,0,3.0,2.0,4,10.315343042261606,1.0,1.0,0.26
0.0,100.0,7910.0,2,2,1.0,0,1.0,2.0,4,10.315343042261606,1.0,0.0,0.42
0.0,45.0,12920.0,3,3,2.0,0,1.0,2.0,4,4.4235297248137915,1.0,1.0,2.5
0.0,80.0,4615.0,3,3,2.0,1,0.0,2.0,4,17.849176868198043,1.0,1.0,0.9
0.0,96.0,7107.0,2,2,1.0,0,3.0,0.0,4,19.438662025225774,1.0,2.0,0.42
0.0,10.0,7692.0,2,2,1.0,0,3.0,2.0,4,11.184849992510118,1.0,0.0,0.5
0.0,81.0,5882.0,2,2,3.0,0,3.0,2.0,3,9.6830758001837,1.0,2.0,0.9
0.0,92.0,6806.0,3,3,4.0,1,1.0,2.0,4,16.34701940513016,1.0,1.0,1.3
0.0,37.0,9503.0,3,3,3.0,0,4.0,2.0,4,8.807024823365314,1.0,0.0,1.7
0.0,96.0,6200.0,4,3,0.0,0,3.0,2.0,4,19.438662025225774,1.0,0.0,1.25
0.0,85.0,6700.0,4,4,3.0,1,4.0,0.0,5,16.990726505283792,2.0,2.0,2.91
0.0,18.0,5750.0,3,4,2.0,1,2.0,0.0,3,21.802033071237695,1.0,1.0,1.15
0.0,92.0,12526.0,3,3,3.0,0,3.0,2.0,4,16.34701940513016,0.0,2.0,1.2
0.0,101.0,12245.0,2,2,3.0,0,1.0,2.0,4,12.095045917417066,1.0,0.0,1.5
0.0,100.0,7424.0,3,3,4.0,0,3.0,2.0,4,10.315343042261606,1.0,2.0,1.3
0.0,7.0,10361.0,3,3,3.0,0,3.0,2.0,4,9.444756665310383,1.0,1.0,1.75
0.0,33.0,6471.0,2,2,1.0,0,3.0,0.0,3,22.124747987328313,1.0,2.0,0.55
0.0,67.0,13602.0,3,3,3.0,0,3.0,2.0,4,10.356984533706918,1.0,0.0,2.5
0.0,23.0,5556.0,3,2,3.0,0,0.0,2.0,4,5.5611513518299125,1.0,2.0,0.8
0.0,11.0,4667.0,2,2,1.0,0,0.0,2.0,3,10.594295381059624,1.0,2.0,0.7
0.0,39.0,14444.0,4,3,3.0,0,3.0,2.0,4,11.022736662002515,1.0,2.0,1.95
0.0,94.0,7188.0,2,2,1.0,0,1.0,0.0,3,17.784613471274927,1.0,1.0,0.45
0.0,81.0,10828.0,3,2,3.0,0,3.0,2.0,3,9.6830758001837,1.0,2.0,1.7
0.0,89.0,9615.0,2,2,1.0,0,3.0,2.0,4,17.99082227512503,1.0,2.0,0.5
0.0,67.0,14997.0,3,3,3.0,0,3.0,2.0,4,10.356984533706918,2.0,0.0,2.8
0.0,37.0,15659.0,3,2,4.0,0,4.0,2.0,4,8.807024823365314,0.0,0.0,1.45
0.0,64.0,13497.0,3,3,2.0,0,3.0,2.0,4,9.325542058746992,1.0,2.0,2.2
0.0,100.0,9464.0,2,2,2.0,0,3.0,1.0,3,10.315343042261606,2.0,0.0,0.9
0.0,98.0,7782.0,2,2,2.0,0,1.0,0.0,4,19.467363206073667,1.0,2.0,0.4
0.0,79.0,7781.0,3,3,4.0,0,1.0,0.0,4,16.16370147099269,2.0,2.0,1.35
0.0,69.0,8043.0,4,4,0.0,0,3.0,2.0,4,12.360901540268934,1.0,2.0,1.85
0.0,98.0,6579.0,1,1,1.0,0,1.0,2.0,4,19.467363206073667,1.0,2.0,0.25
0.0,92.0,7964.0,2,2,3.0,0,1.0,2.0,4,16.34701940513016,1.0,1.0,0.88
0.0,99.0,6594.0,2,2,2.0,0,1.0,0.0,4,12.749467120010372,2.0,1.0,1.15
0.0,99.0,6789.0,2,2,2.0,0,1.0,2.0,3,12.749467120010372,1.0,2.0,0.85
0.0,85.0,7500.0,2,2,2.0,0,3.0,2.0,5,16.990726505283792,1.0,1.0,0.75
0.0,23.0,7444.0,4,4,4.0,0,1.0,2.0,4,5.5611513518299125,1.0,1.0,3.35
0.0,91.0,8108.0,3,3,4.0,0,1.0,2.0,4,14.818928591501624,1.0,0.0,1.5
0.0,95.0,6346.0,4,4,4.0,1,0.0,2.0,4,19.432123901520796,2.0,0.0,1.65
0.0,95.0,6966.0,4,4,4.0,1,0.0,2.0,4,19.432123901520796,2.0,0.0,2.0
0.0,70.0,7627.0,2,2,2.0,0,1.0,2.0,4,12.476058817032778,1.0,1.0,0.9
0.0,73.0,6702.0,3,3,3.0,0,4.0,2.0,3,12.87125291025613,1.0,0.0,1.25
0.0,39.0,6506.0,3,3,4.0,0,3.0,0.0,4,11.022736662002515,1.0,2.0,1.0
0.0,0.0,6150.0,3,3,0.0,0,4.0,2.0,4,8.28225319142505,1.0,1.0,1.08
0.0,88.0,8929.0,3,5,3.0,0,1.0,2.0,4,16.678635298845226,1.0,1.0,2.15
0.0,69.0,12107.0,1,1,1.0,0,3.0,2.0,4,12.360901540268934,1.0,0.0,1.0
0.0,73.0,13074.0,2,2,3.0,0,1.0,2.0,4,12.87125291025613,2.0,0.0,1.65
0.0,94.0,8081.0,4,3,4.0,0,0.0,2.0,4,17.784613471274927,2.0,2.0,1.79
0.0,88.0,13139.0,3,3,3.0,0,4.0,2.0,4,16.678635298845226,2.0,3.0,1.8
0.0,1.0,10140.0,3,3,3.0,0,4.0,2.0,4,9.007287461251584,1.0,2.0,1.45
0.0,72.0,5143.0,2,2,1.0,0,3.0,2.0,4,7.932372074404248,1.0,1.0,0.36
0.0,100.0,4259.0,2,2,1.0,0,3.0,2.0,4,10.315343042261606,1.0,1.0,0.25
0.0,81.0,7497.0,3,3,4.0,0,1.0,2.0,3,9.6830758001837,1.0,1.0,1.15
0.0,101.0,17442.0,3,3,0.0,0,1.0,2.0,4,12.095045917417066,1.0,1.0,1.65
0.0,17.0,12620.0,4,4,4.0,1,3.0,2.0,4,7.296451285525138,1.0,0.0,2.9
0.0,96.0,4545.0,2,2,3.0,0,4.0,2.0,3,19.438662025225774,1.0,0.0,0.6
0.0,48.0,10000.0,3,3,0.0,0,0.0,0.0,4,8.70926629658096,1.0,1.0,2.4
0.0,73.0,9905.0,2,2,3.0,0,3.0,2.0,4,12.87125291025613,1.0,0.0,1.25
0.0,67.0,15003.0,2,2,4.0,0,3.0,2.0,4,10.356984533706918,1.0,3.0,2.15
0.0,100.0,3970.0,2,2,1.0,0,3.0,2.0,3,10.315343042261606,1.0,2.0,0.295
0.0,100.0,5067.0,2,2,2.0,0,3.0,2.0,3,10.315343042261606,1.0,2.0,0.38
0.0,42.0,4105.0,2,2,1.0,0,3.0,2.0,4,7.966272839288784,1.0,1.0,0.39
0.0,99.0,6667.0,3,4,0.0,0,3.0,2.0,4,12.749467120010372,1.0,0.0,1.6
0.0,70.0,8504.0,4,4,3.0,0,1.0,2.0,4,12.476058817032778,1.0,1.0,1.7
0.0,56.0,14118.0,3,3,4.0,0,2.0,0.0,3,6.238294193827314,2.0,1.0,3.25
0.0,15.0,8451.0,2,2,3.0,0,1.0,2.0,4,6.211211068500834,1.0,2.0,0.6
0.0,98.0,2700.0,2,2,0.0,0,1.0,2.0,4,19.467363206073667,1.0,1.0,0.27
0.0,31.0,8887.0,2,1,1.0,0,2.0,2.0,3,2.3586610749369834,1.0,1.0,0.95
0.0,67.0,18493.0,2,2,3.0,0,1.0,2.0,4,10.356984533706918,1.0,2.0,2.65
0.0,81.0,7643.0,2,2,1.0,0,1.0,2.0,3,9.6830758001837,1.0,2.0,0.36
0.0,39.0,9167.0,2,2,3.0,0,1.0,2.0,4,11.022736662002515,1.0,2.0,0.55
0.0,92.0,16923.0,3,3,3.0,0,3.0,2.0,4,16.34701940513016,1.0,1.0,1.32
0.0,99.0,3976.0,2,2,3.0,0,3.0,2.0,3,12.749467120010372,2.0,1.0,0.59
0.0,42.0,4707.0,2,2,1.0,0,3.0,2.0,4,7.966272839288784,1.0,1.0,0.45
0.0,39.0,6224.0,3,3,2.0,0,3.0,1.0,3,11.022736662002515,1.0,0.0,0.9
0.0,81.0,10000.0,2,2,2.0,1,3.0,1.0,3,9.6830758001837,2.0,2.0,1.4
0.0,100.0,6543.0,2,2,4.0,0,1.0,0.0,4,10.315343042261606,1.0,2.0,0.95
0.0,67.0,17996.0,3,3,3.0,0,3.0,2.0,4,10.356984533706918,2.0,0.0,3.0
0.0,67.0,17990.0,3,3,2.0,1,3.0,2.0,4,10.356984533706918,1.0,3.0,3.67
0.0,85.0,7500.0,5,6,4.0,1,1.0,2.0,5,16.990726505283792,0.0,2.0,3.85
0.0,67.0,17998.0,3,3,3.0,0,1.0,2.0,4,10.356984533706918,1.0,3.0,3.29
0.0,67.0,18477.0,2,2,3.0,0,4.0,0.0,4,10.356984533706918,1.0,3.0,2.33
0.0,67.0,14170.0,3,3,3.0,0,1.0,2.0,4,10.356984533706918,1.0,3.0,2.79
0.0,44.0,11724.0,4,4,3.0,0,2.0,2.0,5,4.813339259086748,1.0,1.0,3.4
0.0,18.0,7273.0,2,2,1.0,0,3.0,0.0,4,21.802033071237695,1.0,1.0,0.72
0.0,7.0,7030.0,2,2,1.0,0,3.0,2.0,4,9.444756665310383,1.0,2.0,0.4
0.0,98.0,4106.0,2,2,2.0,0,3.0,0.0,4,19.467363206073667,2.0,2.0,0.56
0.0,74.0,6790.0,3,3,3.0,0,3.0,2.0,3,11.703579620081992,2.0,0.0,1.1
0.0,39.0,5420.0,2,2,3.0,0,1.0,2.0,3,11.022736662002515,1.0,2.0,0.71
0.0,81.0,6023.0,2,2,4.0,0,1.0,2.0,3,9.6830758001837,2.0,1.0,0.78
0.0,39.0,5882.0,2,2,3.0,0,4.0,2.0,4,11.022736662002515,2.0,2.0,0.4
0.0,17.0,11716.0,3,2,2.0,0,1.0,2.0,4,7.296451285525138,1.0,2.0,1.85
0.0,5.0,12182.0,2,2,1.0,0,3.0,2.0,4,11.688077620313686,2.0,2.0,1.1
0.0,64.0,12250.0,2,2,2.0,0,3.0,2.0,4,9.325542058746992,2.0,1.0,1.41
0.0,81.0,7455.0,3,3,3.0,0,3.0,2.0,3,9.6830758001837,1.0,2.0,1.45
0.0,64.0,13497.0,3,3,2.0,0,3.0,2.0,4,9.325542058746992,1.0,1.0,2.2
0.0,37.0,9910.0,2,2,3.0,0,0.0,0.0,4,8.807024823365314,1.0,2.0,1.1
0.0,5.0,9875.0,3,4,4.0,1,3.0,2.0,4,11.688077620313686,2.0,0.0,2.05
0.0,96.0,5000.0,3,2,3.0,0,0.0,0.0,4,19.438662025225774,1.0,2.0,0.6
0.0,92.0,4819.0,2,3,3.0,0,4.0,2.0,4,16.34701940513016,2.0,2.0,0.8
0.0,87.0,7033.0,2,2,2.0,0,1.0,0.0,4,15.606419725807001,1.0,2.0,0.41
0.0,76.0,5549.0,3,3,3.0,1,4.0,2.0,4,11.89113867504971,2.0,2.0,0.9
0.0,72.0,5889.0,2,2,1.0,0,3.0,2.0,4,7.932372074404248,1.0,2.0,0.54
0.0,38.0,7586.0,3,2,2.0,0,1.0,2.0,3,12.864118802682363,1.0,1.0,0.82
0.0,74.0,6734.0,3,3,4.0,0,3.0,0.0,3,11.703579620081992,1.0,2.0,1.0
0.0,58.0,9024.0,3,4,3.0,1,2.0,2.0,4,7.763932572686242,1.0,2.0,1.85
0.0,86.0,8000.0,3,3,2.0,0,3.0,0.0,4,15.577472593050006,2.0,1.0,1.42
0.0,39.0,9167.0,2,2,3.0,0,1.0,2.0,4,11.022736662002515,2.0,2.0,0.55
0.0,67.0,15980.0,2,2,3.0,0,4.0,2.0,4,10.356984533706918,1.0,2.0,2.29
0.0,5.0,10601.0,2,2,2.0,0,1.0,2.0,4,11.688077620313686,1.0,0.0,0.97
0.0,55.0,28004.0,3,4,3.0,1,1.0,1.0,4,5.956010036535056,1.0,2.0,8.25
0.0,33.0,4444.0,2,2,1.0,0,3.0,2.0,3,22.124747987328313,1.0,1.0,0.3
0.0,37.0,14335.0,2,2,3.0,0,4.0,2.0,4,8.807024823365314,1.0,1.0,1.65
0.0,67.0,15794.0,2,2,2.0,0,3.0,2.0,4,10.356984533706918,1.0,3.0,1.99
0.0,70.0,12500.0,2,2,3.0,0,3.0,2.0,4,12.476058817032778,1.0,0.0,1.0
0.0,65.0,26562.0,3,3,3.0,0,3.0,2.0,4,9.6830758001837,1.0,2.0,4.25
0.0,80.0,5000.0,4,4,3.0,1,3.0,2.0,4,17.849176868198043,1.0,1.0,1.25
0.0,86.0,6300.0,3,3,3.0,0,0.0,2.0,4,15.577472593050006,1.0,1.0,0.95
0.0,42.0,7778.0,3,2,2.0,0,1.0,0.0,5,7.966272839288784,1.0,1.0,1.05
0.0,75.0,14099.0,4,5,4.0,1,1.0,2.0,4,10.518733742236972,2.0,3.0,4.1
0.0,94.0,6983.0,2,2,2.0,0,3.0,2.0,4,17.784613471274927,1.0,1.0,0.5
0.0,2.0,5893.0,4,3,3.0,1,1.0,2.0,4,24.68171523417974,1.0,2.0,1.65
0.0,73.0,10159.0,3,3,3.0,1,1.0,2.0,4,12.87125291025613,2.0,1.0,1.6
0.0,64.0,13752.0,3,2,3.0,0,3.0,2.0,4,9.325542058746992,0.0,2.0,2.1
0.0,2.0,3648.0,4,4,3.0,0,0.0,2.0,4,24.68171523417974,1.0,2.0,0.9
0.0,81.0,7774.0,2,2,4.0,0,1.0,0.0,4,9.6830758001837,1.0,2.0,1.1
0.0,99.0,6740.0,2,2,4.0,0,3.0,2.0,4,12.749467120010372,2.0,0.0,0.92
0.0,96.0,5556.0,3,3,2.0,0,4.0,2.0,3,19.438662025225774,1.0,0.0,0.7
0.0,73.0,6326.0,3,4,2.0,0,3.0,2.0,3,12.87125291025613,1.0,0.0,0.99
0.0,81.0,6059.0,2,2,4.0,0,1.0,2.0,3,9.6830758001837,1.0,0.0,0.715
0.0,6.0,6429.0,2,2,3.0,0,1.0,2.0,4,9.988958745407531,2.0,2.0,0.875
0.0,71.0,6863.0,3,2,2.0,0,0.0,2.0,3,12.058742283544236,1.0,0.0,0.91
0.0,85.0,6378.0,3,4,4.0,0,3.0,2.0,4,16.990726505283792,1.0,2.0,1.25
0.0,48.0,10532.0,2,2,2.0,0,3.0,0.0,3,8.70926629658096,1.0,2.0,1.05
0.0,39.0,5038.0,2,2,4.0,0,3.0,2.0,4,11.022736662002515,1.0,0.0,0.66
0.0,17.0,13969.0,2,2,0.0,0,1.0,2.0,4,7.296451285525138,1.0,2.0,1.83
0.0,73.0,4800.0,2,2,2.0,0,3.0,2.0,3,12.87125291025613,1.0,2.0,0.5256000000000001
0.0,39.0,5797.0,2,2,3.0,0,3.0,2.0,3,11.022736662002515,1.0,1.0,0.8
0.0,92.0,12000.0,3,2,0.0,0,1.0,2.0,4,16.34701940513016,1.0,2.0,1.71
0.0,86.0,9286.0,1,1,0.0,0,3.0,2.0,4,15.577472593050006,1.0,2.0,0.65
0.0,99.0,6510.0,3,3,0.0,0,3.0,2.0,3,12.749467120010372,1.0,0.0,1.3
0.0,96.0,5384.0,3,3,4.0,0,3.0,2.0,3,19.438662025225774,1.0,0.0,0.82
0.0,56.0,41245.0,3,3,3.0,0,0.0,2.0,4,6.238294193827314,1.0,1.0,5.7
0.0,66.0,10945.0,1,1,2.0,0,3.0,2.0,4,10.921657047153026,1.0,2.0,0.88
0.0,14.0,9850.0,4,4,3.0,0,1.0,2.0,4,7.02583253588824,1.0,0.0,4.0
0.0,88.0,8075.0,3,4,3.0,1,3.0,2.0,4,16.678635298845226,0.0,2.0,1.93
0.0,17.0,13269.0,4,4,3.0,1,1.0,0.0,4,7.296451285525138,0.0,0.0,3.45
0.0,58.0,7727.0,3,3,3.0,0,0.0,2.0,4,7.763932572686242,1.0,2.0,1.7
0.0,67.0,15999.0,3,5,4.0,1,3.0,1.0,5,10.356984533706918,1.0,1.0,6.15
0.0,23.0,7865.0,3,3,4.0,0,2.0,1.0,4,5.5611513518299125,2.0,2.0,1.4
0.0,87.0,7400.0,3,3,2.0,1,1.0,0.0,4,15.606419725807001,0.0,1.0,1.48
0.0,37.0,7509.0,4,4,4.0,1,2.0,0.0,4,8.807024823365314,2.0,0.0,3.25
0.0,69.0,12998.0,3,3,3.0,1,3.0,2.0,4,12.360901540268934,2.0,0.0,3.49
0.0,65.0,14257.0,2,2,3.0,0,4.0,2.0,4,9.6830758001837,2.0,3.0,2.15
0.0,37.0,9333.0,2,2,3.0,0,4.0,2.0,4,8.807024823365314,2.0,0.0,1.4
0.0,45.0,14215.0,3,3,2.0,0,0.0,2.0,4,4.4235297248137915,2.0,2.0,2.0
0.0,64.0,14110.0,3,3,2.0,0,3.0,2.0,4,9.325542058746992,2.0,1.0,2.3
0.0,100.0,7248.0,2,1,3.0,0,1.0,2.0,4,10.315343042261606,2.0,1.0,0.54
0.0,93.0,6921.0,4,3,3.0,1,2.0,0.0,4,23.318928458993227,1.0,1.0,1.25
0.0,88.0,10606.0,2,2,1.0,0,3.0,2.0,4,16.678635298845226,2.0,0.0,1.05
0.0,79.0,8621.0,3,4,3.0,1,3.0,0.0,4,16.16370147099269,2.0,1.0,1.25
0.0,31.0,9091.0,1,1,1.0,0,2.0,0.0,4,2.3586610749369834,2.0,1.0,1.0
0.0,20.0,7391.0,5,5,2.0,0,2.0,1.0,4,4.6775747230725235,1.0,1.0,1.7
0.0,89.0,4666.0,4,6,2.0,1,1.0,2.0,4,17.99082227512503,2.0,0.0,1.3
0.0,5.0,16960.0,3,3,3.0,0,3.0,2.0,4,11.688077620313686,2.0,2.0,2.12
0.0,64.0,33220.0,3,4,4.0,1,4.0,2.0,4,9.325542058746992,0.0,3.0,3.9
0.0,52.0,11516.0,3,3,4.0,1,2.0,0.0,4,9.072597202187925,2.0,0.0,3.0
0.0,64.0,14203.0,3,3,2.0,0,1.0,2.0,4,9.325542058746992,0.0,2.0,2.2
0.0,5.0,8182.0,3,3,3.0,1,3.0,2.0,4,11.688077620313686,2.0,2.0,1.35
0.0,37.0,10503.0,3,2,2.0,0,1.0,2.0,4,8.807024823365314,2.0,0.0,1.67
0.0,6.0,6667.0,2,2,2.0,0,3.0,2.0,4,9.988958745407531,1.0,1.0,0.9
0.0,17.0,11499.0,4,4,4.0,0,1.0,2.0,4,7.296451285525138,0.0,0.0,2.37
0.0,5.0,9900.0,3,3,4.0,1,3.0,0.0,4,11.688077620313686,2.0,2.0,1.98
0.0,28.0,17619.0,4,4,3.0,1,2.0,0.0,4,1.0466229160276843,1.0,0.0,3.7
0.0,15.0,17000.0,4,4,4.0,0,1.0,2.0,4,6.211211068500834,2.0,2.0,4.67
0.0,81.0,8206.0,2,2,3.0,0,1.0,2.0,4,9.6830758001837,1.0,2.0,1.29
0.0,49.0,15240.0,3,3,4.0,0,3.0,0.0,5,10.520480675103999,0.0,2.0,3.65
0.0,55.0,19364.0,3,3,4.0,0,4.0,2.0,4,5.956010036535056,1.0,1.0,5.6
0.0,96.0,5833.0,4,4,3.0,1,3.0,2.0,4,19.438662025225774,2.0,0.0,1.25
0.0,73.0,9777.0,2,2,4.0,0,3.0,0.0,4,12.87125291025613,2.0,0.0,1.27
0.0,11.0,6542.0,3,2,4.0,1,3.0,0.0,4,10.594295381059624,2.0,1.0,1.36
0.0,39.0,8163.0,3,3,3.0,0,3.0,2.0,4,11.022736662002515,1.0,2.0,1.0
0.0,49.0,9335.0,4,5,4.0,0,0.0,0.0,4,10.520480675103999,2.0,0.0,4.25
0.0,86.0,9474.0,3,3,4.0,0,3.0,2.0,4,15.577472593050006,1.0,2.0,1.8
0.0,74.0,6596.0,3,4,2.0,1,3.0,1.0,3,11.703579620081992,2.0,0.0,1.25
0.0,100.0,5895.0,2,2,1.0,0,3.0,0.0,4,10.315343042261606,1.0,2.0,0.27
0.0,61.0,18182.0,3,3,1.0,1,3.0,2.0,5,10.334704847328963,1.0,3.0,5.5
0.0,96.0,4271.0,3,3,3.0,0,3.0,2.0,4,19.438662025225774,2.0,1.0,0.85
0.0,37.0,7726.0,2,2,2.0,0,3.0,2.0,4,8.807024823365314,2.0,0.0,1.07
0.0,69.0,10894.0,1,1,1.0,0,3.0,2.0,4,12.360901540268934,1.0,0.0,0.95
0.0,11.0,11853.0,2,3,3.0,1,3.0,0.0,4,10.594295381059624,2.0,1.0,0.87
0.0,11.0,23402.0,4,5,3.0,1,1.0,1.0,4,10.594295381059624,2.0,3.0,4.1
0.0,37.0,9183.0,2,2,4.0,0,3.0,2.0,4,8.807024823365314,1.0,2.0,1.27
0.0,64.0,12783.0,2,2,2.0,0,3.0,2.0,4,9.325542058746992,1.0,2.0,1.47
0.0,68.0,15682.0,3,4,3.0,1,3.0,0.0,4,11.333973268769041,2.0,2.0,3.45
0.0,23.0,7540.0,2,2,3.0,0,2.0,2.0,4,5.5611513518299125,2.0,2.0,1.18
0.0,23.0,8073.0,3,4,4.0,1,2.0,2.0,4,5.5611513518299125,2.0,2.0,1.55
0.0,69.0,14377.0,3,4,3.0,1,3.0,0.0,4,12.360901540268934,1.0,0.0,3.39
0.0,89.0,9222.0,3,3,4.0,1,3.0,2.0,5,17.99082227512503,0.0,0.0,1.54
0.0,5.0,8606.0,3,3,3.0,1,3.0,2.0,4,11.688077620313686,2.0,2.0,1.42
0.0,35.0,10000.0,3,3,2.0,0,2.0,2.0,4,4.789822511420023,1.0,1.0,1.3
0.0,31.0,14516.0,3,3,2.0,1,2.0,2.0,4,2.3586610749369834,2.0,0.0,2.25
0.0,69.0,14583.0,3,4,3.0,1,3.0,0.0,4,12.360901540268934,0.0,0.0,3.5
0.0,25.0,19200.0,4,6,4.0,1,1.0,1.0,4,2.6223407766988527,1.0,2.0,4.8
0.0,96.0,8050.0,2,2,2.0,0,1.0,0.0,4,19.438662025225774,2.0,1.0,0.78
0.0,93.0,4889.0,3,3,2.0,0,2.0,0.0,4,23.318928458993227,1.0,1.0,0.88
0.0,5.0,10008.0,3,3,3.0,1,3.0,2.0,4,11.688077620313686,2.0,1.0,2.6
0.0,28.0,13765.0,4,4,3.0,1,2.0,2.0,4,1.0466229160276843,1.0,1.0,3.4
0.0,11.0,14478.0,3,4,2.0,0,1.0,2.0,4,10.594295381059624,2.0,2.0,2.9
0.0,11.0,4651.0,2,2,2.0,0,0.0,2.0,3,10.594295381059624,2.0,0.0,0.7
0.0,89.0,9740.0,3,3,4.0,0,3.0,2.0,5,17.99082227512503,0.0,0.0,1.5
0.0,1.0,9552.0,3,3,3.0,0,3.0,0.0,4,9.007287461251584,1.0,1.0,1.28
0.0,17.0,14800.0,3,3,4.0,0,4.0,2.0,4,7.296451285525138,1.0,1.0,2.51
0.0,27.0,18571.0,4,5,4.0,1,1.0,1.0,4,1.2216137419659363,1.0,2.0,6.5
0.0,81.0,8605.0,3,3,3.0,1,1.0,2.0,3,9.6830758001837,2.0,2.0,1.85
0.0,6.0,8522.0,4,6,3.0,1,3.0,2.0,4,9.988958745407531,1.0,2.0,2.45
0.0,88.0,6509.0,3,4,2.0,1,3.0,2.0,4,16.678635298845226,2.0,2.0,1.38
0.0,1.0,11028.0,4,4,4.0,1,1.0,0.0,4,9.007287461251584,0.0,0.0,5.9
0.0,85.0,6134.0,4,6,4.0,1,3.0,0.0,4,16.990726505283792,2.0,3.0,3.0
0.0,3.0,11427.0,4,4,4.0,0,0.0,1.0,4,20.301911733169813,1.0,2.0,2.01
0.0,40.0,11939.0,4,4,4.0,0,2.0,1.0,4,8.133708813675211,1.0,2.0,2.1
0.0,27.0,13281.0,3,4,4.0,1,2.0,0.0,5,1.2216137419659363,2.0,2.0,4.25
0.0,50.0,12319.0,3,4,3.0,0,3.0,0.0,4,9.85228261520027,1.0,2.0,2.55
0.0,54.0,8511.0,4,3,3.0,1,0.0,1.0,4,6.491042593237041,2.0,2.0,2.0
0.0,52.0,12810.0,3,4,4.0,1,2.0,0.0,4,9.072597202187925,0.0,2.0,3.25
0.0,0.0,7824.0,3,3,3.0,0,1.0,2.0,4,8.28225319142505,1.0,1.0,1.6
0.0,23.0,7825.0,3,4,4.0,1,0.0,2.0,4,5.5611513518299125,2.0,2.0,1.5
0.0,11.0,14940.0,3,3,2.0,1,1.0,2.0,4,10.594295381059624,2.0,0.0,3.75
0.0,23.0,6709.0,2,2,3.0,0,2.0,0.0,4,5.5611513518299125,2.0,2.0,0.95
0.0,21.0,10769.0,4,3,3.0,0,2.0,0.0,4,21.179774847722413,2.0,2.0,1.4
0.0,89.0,8087.0,3,4,4.0,0,3.0,2.0,5,17.99082227512503,0.0,0.0,1.56
0.0,5.0,8182.0,3,3,3.0,1,3.0,2.0,4,11.688077620313686,2.0,2.0,1.35
0.0,5.0,10378.0,2,2,2.0,0,1.0,0.0,4,11.688077620313686,1.0,0.0,1.4
0.0,31.0,13697.0,3,3,2.0,1,2.0,2.0,4,2.3586610749369834,0.0,0.0,2.26
0.0,37.0,8043.0,2,2,2.0,0,1.0,2.0,4,8.807024823365314,1.0,1.0,1.2
0.0,39.0,10000.0,4,4,3.0,1,1.0,2.0,4,11.022736662002515,0.0,1.0,2.08
0.0,88.0,7267.0,3,4,3.0,1,3.0,2.0,4,16.678635298845226,1.0,2.0,1.75
0.0,69.0,11832.0,3,3,3.0,1,3.0,0.0,4,12.360901540268934,1.0,2.0,2.99
0.0,65.0,14257.0,2,2,2.0,1,1.0,2.0,4,9.6830758001837,1.0,3.0,2.1
0.0,69.0,11904.0,3,3,4.0,1,3.0,0.0,4,12.360901540268934,0.0,0.0,2.87
0.0,31.0,13225.0,3,3,2.0,1,2.0,2.0,4,2.3586610749369834,2.0,0.0,2.35
0.0,67.0,14242.0,3,3,3.0,1,3.0,2.0,4,10.356984533706918,0.0,1.0,2.35
0.0,6.0,5682.0,3,4,4.0,1,3.0,0.0,4,9.988958745407531,1.0,2.0,1.9
0.0,88.0,4881.0,3,3,2.0,0,0.0,2.0,3,16.678635298845226,1.0,2.0,0.72
0.0,2.0,4260.0,3,2,4.0,0,0.0,2.0,4,24.68171523417974,1.0,2.0,0.65
0.0,84.0,11185.0,3,4,4.0,1,3.0,1.0,4,18.239734168866327,0.0,0.0,2.34
0.0,17.0,15576.0,4,5,4.0,0,1.0,0.0,4,7.296451285525138,2.0,3.0,2.57
0.0,39.0,7805.0,3,3,4.0,0,3.0,2.0,4,11.022736662002515,1.0,2.0,1.71
0.0,14.0,9896.0,5,5,3.0,1,3.0,2.0,4,7.02583253588824,2.0,2.0,3.79
0.0,58.0,7885.0,4,4,4.0,0,2.0,0.0,4,7.763932572686242,2.0,2.0,2.05
0.0,67.0,17456.0,3,3,3.0,1,3.0,0.0,5,10.356984533706918,2.0,0.0,5.2
0.0,68.0,17778.0,3,3,3.0,1,3.0,0.0,4,11.333973268769041,2.0,0.0,3.2
0.0,35.0,7271.0,2,2,1.0,0,2.0,2.0,4,4.789822511420023,1.0,2.0,0.69
0.0,16.0,13383.0,3,3,2.0,1,3.0,0.0,4,7.403877093236538,0.0,0.0,3.75
0.0,16.0,12310.0,3,4,4.0,1,3.0,0.0,4,7.403877093236538,0.0,0.0,3.65
0.0,16.0,11585.0,4,5,4.0,1,3.0,0.0,4,7.403877093236538,0.0,2.0,5.49
0.0,87.0,5012.0,4,4,4.0,0,1.0,2.0,3,15.606419725807001,2.0,2.0,1.05
0.0,11.0,13267.0,3,4,2.0,0,1.0,2.0,4,10.594295381059624,2.0,0.0,3.35
0.0,48.0,11505.0,3,3,4.0,1,0.0,0.0,4,8.70926629658096,2.0,2.0,2.4
0.0,58.0,7600.0,3,3,4.0,1,0.0,0.0,4,7.763932572686242,2.0,2.0,1.71
0.0,9.0,15385.0,5,6,4.0,0,4.0,0.0,4,9.080697225898227,2.0,2.0,6.3
0.0,12.0,9491.0,3,3,2.0,1,0.0,0.0,3,8.234325662834179,2.0,2.0,2.2
0.0,14.0,9559.0,4,4,3.0,1,3.0,2.0,4,7.02583253588824,2.0,0.0,3.25
0.0,49.0,28266.0,4,5,4.0,1,3.0,2.0,5,10.520480675103999,2.0,1.0,11.25
0.0,37.0,13750.0,3,3,3.0,1,1.0,2.0,4,8.807024823365314,2.0,1.0,3.3
0.0,23.0,7869.0,3,4,4.0,1,0.0,0.0,4,5.5611513518299125,2.0,2.0,1.51
0.0,5.0,13490.0,3,3,3.0,1,3.0,0.0,4,11.688077620313686,2.0,2.0,1.38
0.0,68.0,18400.0,3,3,3.0,1,3.0,0.0,4,11.333973268769041,2.0,0.0,4.6
0.0,5.0,8485.0,3,3,3.0,1,3.0,2.0,4,11.688077620313686,1.0,2.0,1.4
0.0,67.0,17722.0,4,4,3.0,1,3.0,0.0,4,10.356984533706918,2.0,2.0,3.5
0.0,85.0,5531.0,3,4,2.0,1,1.0,2.0,3,16.990726505283792,2.0,0.0,0.99
0.0,67.0,16061.0,3,3,3.0,1,3.0,2.0,4,10.356984533706918,1.0,2.0,2.65
0.0,46.0,12346.0,3,3,2.0,1,1.0,0.0,3,5.944334649147922,1.0,1.0,2.4
0.0,12.0,7674.0,3,3,4.0,1,3.0,0.0,4,8.234325662834179,1.0,0.0,1.65
0.0,93.0,6921.0,4,3,3.0,1,2.0,2.0,4,23.318928458993227,1.0,1.0,1.25
0.0,65.0,14870.0,3,3,3.0,1,1.0,0.0,4,9.6830758001837,1.0,0.0,4.0
0.0,86.0,9474.0,3,3,3.0,1,3.0,0.0,4,15.577472593050006,2.0,2.0,1.8
0.0,95.0,11118.0,4,3,4.0,1,3.0,2.0,4,19.432123901520796,2.0,2.0,1.75
0.0,67.0,14242.0,3,3,2.0,1,3.0,2.0,4,10.356984533706918,0.0,2.0,2.35
0.0,65.0,16486.0,4,5,4.0,1,3.0,0.0,4,9.6830758001837,0.0,2.0,7.15
0.0,79.0,8410.0,4,3,3.0,1,3.0,2.0,4,16.16370147099269,2.0,2.0,1.64
0.0,67.0,16970.0,3,3,2.0,1,3.0,2.0,4,10.356984533706918,2.0,2.0,2.8
0.0,56.0,21361.0,4,6,4.0,1,0.0,0.0,4,6.238294193827314,2.0,0.0,6.75
0.0,69.0,14583.0,3,4,3.0,1,3.0,0.0,4,12.360901540268934,0.0,0.0,3.5
0.0,67.0,26791.0,3,3,3.0,1,1.0,2.0,4,10.356984533706918,2.0,2.0,4.6
0.0,77.0,12500.0,3,3,3.0,0,3.0,2.0,4,12.066951512075823,0.0,2.0,2.25
0.0,85.0,10516.0,3,3,4.0,1,3.0,1.0,4,16.990726505283792,0.0,0.0,2.2
0.0,85.0,10936.0,4,4,4.0,1,1.0,1.0,4,16.990726505283792,0.0,1.0,2.85
0.0,94.0,7946.0,4,4,4.0,0,3.0,0.0,4,17.784613471274927,2.0,2.0,1.76
0.0,9.0,7220.0,2,2,4.0,0,1.0,0.0,4,9.080697225898227,1.0,1.0,1.0
0.0,64.0,12627.0,4,4,3.0,1,0.0,0.0,4,9.325542058746992,2.0,2.0,3.6
0.0,88.0,7392.0,3,4,4.0,0,1.0,2.0,4,16.678635298845226,2.0,2.0,1.78
0.0,74.0,6049.0,3,3,3.0,0,0.0,2.0,3,11.703579620081992,1.0,1.0,0.98
0.0,63.0,12818.0,3,3,3.0,1,3.0,0.0,5,10.710917975741815,0.0,1.0,2.82
0.0,75.0,16050.0,3,4,4.0,1,3.0,0.0,4,10.518733742236972,0.0,0.0,3.21
0.0,17.0,18500.0,3,2,2.0,0,3.0,0.0,4,7.296451285525138,0.0,2.0,1.9
0.0,94.0,5504.0,3,3,2.0,0,3.0,2.0,4,17.784613471274927,2.0,0.0,1.19
0.0,84.0,7542.0,3,3,4.0,0,0.0,0.0,5,18.239734168866327,2.0,2.0,1.35
0.0,71.0,9000.0,4,5,4.0,1,3.0,2.0,4,12.058742283544236,0.0,2.0,1.8
0.0,6.0,7542.0,3,3,4.0,0,3.0,0.0,4,9.988958745407531,0.0,2.0,1.35
0.0,12.0,6680.0,3,3,4.0,1,3.0,2.0,4,8.234325662834179,0.0,2.0,1.7
0.0,85.0,6598.0,4,5,4.0,1,3.0,2.0,4,16.990726505283792,2.0,2.0,1.6
0.0,63.0,13125.0,3,4,4.0,1,0.0,0.0,5,10.710917975741815,2.0,2.0,2.65
0.0,88.0,5788.0,2,2,2.0,0,3.0,2.0,3,16.678635298845226,0.0,2.0,0.5499
0.0,5.0,13685.0,3,3,3.0,1,3.0,2.0,4,11.688077620313686,2.0,2.0,1.4
0.0,23.0,8051.0,2,2,3.0,0,0.0,2.0,4,5.5611513518299125,2.0,2.0,1.26
0.0,10.0,6142.0,4,5,4.0,1,3.0,2.0,4,11.184849992510118,2.0,2.0,1.7
0.0,25.0,28101.0,3,3,4.0,0,1.0,1.0,4,2.6223407766988527,2.0,1.0,4.1
0.0,6.0,8080.0,2,2,3.0,0,3.0,0.0,4,9.988958745407531,0.0,2.0,1.01
0.0,99.0,7261.0,3,5,3.0,1,3.0,0.0,3,12.749467120010372,1.0,0.0,1.45
0.0,49.0,8377.0,3,3,4.0,0,2.0,0.0,4,10.520480675103999,1.0,2.0,1.6
0.0,68.0,14950.0,3,3,3.0,1,3.0,0.0,4,11.333973268769041,1.0,2.0,2.99
0.0,5.0,9784.0,3,4,4.0,1,3.0,2.0,4,11.688077620313686,0.0,0.0,1.9
0.0,67.0,12545.0,3,3,3.0,1,3.0,0.0,4,10.356984533706918,2.0,2.0,1.75
0.0,94.0,7151.0,3,3,4.0,0,3.0,2.0,4,17.784613471274927,2.0,2.0,1.3
0.0,69.0,12236.0,3,3,3.0,1,3.0,0.0,4,12.360901540268934,0.0,2.0,2.95
0.0,69.0,14419.0,3,4,3.0,1,3.0,0.0,4,12.360901540268934,0.0,0.0,3.4
0.0,69.0,14080.0,3,4,3.0,1,1.0,0.0,4,12.360901540268934,0.0,2.0,3.32
0.0,23.0,6714.0,2,2,3.0,0,0.0,0.0,4,5.5611513518299125,2.0,1.0,0.95
0.0,77.0,13790.0,2,2,4.0,0,3.0,2.0,4,12.066951512075823,0.0,0.0,1.55
0.0,77.0,10815.0,2,2,4.0,0,3.0,2.0,4,12.066951512075823,0.0,0.0,1.54
0.0,77.0,12141.0,3,3,4.0,0,3.0,2.0,4,12.066951512075823,0.0,3.0,2.45
0.0,7.0,15160.0,3,4,4.0,1,3.0,2.0,4,9.444756665310383,2.0,2.0,2.6
0.0,88.0,7609.0,3,4,3.0,0,3.0,2.0,4,16.678635298845226,1.0,2.0,1.83
0.0,88.0,6663.0,2,2,3.0,0,3.0,2.0,4,16.678635298845226,1.0,2.0,1.09
0.0,88.0,7779.0,3,4,3.0,0,3.0,2.0,4,16.678635298845226,1.0,2.0,1.87
0.0,88.0,6162.0,2,2,4.0,0,3.0,2.0,4,16.678635298845226,0.0,2.0,1.05
0.0,88.0,7350.0,3,4,4.0,0,1.0,2.0,4,16.678635298845226,2.0,2.0,1.77
0.0,77.0,10902.0,3,3,3.0,0,1.0,0.0,4,12.066951512075823,1.0,0.0,2.2
0.0,23.0,8163.0,1,1,1.0,0,0.0,0.0,4,5.5611513518299125,2.0,2.0,0.6
0.0,48.0,6000.0,4,4,4.0,0,0.0,0.0,4,8.70926629658096,2.0,2.0,1.8
0.0,2.0,4194.0,3,2,4.0,0,2.0,2.0,4,24.68171523417974,1.0,2.0,0.64
0.0,2.0,3308.0,3,3,4.0,1,0.0,2.0,4,24.68171523417974,1.0,2.0,0.75
0.0,67.0,15906.0,3,3,3.0,1,3.0,0.0,5,10.356984533706918,2.0,2.0,4.95
0.0,16.0,11294.0,3,5,2.0,1,3.0,2.0,4,7.403877093236538,2.0,0.0,4.25
0.0,16.0,11205.0,4,6,4.0,1,3.0,2.0,4,7.403877093236538,2.0,0.0,5.31
0.0,5.0,8485.0,3,3,3.0,1,3.0,2.0,4,11.688077620313686,1.0,2.0,1.4
0.0,16.0,11471.0,2,3,2.0,1,3.0,2.0,4,7.403877093236538,0.0,2.0,2.8
0.0,14.0,10567.0,5,5,2.0,1,3.0,2.0,4,7.02583253588824,0.0,2.0,4.1
0.0,14.0,10000.0,4,5,3.0,1,3.0,2.0,4,7.02583253588824,0.0,2.0,3.4
0.0,63.0,12788.0,3,3,3.0,1,3.0,0.0,5,10.710917975741815,0.0,2.0,3.05
0.0,75.0,13077.0,4,4,4.0,1,3.0,0.0,4,10.518733742236972,0.0,1.0,4.25
0.0,85.0,6988.0,3,3,4.0,1,3.0,0.0,4,16.990726505283792,0.0,1.0,1.16
0.0,53.0,6826.0,5,6,4.0,1,0.0,0.0,4,7.639579072821835,0.0,0.0,3.55
0.0,5.0,9529.0,3,4,3.0,1,3.0,2.0,4,11.688077620313686,1.0,0.0,1.8
0.0,5.0,15514.0,3,3,4.0,0,3.0,2.0,4,11.688077620313686,1.0,1.0,1.75
0.0,5.0,14563.0,2,2,3.0,0,3.0,2.0,4,11.688077620313686,1.0,1.0,1.2
0.0,5.0,9212.0,3,3,3.0,1,3.0,0.0,4,11.688077620313686,2.0,2.0,1.52
0.0,58.0,6889.0,3,3,4.0,1,0.0,0.0,4,7.763932572686242,2.0,2.0,1.55
0.0,84.0,11412.0,3,3,4.0,1,3.0,1.0,4,18.239734168866327,1.0,0.0,2.4
0.0,84.0,11175.0,3,3,4.0,1,3.0,1.0,4,18.239734168866327,1.0,0.0,2.35
0.0,84.0,10842.0,3,3,4.0,1,3.0,1.0,4,18.239734168866327,1.0,0.0,2.28
0.0,87.0,4857.0,3,3,2.0,0,3.0,2.0,3,15.606419725807001,2.0,2.0,1.1
0.0,84.0,10937.0,3,3,4.0,1,3.0,1.0,4,18.239734168866327,1.0,0.0,2.3
0.0,10.0,5718.0,3,4,4.0,1,3.0,0.0,4,11.184849992510118,2.0,2.0,1.35
0.0,7.0,10000.0,3,4,4.0,1,3.0,0.0,4,9.444756665310383,1.0,0.0,2.45
0.0,10.0,5867.0,2,2,3.0,0,3.0,0.0,4,11.184849992510118,2.0,2.0,0.9
0.0,67.0,14177.0,4,4,3.0,1,3.0,0.0,4,10.356984533706918,2.0,1.0,2.8
0.0,52.0,10174.0,3,3,2.0,0,3.0,0.0,4,9.072597202187925,2.0,2.0,1.4
0.0,23.0,7645.0,3,3,4.0,0,0.0,2.0,4,5.5611513518299125,2.0,2.0,1.36
0.0,23.0,6961.0,2,2,3.0,0,0.0,2.0,4,5.5611513518299125,2.0,1.0,0.985
0.0,23.0,8633.0,1,1,2.0,0,0.0,2.0,4,5.5611513518299125,2.0,2.0,0.562
0.0,87.0,7586.0,4,4,3.0,1,3.0,2.0,4,15.606419725807001,1.0,2.0,2.2
0.0,2.0,4528.0,3,3,4.0,1,0.0,2.0,4,24.68171523417974,1.0,2.0,1.2
0.0,6.0,8581.0,3,3,4.0,0,3.0,2.0,4,9.988958745407531,0.0,2.0,1.33
0.0,39.0,5513.0,2,3,4.0,0,1.0,2.0,4,11.022736662002515,1.0,2.0,0.87
0.0,88.0,6667.0,2,2,3.0,0,3.0,2.0,4,16.678635298845226,0.0,2.0,1.09
0.0,68.0,15385.0,3,3,2.0,1,3.0,2.0,4,11.333973268769041,2.0,0.0,3.0
0.0,86.0,9211.0,3,3,4.0,1,3.0,2.0,4,15.577472593050006,2.0,0.0,1.75
0.0,86.0,9211.0,3,3,3.0,1,3.0,0.0,4,15.577472593050006,2.0,2.0,1.75
0.0,63.0,13571.0,4,5,3.0,1,0.0,0.0,5,10.710917975741815,2.0,0.0,3.8
0.0,84.0,11686.0,4,5,4.0,1,3.0,1.0,4,18.239734168866327,0.0,2.0,3.5
0.0,94.0,8036.0,4,4,4.0,0,3.0,2.0,4,17.784613471274927,2.0,2.0,1.78
0.0,88.0,6585.0,2,2,3.0,1,1.0,0.0,4,16.678635298845226,0.0,2.0,1.08
0.0,88.0,7229.0,4,4,4.0,0,3.0,2.0,4,16.678635298845226,1.0,2.0,2.03
0.0,88.0,6452.0,2,2,3.0,0,3.0,2.0,4,16.678635298845226,1.0,2.0,1.12
0.0,88.0,6579.0,4,5,4.0,1,3.0,2.0,4,16.678635298845226,2.0,1.0,2.0
0.0,88.0,5974.0,2,3,4.0,0,3.0,2.0,4,16.678635298845226,2.0,2.0,1.04
0.0,88.0,5896.0,3,4,2.0,1,3.0,0.0,4,16.678635298845226,0.0,2.0,1.25
0.0,63.0,15185.0,2,3,2.0,0,3.0,0.0,5,10.710917975741815,0.0,1.0,2.05
0.0,75.0,12152.0,4,5,4.0,1,3.0,0.0,4,10.518733742236972,0.0,0.0,3.19
0.0,75.0,13253.0,4,5,4.0,1,3.0,0.0,4,10.518733742236972,0.0,0.0,3.85
0.0,75.0,12190.0,4,4,4.0,1,0.0,0.0,4,10.518733742236972,0.0,2.0,3.2
0.0,87.0,4370.0,3,3,3.0,0,3.0,2.0,3,15.606419725807001,2.0,2.0,0.885
0.0,87.0,4356.0,2,2,2.0,0,3.0,2.0,3,15.606419725807001,2.0,0.0,0.49
0.0,73.0,8462.0,3,4,3.0,1,3.0,2.0,4,12.87125291025613,2.0,0.0,1.65
0.0,84.0,8835.0,3,4,4.0,1,3.0,2.0,5,18.239734168866327,2.0,2.0,2.35
0.0,84.0,7735.0,3,3,4.0,0,3.0,2.0,5,18.239734168866327,2.0,2.0,1.4
0.0,85.0,5419.0,3,4,2.0,1,3.0,2.0,3,16.990726505283792,2.0,0.0,0.97
0.0,52.0,11358.0,3,3,3.0,0,0.0,0.0,4,9.072597202187925,1.0,2.0,2.35
0.0,69.0,12600.0,4,5,4.0,1,0.0,0.0,4,12.360901540268934,0.0,0.0,3.32
0.0,86.0,6313.0,3,3,2.0,1,0.0,2.0,4,15.577472593050006,2.0,0.0,1.25
0.0,69.0,13679.0,3,3,3.0,1,0.0,1.0,4,12.360901540268934,1.0,2.0,2.8
0.0,67.0,19748.0,3,3,4.0,1,3.0,0.0,4,10.356984533706918,1.0,2.0,4.7
0.0,5.0,7879.0,3,3,3.0,1,3.0,2.0,4,11.688077620313686,2.0,2.0,1.3
0.0,80.0,5004.0,2,2,1.0,0,0.0,2.0,4,17.849176868198043,2.0,2.0,0.62
0.0,80.0,4837.0,3,2,2.0,0,0.0,2.0,4,17.849176868198043,2.0,2.0,0.8
0.0,86.0,9105.0,3,3,3.0,1,3.0,0.0,4,15.577472593050006,0.0,2.0,1.73
0.0,84.0,10595.0,4,4,4.0,1,3.0,0.0,4,18.239734168866327,1.0,2.0,4.45
0.0,84.0,8647.0,3,4,4.0,1,3.0,0.0,5,18.239734168866327,1.0,2.0,2.3
0.0,84.0,10461.0,3,3,4.0,1,3.0,1.0,4,18.239734168866327,1.0,2.0,2.2
0.0,84.0,10081.0,3,3,4.0,1,3.0,1.0,4,18.239734168866327,1.0,2.0,2.12
0.0,84.0,10699.0,3,3,4.0,1,3.0,1.0,4,18.239734168866327,1.0,0.0,2.25
0.0,96.0,8172.0,4,4,4.0,1,3.0,2.0,5,19.438662025225774,1.0,2.0,1.9
0.0,84.0,12571.0,4,4,4.0,1,1.0,1.0,4,18.239734168866327,1.0,2.0,4.4
0.0,56.0,7609.0,4,3,4.0,0,2.0,0.0,4,6.238294193827314,1.0,2.0,1.75
0.0,73.0,11915.0,3,4,3.0,1,3.0,2.0,4,12.87125291025613,1.0,0.0,2.8
0.0,25.0,14984.0,3,5,4.0,1,1.0,2.0,4,2.6223407766988527,0.0,2.0,4.63
0.0,70.0,8759.0,2,2,3.0,0,3.0,2.0,4,12.476058817032778,2.0,0.0,1.32
0.0,74.0,6655.0,3,3,3.0,1,0.0,0.0,3,11.703579620081992,2.0,2.0,1.16
0.0,10.0,5521.0,2,2,2.0,0,3.0,2.0,4,11.184849992510118,1.0,1.0,0.27
0.0,10.0,5675.0,2,2,2.0,0,3.0,2.0,4,11.184849992510118,1.0,2.0,0.2775
0.0,79.0,8840.0,3,3,3.0,1,1.0,0.0,4,16.16370147099269,1.0,1.0,1.79
0.0,79.0,7949.0,4,4,4.0,1,3.0,1.0,4,16.16370147099269,1.0,1.0,1.55
0.0,89.0,8035.0,3,3,4.0,0,3.0,1.0,5,17.99082227512503,0.0,0.0,1.55
0.0,17.0,16750.0,3,4,4.0,1,1.0,2.0,4,7.296451285525138,0.0,0.0,3.35
0.0,68.0,16471.0,3,4,3.0,1,3.0,2.0,4,11.333973268769041,2.0,2.0,3.5
0.0,55.0,16580.0,3,4,4.0,1,3.0,0.0,3,5.956010036535056,0.0,2.0,4.8
0.0,56.0,8108.0,3,3,4.0,0,0.0,0.0,4,6.238294193827314,2.0,2.0,1.5
0.0,17.0,10335.0,3,4,4.0,1,3.0,2.0,4,7.296451285525138,0.0,2.0,2.78
0.0,14.0,9267.0,4,4,4.0,1,3.0,2.0,4,7.02583253588824,0.0,1.0,2.25
0.0,73.0,11860.0,3,3,3.0,1,1.0,0.0,4,12.87125291025613,0.0,0.0,2.55
0.0,86.0,7812.0,4,4,3.0,1,0.0,2.0,4,15.577472593050006,2.0,0.0,1.25
0.0,86.0,8947.0,2,2,2.0,0,0.0,0.0,4,15.577472593050006,2.0,0.0,0.85
0.0,1.0,9052.0,4,5,4.0,1,1.0,2.0,4,9.007287461251584,1.0,1.0,5.25
0.0,81.0,9623.0,2,4,2.0,0,3.0,2.0,4,9.6830758001837,1.0,2.0,1.3
0.0,96.0,7143.0,3,2,2.0,0,1.0,2.0,4,19.438662025225774,2.0,2.0,0.75
0.0,69.0,13529.0,3,4,4.0,1,3.0,0.0,4,12.360901540268934,2.0,0.0,3.65
0.0,94.0,5684.0,4,4,4.0,0,0.0,2.0,4,17.784613471274927,2.0,2.0,1.65
0.0,94.0,6477.0,3,3,4.0,1,3.0,2.0,4,17.784613471274927,2.0,0.0,1.25
0.0,94.0,4865.0,4,4,4.0,1,0.0,2.0,4,17.784613471274927,1.0,2.0,1.42
0.0,94.0,5498.0,3,3,4.0,0,3.0,2.0,4,17.784613471274927,2.0,1.0,1.27
0.0,94.0,7449.0,4,4,4.0,0,3.0,2.0,4,17.784613471274927,2.0,2.0,1.65
0.0,94.0,7066.0,3,3,4.0,0,3.0,2.0,4,17.784613471274927,2.0,2.0,1.24
0.0,52.0,9982.0,3,3,4.0,1,0.0,2.0,4,9.072597202187925,2.0,2.0,2.7
0.0,39.0,9037.0,3,3,4.0,0,1.0,0.0,4,11.022736662002515,1.0,0.0,1.98
0.0,16.0,13889.0,2,2,3.0,0,3.0,0.0,4,7.403877093236538,0.0,2.0,2.5
0.0,67.0,13879.0,3,4,4.0,1,3.0,1.0,4,10.356984533706918,0.0,1.0,2.29
0.0,69.0,14558.0,3,3,3.0,0,3.0,0.0,4,12.360901540268934,1.0,1.0,2.98
0.0,86.0,12329.0,3,3,3.0,1,3.0,2.0,4,15.577472593050006,1.0,2.0,1.35
0.0,58.0,9133.0,3,3,4.0,0,2.0,2.0,4,7.763932572686242,0.0,1.0,1.37
0.0,58.0,7750.0,3,3,4.0,1,2.0,2.0,4,7.763932572686242,0.0,2.0,1.55
0.0,27.0,13281.0,3,4,4.0,1,2.0,0.0,5,1.2216137419659363,2.0,2.0,4.25
0.0,85.0,6819.0,3,3,3.0,0,3.0,0.0,4,16.990726505283792,0.0,2.0,1.28
0.0,5.0,17287.0,3,3,3.0,0,1.0,2.0,4,11.688077620313686,2.0,0.0,1.95
0.0,84.0,8835.0,3,4,4.0,1,3.0,0.0,5,18.239734168866327,2.0,2.0,2.35
0.0,67.0,18519.0,3,3,4.0,1,3.0,0.0,5,10.356984533706918,0.0,3.0,5.0
0.0,39.0,5500.0,3,3,1.0,1,1.0,2.0,4,11.022736662002515,1.0,2.0,0.99
0.0,94.0,7151.0,4,4,4.0,1,3.0,2.0,4,17.784613471274927,0.0,0.0,1.95
0.0,84.0,12222.0,4,5,4.0,1,3.0,0.0,5,18.239734168866327,0.0,2.0,3.3
0.0,69.0,13930.0,4,4,4.0,1,3.0,0.0,4,12.360901540268934,0.0,1.0,4.75
0.0,77.0,12500.0,2,2,3.0,0,3.0,2.0,4,12.066951512075823,0.0,0.0,1.5
0.0,94.0,6514.0,4,4,4.0,1,0.0,0.0,4,17.784613471274927,2.0,0.0,1.54
0.0,89.0,6580.0,3,4,3.0,1,3.0,2.0,4,17.99082227512503,2.0,0.0,1.27
0.0,94.0,6709.0,3,3,3.0,0,3.0,0.0,4,17.784613471274927,2.0,0.0,1.17
0.0,85.0,13846.0,3,3,4.0,1,3.0,1.0,4,16.990726505283792,0.0,2.0,1.8
0.0,6.0,5878.0,2,2,3.0,0,1.0,2.0,4,9.988958745407531,0.0,2.0,0.8
0.0,49.0,9910.0,3,3,4.0,1,0.0,0.0,4,10.520480675103999,0.0,2.0,1.76
0.0,5.0,13875.0,3,4,4.0,1,3.0,2.0,4,11.688077620313686,2.0,0.0,2.22
0.0,31.0,12400.0,2,2,4.0,0,0.0,0.0,4,2.3586610749369834,0.0,0.0,1.24
0.0,81.0,7147.0,2,2,3.0,0,3.0,2.0,4,9.6830758001837,1.0,2.0,1.12
0.0,5.0,14074.0,3,4,3.0,1,3.0,2.0,4,11.688077620313686,2.0,0.0,1.9
0.0,31.0,11739.0,2,2,2.0,0,2.0,2.0,4,2.3586610749369834,2.0,0.0,1.35
0.0,12.0,10597.0,3,3,3.0,1,3.0,2.0,4,8.234325662834179,2.0,0.0,2.22
0.0,11.0,7015.0,2,3,3.0,1,3.0,2.0,4,10.594295381059624,2.0,2.0,0.9
0.0,12.0,8140.0,3,4,4.0,1,3.0,2.0,4,8.234325662834179,2.0,1.0,1.75
0.0,88.0,5825.0,2,2,2.0,0,3.0,0.0,4,16.678635298845226,0.0,2.0,0.6698999999999999
0.0,69.0,12110.0,3,3,4.0,1,0.0,0.0,4,12.360901540268934,0.0,0.0,2.95
0.0,64.0,14624.0,3,3,4.0,1,0.0,0.0,4,9.325542058746992,0.0,0.0,2.04
0.0,87.0,6523.0,4,4,3.0,1,3.0,2.0,4,15.606419725807001,1.0,0.0,2.24
0.0,91.0,8101.0,2,2,4.0,0,3.0,2.0,4,14.818928591501624,2.0,2.0,1.31
0.0,67.0,21014.0,3,3,3.0,0,3.0,0.0,4,10.356984533706918,2.0,2.0,1.7
0.0,86.0,7438.0,3,3,2.0,1,3.0,0.0,4,15.577472593050006,1.0,2.0,1.19
0.0,79.0,11667.0,3,3,4.0,1,3.0,2.0,4,16.16370147099269,2.0,0.0,1.75
0.0,86.0,6455.0,3,3,2.0,0,0.0,0.0,4,15.577472593050006,2.0,0.0,1.12
0.0,2.0,4023.0,3,3,4.0,1,0.0,2.0,4,24.68171523417974,1.0,2.0,0.92
0.0,2.0,3935.0,3,3,4.0,1,0.0,2.0,4,24.68171523417974,1.0,2.0,0.9
0.0,7.0,9388.0,3,4,4.0,1,0.0,2.0,4,9.444756665310383,2.0,2.0,2.3
0.0,7.0,9117.0,2,3,3.0,1,3.0,2.0,4,9.444756665310383,2.0,0.0,1.58
0.0,14.0,10954.0,5,5,4.0,1,3.0,2.0,4,7.02583253588824,2.0,2.0,4.25
0.0,96.0,11053.0,3,4,4.0,1,3.0,0.0,5,19.438662025225774,0.0,0.0,1.68
0.0,69.0,14537.0,4,4,4.0,1,3.0,0.0,4,12.360901540268934,0.0,0.0,4.55
0.0,69.0,12128.0,4,4,4.0,1,0.0,0.0,4,12.360901540268934,0.0,2.0,2.85
0.0,69.0,12145.0,3,4,4.0,1,0.0,0.0,4,12.360901540268934,0.0,0.0,2.35
0.0,84.0,10994.0,3,4,4.0,1,1.0,1.0,4,18.239734168866327,0.0,2.0,2.3
0.0,84.0,10762.0,3,4,4.0,1,1.0,1.0,4,18.239734168866327,0.0,0.0,2.26
0.0,25.0,15469.0,3,4,3.0,1,3.0,1.0,4,2.6223407766988527,2.0,2.0,4.78
0.0,73.0,8333.0,4,5,4.0,1,0.0,0.0,3,12.87125291025613,0.0,2.0,2.0
0.0,63.0,13393.0,4,4,3.0,1,3.0,0.0,5,10.710917975741815,1.0,0.0,3.75
0.0,25.0,20533.0,4,5,4.0,1,1.0,0.0,4,2.6223407766988527,1.0,2.0,6.16
0.0,67.0,24212.0,3,3,3.0,1,0.0,1.0,5,10.356984533706918,1.0,3.0,5.3
0.0,79.0,5589.0,2,2,2.0,0,3.0,0.0,4,16.16370147099269,2.0,2.0,0.75
0.0,81.0,8389.0,3,3,3.0,0,3.0,0.0,4,9.6830758001837,2.0,0.0,1.25
0.0,81.0,8475.0,3,4,4.0,1,3.0,2.0,4,9.6830758001837,2.0,2.0,2.0
0.0,81.0,8725.0,3,3,3.0,0,3.0,0.0,4,9.6830758001837,2.0,0.0,1.3
0.0,41.0,8750.0,3,4,3.0,1,2.0,1.0,4,6.907007586118708,1.0,2.0,1.75
0.0,41.0,6250.0,5,4,3.0,1,2.0,1.0,4,6.907007586118708,1.0,2.0,2.0
0.0,73.0,9128.0,3,3,4.0,1,3.0,2.0,4,12.87125291025613,1.0,2.0,1.78
0.0,87.0,7497.0,2,2,3.0,0,3.0,2.0,4,15.606419725807001,1.0,0.0,1.15
0.0,48.0,7857.0,3,3,3.0,0,2.0,0.0,4,8.70926629658096,2.0,1.0,1.65
0.0,96.0,6954.0,1,1,1.0,0,3.0,2.0,4,19.438662025225774,2.0,1.0,0.21
0.0,45.0,13750.0,3,4,4.0,1,0.0,0.0,4,4.4235297248137915,1.0,2.0,2.75
0.0,69.0,11574.0,4,4,4.0,1,3.0,0.0,4,12.360901540268934,0.0,1.0,2.72
0.0,48.0,11505.0,3,4,4.0,1,0.0,2.0,4,8.70926629658096,2.0,2.0,2.4
0.0,75.0,13726.0,3,3,3.0,1,0.0,2.0,4,10.518733742236972,1.0,2.0,4.1
0.0,74.0,6215.0,3,4,3.0,1,0.0,2.0,3,11.703579620081992,1.0,1.0,1.12
0.0,94.0,4815.0,2,2,3.0,0,0.0,0.0,4,17.784613471274927,2.0,2.0,0.65
0.0,1.0,7500.0,5,6,4.0,1,3.0,2.0,4,9.007287461251584,1.0,0.0,7.5
0.0,56.0,35484.0,4,5,4.0,1,3.0,2.0,3,6.238294193827314,1.0,2.0,11.0
0.0,94.0,7403.0,3,3,3.0,0,3.0,0.0,4,17.784613471274927,1.0,2.0,1.26
0.0,94.0,7223.0,4,4,4.0,0,0.0,2.0,4,17.784613471274927,1.0,2.0,1.8
0.0,67.0,17481.0,3,3,3.0,1,3.0,2.0,5,10.356984533706918,2.0,0.0,5.9
0.0,50.0,12170.0,4,4,4.0,1,0.0,2.0,4,9.85228261520027,2.0,2.0,2.9
0.0,89.0,8243.0,3,3,3.0,0,3.0,0.0,5,17.99082227512503,0.0,0.0,1.59
0.0,84.0,10366.0,3,3,4.0,1,3.0,1.0,4,18.239734168866327,2.0,2.0,2.21
0.0,86.0,7789.0,3,3,3.0,1,3.0,2.0,4,15.577472593050006,2.0,2.0,1.48
0.0,11.0,13351.0,2,3,3.0,0,3.0,2.0,4,10.594295381059624,2.0,2.0,0.98
0.0,5.0,14069.0,3,3,4.0,0,3.0,2.0,4,11.688077620313686,2.0,1.0,2.04
0.0,88.0,5859.0,4,5,4.0,1,1.0,0.0,4,16.678635298845226,1.0,2.0,1.5
0.0,88.0,5820.0,4,5,4.0,1,3.0,0.0,4,16.678635298845226,2.0,2.0,1.49
0.0,88.0,5660.0,3,4,2.0,1,3.0,2.0,4,16.678635298845226,1.0,2.0,1.2
0.0,94.0,6255.0,3,4,3.0,1,3.0,0.0,4,17.784613471274927,2.0,1.0,0.86
0.0,88.0,4532.0,4,4,3.0,0,0.0,0.0,3,16.678635298845226,1.0,2.0,0.895
0.0,98.0,10178.0,3,4,4.0,1,1.0,2.0,4,19.467363206073667,1.0,2.0,2.0
0.0,71.0,9204.0,4,4,2.0,0,3.0,0.0,4,12.058742283544236,0.0,0.0,1.85
0.0,7.0,15006.0,3,4,3.0,1,3.0,0.0,4,9.444756665310383,0.0,0.0,2.65
0.0,5.0,9091.0,3,3,3.0,0,3.0,0.0,4,11.688077620313686,0.0,2.0,1.5
0.0,12.0,10029.0,3,3,3.0,0,3.0,0.0,4,8.234325662834179,1.0,2.0,1.75
0.0,7.0,8516.0,2,2,2.0,0,3.0,2.0,4,9.444756665310383,2.0,2.0,1.32
0.0,86.0,6061.0,2,2,2.0,0,0.0,2.0,4,15.577472593050006,1.0,2.0,0.8
0.0,11.0,6826.0,3,2,4.0,1,3.0,0.0,4,10.594295381059624,0.0,0.0,1.2
0.0,65.0,14987.0,4,4,4.0,0,0.0,2.0,4,9.6830758001837,2.0,2.0,6.5
0.0,9.0,6648.0,3,4,4.0,1,3.0,2.0,4,9.080697225898227,1.0,0.0,1.17
0.0,9.0,6053.0,3,4,3.0,1,3.0,2.0,4,9.080697225898227,1.0,2.0,1.15
0.0,17.0,14091.0,3,3,4.0,1,1.0,2.0,4,7.296451285525138,2.0,2.0,2.48
0.0,58.0,9643.0,3,3,4.0,0,2.0,0.0,4,7.763932572686242,0.0,2.0,1.35
0.0,6.0,8679.0,2,2,3.0,0,3.0,0.0,4,9.988958745407531,0.0,2.0,1.15
0.0,11.0,14728.0,3,4,2.0,0,3.0,2.0,4,10.594295381059624,1.0,0.0,2.95
0.0,69.0,14419.0,3,4,3.0,1,3.0,0.0,4,12.360901540268934,0.0,0.0,3.4
0.0,69.0,13672.0,3,3,3.0,0,3.0,1.0,4,12.360901540268934,0.0,1.0,2.8
0.0,12.0,10263.0,3,4,3.0,1,3.0,2.0,4,8.234325662834179,2.0,2.0,2.15
0.0,5.0,10227.0,3,3,3.0,0,3.0,2.0,4,11.688077620313686,2.0,1.0,1.76
0.0,15.0,11695.0,4,5,4.0,1,3.0,2.0,4,6.211211068500834,2.0,2.0,3.45
0.0,14.0,9851.0,4,5,3.0,1,3.0,2.0,4,7.02583253588824,2.0,2.0,3.3
0.0,7.0,7642.0,3,4,4.0,1,3.0,2.0,4,9.444756665310383,2.0,0.0,1.75
0.0,7.0,8825.0,4,4,4.0,1,3.0,2.0,4,9.444756665310383,2.0,0.0,2.78
0.0,9.0,6030.0,4,6,4.0,1,3.0,2.0,4,9.080697225898227,0.0,0.0,1.42
0.0,5.0,10545.0,4,4,4.0,0,3.0,2.0,4,11.688077620313686,2.0,0.0,2.4
0.0,11.0,8204.0,4,5,4.0,0,3.0,2.0,4,10.594295381059624,2.0,2.0,2.28
0.0,11.0,13758.0,2,2,2.0,0,3.0,2.0,4,10.594295381059624,2.0,2.0,1.9
0.0,11.0,15685.0,3,3,3.0,0,3.0,2.0,4,10.594295381059624,2.0,0.0,3.25
0.0,12.0,6287.0,3,3,3.0,1,3.0,2.0,4,8.234325662834179,2.0,2.0,1.6
0.0,7.0,6846.0,4,5,4.0,0,3.0,2.0,4,9.444756665310383,2.0,3.0,4.45
0.0,10.0,6003.0,2,2,4.0,0,3.0,2.0,4,11.184849992510118,2.0,2.0,0.82
0.0,10.0,7752.0,3,2,2.0,0,3.0,2.0,4,11.184849992510118,1.0,2.0,0.5
0.0,10.0,8062.0,3,2,2.0,0,3.0,2.0,4,11.184849992510118,1.0,2.0,0.52
0.0,10.0,5726.0,2,2,2.0,0,3.0,2.0,4,11.184849992510118,1.0,2.0,0.28
0.0,10.0,5930.0,2,2,2.0,0,3.0,2.0,4,11.184849992510118,1.0,2.0,0.29
0.0,11.0,9238.0,2,2,3.0,1,3.0,2.0,4,10.594295381059624,0.0,2.0,0.97
0.0,10.0,5857.0,2,2,4.0,0,3.0,0.0,4,11.184849992510118,0.0,2.0,0.8
0.0,5.0,14174.0,3,3,3.0,1,3.0,2.0,4,11.688077620313686,0.0,2.0,1.45
0.0,99.0,7097.0,2,2,3.0,0,1.0,2.0,3,12.749467120010372,2.0,2.0,1.1
0.0,69.0,9434.0,2,2,2.0,0,3.0,2.0,4,12.360901540268934,2.0,2.0,1.4
0.0,71.0,8999.0,3,3,2.0,0,3.0,0.0,4,12.058742283544236,2.0,2.0,1.42
0.0,85.0,11452.0,4,5,4.0,1,3.0,1.0,4,16.990726505283792,0.0,2.0,2.95
0.0,16.0,10651.0,2,2,3.0,0,3.0,2.0,4,7.403877093236538,0.0,2.0,2.6
0.0,6.0,6243.0,3,3,4.0,0,1.0,2.0,4,9.988958745407531,2.0,2.0,1.1
0.0,10.0,5490.0,2,2,4.0,0,3.0,2.0,4,11.184849992510118,0.0,0.0,0.75
0.0,10.0,8922.0,3,3,4.0,0,3.0,0.0,4,11.184849992510118,0.0,2.0,1.3
0.0,10.0,6311.0,3,4,4.0,1,3.0,0.0,4,11.184849992510118,0.0,2.0,1.49
0.0,91.0,10162.0,2,2,3.0,0,3.0,0.0,4,14.818928591501624,0.0,0.0,1.19
0.0,91.0,7116.0,2,2,3.0,0,3.0,2.0,4,14.818928591501624,0.0,0.0,1.15
0.0,6.0,6656.0,3,4,4.0,1,3.0,2.0,4,9.988958745407531,0.0,1.0,0.995
0.0,86.0,6265.0,2,2,2.0,0,3.0,0.0,4,15.577472593050006,0.0,2.0,0.78
0.0,86.0,5808.0,3,3,2.0,1,3.0,0.0,4,15.577472593050006,0.0,2.0,1.15
0.0,11.0,4080.0,3,3,3.0,0,3.0,2.0,3,10.594295381059624,0.0,2.0,0.8
0.0,5.0,10237.0,3,4,4.0,1,3.0,0.0,4,11.688077620313686,2.0,0.0,2.2
0.0,56.0,8611.0,3,3,3.0,1,0.0,0.0,4,6.238294193827314,2.0,2.0,1.55
0.0,71.0,9823.0,3,3,2.0,0,3.0,0.0,4,12.058742283544236,0.0,1.0,1.55
0.0,71.0,6000.0,3,2,4.0,0,3.0,0.0,3,12.058742283544236,0.0,1.0,0.9
0.0,2.0,4308.0,3,3,4.0,1,0.0,2.0,3,24.68171523417974,1.0,2.0,0.9
0.0,3.0,3953.0,3,3,4.0,1,0.0,2.0,4,20.301911733169813,1.0,2.0,0.85
0.0,63.0,12484.0,3,3,3.0,1,3.0,0.0,5,10.710917975741815,0.0,2.0,3.0
0.0,63.0,15531.0,2,2,2.0,0,3.0,0.0,5,10.710917975741815,0.0,1.0,2.12
0.0,79.0,5763.0,3,3,3.0,0,3.0,2.0,4,16.16370147099269,1.0,2.0,1.05
0.0,88.0,6852.0,3,4,3.0,0,1.0,2.0,4,16.678635298845226,1.0,2.0,1.65
0.0,87.0,7641.0,3,3,3.0,1,3.0,0.0,4,15.606419725807001,1.0,0.0,1.5
0.0,69.0,14419.0,3,4,4.0,1,3.0,0.0,4,12.360901540268934,0.0,0.0,3.4
0.0,69.0,14843.0,3,4,4.0,1,3.0,0.0,4,12.360901540268934,0.0,0.0,3.5
0.0,69.0,12847.0,3,4,4.0,1,3.0,0.0,4,12.360901540268934,0.0,0.0,3.15
0.0,45.0,20388.0,4,4,3.0,1,2.0,2.0,4,4.4235297248137915,2.0,2.0,5.25
0.0,69.0,13581.0,3,3,4.0,0,3.0,0.0,4,12.360901540268934,0.0,2.0,2.78
0.0,96.0,4500.0,3,3,3.0,1,3.0,2.0,3,19.438662025225774,1.0,2.0,0.72
0.0,58.0,7750.0,3,3,4.0,1,0.0,0.0,4,7.763932572686242,1.0,2.0,1.55
0.0,45.0,12658.0,3,3,4.0,0,2.0,0.0,4,4.4235297248137915,0.0,2.0,1.5
0.0,69.0,16267.0,3,4,2.0,1,3.0,0.0,4,12.360901540268934,0.0,3.0,3.05
0.0,60.0,21577.0,3,4,2.0,1,3.0,0.0,5,8.951707106587179,0.0,2.0,3.83
0.0,77.0,13636.0,3,3,2.0,1,3.0,0.0,4,12.066951512075823,0.0,2.0,2.25
0.0,86.0,7179.0,4,4,3.0,1,3.0,2.0,4,15.577472593050006,1.0,2.0,1.4
0.0,16.0,13383.0,3,5,4.0,1,3.0,0.0,4,7.403877093236538,1.0,0.0,3.75
0.0,73.0,7642.0,3,3,3.0,1,3.0,2.0,4,12.87125291025613,1.0,2.0,1.51
0.0,49.0,11714.0,3,3,4.0,1,3.0,0.0,4,10.520480675103999,0.0,2.0,2.7
0.0,17.0,12444.0,4,4,4.0,1,3.0,0.0,4,7.296451285525138,0.0,0.0,3.35
0.0,71.0,10714.0,3,3,2.0,0,3.0,0.0,4,12.058742283544236,0.0,2.0,1.5
0.0,84.0,8271.0,3,4,4.0,1,3.0,0.0,5,18.239734168866327,0.0,2.0,2.2
0.0,85.0,11219.0,4,4,4.0,0,3.0,1.0,4,16.990726505283792,1.0,0.0,2.55
0.0,84.0,7525.0,2,2,2.0,0,3.0,0.0,3,18.239734168866327,1.0,2.0,0.45
0.0,86.0,6801.0,3,3,2.0,0,3.0,2.0,4,15.577472593050006,1.0,0.0,1.18
0.0,87.0,6693.0,2,2,3.0,0,3.0,0.0,4,15.606419725807001,1.0,2.0,0.85
0.0,87.0,7590.0,3,3,3.0,1,3.0,2.0,4,15.606419725807001,1.0,2.0,1.49
0.0,55.0,19174.0,4,5,4.0,1,3.0,0.0,3,5.956010036535056,0.0,2.0,6.5
0.0,96.0,5207.0,4,4,3.0,1,3.0,2.0,4,19.438662025225774,2.0,2.0,1.18
0.0,96.0,5253.0,3,3,3.0,0,3.0,0.0,4,19.438662025225774,2.0,2.0,0.8
0.0,86.0,8875.0,4,4,3.0,1,3.0,2.0,4,15.577472593050006,2.0,2.0,1.42
0.0,67.0,16667.0,3,3,3.0,1,3.0,0.0,5,10.356984533706918,0.0,1.0,5.0
0.0,89.0,8917.0,3,3,1.0,0,3.0,0.0,5,17.99082227512503,1.0,2.0,1.72
0.0,67.0,13929.0,3,3,4.0,0,1.0,1.0,4,10.356984533706918,2.0,1.0,1.95
0.0,86.0,5597.0,3,3,3.0,0,1.0,0.0,4,15.577472593050006,1.0,2.0,0.75
0.0,39.0,7850.0,3,3,4.0,1,3.0,2.0,4,11.022736662002515,1.0,2.0,1.72
0.0,5.0,7817.0,4,5,4.0,1,3.0,0.0,4,11.688077620313686,0.0,2.0,2.5
0.0,5.0,8395.0,3,4,4.0,1,3.0,0.0,4,11.688077620313686,0.0,2.0,1.7
0.0,52.0,8533.0,2,2,2.0,0,0.0,1.0,4,9.072597202187925,0.0,0.0,1.14
0.0,45.0,10037.0,3,3,3.0,0,2.0,0.0,5,4.4235297248137915,2.0,1.0,1.35
0.0,99.0,6049.0,2,2,1.0,0,3.0,2.0,3,12.749467120010372,2.0,2.0,0.271
0.0,89.0,5942.0,4,4,4.0,1,3.0,2.0,4,17.99082227512503,2.0,0.0,1.4
0.0,89.0,6477.0,3,4,4.0,1,3.0,2.0,4,17.99082227512503,2.0,1.0,1.25
0.0,88.0,10727.0,2,2,3.0,0,3.0,0.0,4,16.678635298845226,0.0,2.0,1.18
0.0,88.0,9565.0,2,2,3.0,0,3.0,2.0,4,16.678635298845226,0.0,2.0,1.1
0.0,10.0,6227.0,3,3,3.0,0,0.0,0.0,4,11.184849992510118,2.0,2.0,1.21
0.0,14.0,10147.0,4,4,3.0,1,0.0,0.0,4,7.02583253588824,2.0,2.0,3.45
0.0,5.0,10529.0,3,3,3.0,0,3.0,2.0,4,11.688077620313686,2.0,2.0,1.95
0.0,15.0,12373.0,4,5,4.0,1,0.0,0.0,4,6.211211068500834,2.0,0.0,3.65
0.0,31.0,11819.0,3,3,3.0,1,0.0,2.0,4,2.3586610749369834,2.0,2.0,2.3
0.0,68.0,15455.0,3,4,3.0,1,3.0,0.0,4,11.333973268769041,2.0,2.0,3.4
0.0,100.0,6529.0,3,3,4.0,0,3.0,2.0,4,10.315343042261606,0.0,2.0,1.14
0.0,100.0,6572.0,2,2,4.0,0,3.0,2.0,4,10.315343042261606,0.0,0.0,0.9575
0.0,17.0,15561.0,3,4,3.0,1,3.0,2.0,4,7.296451285525138,0.0,2.0,3.05
0.0,17.0,13352.0,3,4,3.0,1,3.0,2.0,4,7.296451285525138,0.0,2.0,2.35
0.0,99.0,6774.0,2,2,3.0,0,3.0,2.0,3,12.749467120010372,1.0,1.0,1.05
0.0,99.0,8793.0,2,2,3.0,0,3.0,2.0,3,12.749467120010372,0.0,2.0,1.02
0.0,99.0,6626.0,3,5,3.0,1,3.0,2.0,3,12.749467120010372,1.0,1.0,1.08
0.0,17.0,10442.0,2,2,2.0,0,3.0,2.0,4,7.296451285525138,2.0,2.0,1.75
0.0,17.0,10788.0,3,3,3.0,0,3.0,2.0,4,7.296451285525138,2.0,2.0,2.45
0.0,17.0,9139.0,5,6,4.0,0,0.0,2.0,4,7.296451285525138,2.0,0.0,6.0
0.0,12.0,9628.0,3,3,3.0,0,3.0,2.0,4,8.234325662834179,0.0,2.0,1.68
0.0,5.0,10040.0,2,2,2.0,0,3.0,2.0,4,11.688077620313686,2.0,2.0,1.26
0.0,5.0,9010.0,3,4,4.0,1,3.0,2.0,4,11.688077620313686,2.0,0.0,1.82
0.0,15.0,11727.0,3,4,2.0,1,3.0,2.0,4,6.211211068500834,2.0,2.0,2.58
0.0,17.0,10492.0,2,2,3.0,0,3.0,2.0,4,7.296451285525138,2.0,2.0,1.75
0.0,11.0,15196.0,3,3,2.0,0,3.0,2.0,4,10.594295381059624,2.0,2.0,2.6
0.0,11.0,14478.0,3,4,2.0,0,3.0,2.0,4,10.594295381059624,2.0,0.0,2.9
0.0,10.0,5930.0,3,4,4.0,1,3.0,2.0,4,11.184849992510118,2.0,2.0,1.4
0.0,12.0,9365.0,4,5,4.0,1,3.0,2.0,4,8.234325662834179,2.0,2.0,2.95
0.0,12.0,8704.0,3,4,3.0,1,3.0,2.0,4,8.234325662834179,2.0,0.0,2.25
0.0,12.0,8000.0,3,3,4.0,0,3.0,2.0,4,8.234325662834179,2.0,2.0,1.4
0.0,12.0,6542.0,3,2,3.0,0,3.0,2.0,4,8.234325662834179,2.0,2.0,1.26
0.0,71.0,8625.0,4,4,1.0,0,3.0,2.0,4,12.058742283544236,2.0,0.0,1.7
0.0,71.0,9039.0,3,3,2.0,0,3.0,2.0,4,12.058742283544236,2.0,1.0,1.43
0.0,71.0,8286.0,3,3,1.0,0,3.0,2.0,4,12.058742283544236,2.0,0.0,1.3
0.0,71.0,8413.0,3,3,1.0,0,3.0,2.0,4,12.058742283544236,2.0,0.0,1.32
0.0,71.0,9950.0,4,4,2.0,0,3.0,2.0,4,12.058742283544236,2.0,1.0,2.0
0.0,71.0,8888.0,3,3,2.0,0,3.0,2.0,4,12.058742283544236,2.0,1.0,1.43
0.0,84.0,12047.0,4,4,4.0,1,1.0,1.0,4,18.239734168866327,0.0,2.0,3.46
0.0,84.0,10553.0,3,3,4.0,1,1.0,1.0,4,18.239734168866327,0.0,2.0,2.25
0.0,12.0,9742.0,3,3,3.0,0,0.0,2.0,4,8.234325662834179,1.0,0.0,1.7
0.0,12.0,7073.0,3,3,4.0,0,3.0,2.0,4,8.234325662834179,0.0,2.0,1.8
0.0,12.0,7181.0,3,2,4.0,0,3.0,2.0,4,8.234325662834179,2.0,0.0,1.35
0.0,67.0,18127.0,3,4,3.0,1,0.0,0.0,5,10.356984533706918,0.0,0.0,5.4
0.0,56.0,7381.0,3,3,4.0,0,0.0,0.0,4,6.238294193827314,2.0,2.0,1.55
0.0,77.0,9512.0,2,2,2.0,0,3.0,0.0,4,12.066951512075823,0.0,3.0,1.6
0.0,58.0,8708.0,4,4,4.0,0,3.0,0.0,4,7.763932572686242,2.0,2.0,2.09
0.0,56.0,7955.0,3,3,4.0,1,0.0,0.0,4,6.238294193827314,2.0,2.0,1.75
0.0,86.0,8023.0,3,3,3.0,1,3.0,0.0,4,15.577472593050006,1.0,2.0,1.38
0.0,67.0,13636.0,3,3,3.0,1,3.0,0.0,4,10.356984533706918,1.0,2.0,2.25
0.0,84.0,11412.0,3,4,4.0,1,3.0,1.0,4,18.239734168866327,0.0,0.0,2.4
0.0,86.0,9053.0,3,3,3.0,1,3.0,0.0,4,15.577472593050006,0.0,2.0,1.72
0.0,80.0,4746.0,3,4,3.0,1,0.0,2.0,4,17.849176868198043,2.0,2.0,0.88
0.0,86.0,8400.0,5,7,4.0,1,3.0,0.0,4,15.577472593050006,0.0,0.0,3.15
0.0,39.0,9498.0,3,3,3.0,0,3.0,0.0,4,11.022736662002515,1.0,2.0,1.72
0.0,77.0,10954.0,2,2,3.0,0,1.0,0.0,4,12.066951512075823,1.0,3.0,1.47
0.0,74.0,6104.0,3,4,3.0,1,0.0,2.0,3,11.703579620081992,1.0,2.0,1.1
0.0,74.0,6019.0,4,4,3.0,1,0.0,2.0,3,11.703579620081992,1.0,0.0,1.32
0.0,74.0,5532.0,4,4,3.0,1,0.0,2.0,3,11.703579620081992,0.0,2.0,1.3
0.0,74.0,5745.0,4,4,3.0,1,0.0,2.0,3,11.703579620081992,1.0,2.0,1.35
0.0,68.0,10854.0,4,4,3.0,1,3.0,0.0,3,11.333973268769041,0.0,2.0,3.0
0.0,89.0,8294.0,3,3,4.0,0,3.0,0.0,5,17.99082227512503,0.0,2.0,1.6
0.0,50.0,12589.0,4,4,3.0,1,0.0,0.0,4,9.85228261520027,2.0,2.0,3.0
0.0,2.0,3478.0,3,3,4.0,1,0.0,2.0,4,24.68171523417974,1.0,2.0,0.9
0.0,56.0,7955.0,3,4,4.0,1,0.0,0.0,4,6.238294193827314,2.0,2.0,1.75
0.0,5.0,10799.0,3,3,3.0,0,3.0,2.0,4,11.688077620313686,1.0,2.0,2.0
0.0,5.0,10638.0,3,3,3.0,0,3.0,2.0,4,11.688077620313686,1.0,2.0,1.8
0.0,12.0,9169.0,3,3,3.0,0,3.0,2.0,4,8.234325662834179,2.0,2.0,1.6
0.0,14.0,9655.0,3,3,3.0,0,3.0,0.0,4,7.02583253588824,0.0,2.0,1.4
0.0,14.0,8815.0,3,3,4.0,1,3.0,0.0,4,7.02583253588824,2.0,2.0,1.8
0.0,69.0,11489.0,4,4,4.0,1,0.0,0.0,4,12.360901540268934,0.0,2.0,2.7
0.0,89.0,8031.0,3,3,3.0,0,3.0,2.0,5,17.99082227512503,1.0,2.0,1.55
0.0,85.0,6425.0,3,4,2.0,1,3.0,0.0,3,16.990726505283792,2.0,0.0,1.15
0.0,5.0,9030.0,3,3,3.0,0,3.0,0.0,4,11.688077620313686,0.0,2.0,1.49
0.0,5.0,9550.0,3,4,2.0,1,3.0,0.0,4,11.688077620313686,0.0,0.0,1.91
0.0,86.0,8571.0,3,3,3.0,0,0.0,0.0,4,15.577472593050006,2.0,2.0,1.05
0.0,6.0,7443.0,4,6,4.0,1,3.0,2.0,4,9.988958745407531,2.0,2.0,2.14
0.0,23.0,7208.0,2,2,3.0,0,0.0,2.0,4,5.5611513518299125,2.0,0.0,1.02
0.0,23.0,8554.0,1,1,2.0,0,0.0,2.0,4,5.5611513518299125,2.0,2.0,0.556
0.0,63.0,16129.0,2,3,2.0,0,3.0,2.0,5,10.710917975741815,2.0,2.0,2.5
0.0,64.0,11765.0,3,3,3.0,0,0.0,0.0,4,9.325542058746992,2.0,0.0,2.0
0.0,66.0,12813.0,3,4,4.0,0,0.0,0.0,4,10.921657047153026,2.0,2.0,2.2
0.0,11.0,8238.0,3,4,3.0,0,0.0,0.0,4,10.594295381059624,2.0,2.0,1.65
0.0,73.0,9587.0,2,2,2.0,0,0.0,2.0,4,12.87125291025613,2.0,0.0,1.6
0.0,85.0,6538.0,2,2,2.0,0,3.0,0.0,4,16.990726505283792,1.0,1.0,0.85
0.0,5.0,8485.0,3,3,3.0,1,3.0,2.0,4,11.688077620313686,1.0,2.0,1.4
0.0,45.0,14615.0,3,3,2.0,0,2.0,0.0,5,4.4235297248137915,2.0,0.0,2.09
0.0,50.0,12179.0,3,3,4.0,0,2.0,0.0,4,9.85228261520027,2.0,2.0,2.51
0.0,56.0,7953.0,3,3,4.0,1,2.0,0.0,4,6.238294193827314,1.0,2.0,1.69
0.0,23.0,6933.0,2,2,3.0,0,0.0,2.0,4,5.5611513518299125,2.0,0.0,0.981
0.0,11.0,7197.0,4,4,4.0,1,3.0,0.0,4,10.594295381059624,0.0,2.0,2.0
0.0,50.0,9974.0,3,3,3.0,0,2.0,0.0,4,9.85228261520027,2.0,1.0,1.95
0.0,45.0,15419.0,3,3,1.0,0,2.0,0.0,4,4.4235297248137915,2.0,1.0,2.1
0.0,58.0,7750.0,3,3,3.0,1,2.0,0.0,4,7.763932572686242,1.0,2.0,1.55
0.0,50.0,9074.0,3,4,3.0,1,0.0,0.0,4,9.85228261520027,2.0,2.0,1.98
0.0,58.0,8542.0,4,4,4.0,0,0.0,0.0,4,7.763932572686242,1.0,2.0,2.05
0.0,54.0,6087.0,3,3,4.0,0,3.0,0.0,4,6.491042593237041,1.0,2.0,1.4
0.0,12.0,8000.0,3,3,4.0,0,3.0,2.0,4,8.234325662834179,2.0,2.0,1.4
0.0,6.0,9183.0,4,6,4.0,1,3.0,0.0,4,9.988958745407531,0.0,2.0,2.36
0.0,12.0,10645.0,3,3,3.0,0,3.0,0.0,4,8.234325662834179,0.0,0.0,1.65
0.0,15.0,13590.0,3,4,2.0,1,3.0,0.0,4,6.211211068500834,0.0,2.0,2.65
0.0,7.0,9564.0,4,4,4.0,1,3.0,0.0,4,9.444756665310383,0.0,0.0,2.63
0.0,7.0,10465.0,3,4,4.0,1,3.0,0.0,4,9.444756665310383,0.0,2.0,2.25
0.0,7.0,13077.0,4,4,4.0,1,3.0,2.0,4,9.444756665310383,0.0,0.0,2.55
0.0,6.0,7765.0,2,2,3.0,0,3.0,0.0,4,9.988958745407531,0.0,2.0,1.15
0.0,58.0,7250.0,3,3,4.0,1,2.0,2.0,4,7.763932572686242,0.0,2.0,1.45
0.0,7.0,8814.0,4,4,4.0,1,3.0,0.0,4,9.444756665310383,0.0,0.0,2.6
0.0,5.0,9394.0,3,4,3.0,1,3.0,0.0,4,11.688077620313686,0.0,2.0,1.55
0.0,73.0,8451.0,2,2,3.0,0,0.0,2.0,4,12.87125291025613,1.0,2.0,1.2
0.0,73.0,7949.0,3,3,3.0,1,3.0,2.0,4,12.87125291025613,1.0,2.0,1.55
0.0,73.0,8462.0,3,4,3.0,1,3.0,0.0,4,12.87125291025613,1.0,2.0,1.65
0.0,88.0,6402.0,2,2,3.0,0,3.0,2.0,4,16.678635298845226,1.0,2.0,1.05
0.0,94.0,9021.0,3,3,3.0,0,3.0,2.0,4,17.784613471274927,0.0,2.0,1.29
0.0,69.0,7929.0,2,2,2.0,0,3.0,2.0,4,12.360901540268934,1.0,1.0,0.555
0.0,94.0,7636.0,3,3,2.0,0,3.0,2.0,4,17.784613471274927,1.0,0.0,1.26
0.0,88.0,5026.0,4,6,3.0,1,3.0,2.0,4,16.678635298845226,0.0,2.0,1.91
0.0,88.0,5641.0,4,6,3.0,1,3.0,2.0,4,16.678635298845226,0.0,2.0,2.2
0.0,88.0,8257.0,3,4,3.0,0,3.0,2.0,4,16.678635298845226,0.0,0.0,1.98
0.0,88.0,6852.0,2,2,3.0,0,3.0,2.0,4,16.678635298845226,0.0,2.0,1.11
0.0,84.0,10755.0,3,4,4.0,1,3.0,1.0,4,18.239734168866327,0.0,0.0,2.25
0.0,87.0,6774.0,3,3,3.0,0,3.0,2.0,3,15.606419725807001,0.0,2.0,1.05
0.0,85.0,11439.0,4,4,4.0,0,3.0,2.0,4,16.990726505283792,1.0,1.0,2.6
0.0,88.0,8320.0,2,2,3.0,0,1.0,2.0,4,16.678635298845226,0.0,0.0,1.04
0.0,94.0,7167.0,3,3,2.0,0,3.0,2.0,4,17.784613471274927,1.0,0.0,1.25
0.0,16.0,12134.0,3,3,2.0,0,3.0,0.0,4,7.403877093236538,0.0,0.0,3.4
0.0,94.0,7340.0,3,3,3.0,1,0.0,2.0,4,17.784613471274927,1.0,3.0,1.25
0.0,89.0,8283.0,2,2,1.0,1,1.0,2.0,4,17.99082227512503,1.0,2.0,0.415
0.0,86.0,6024.0,2,2,2.0,0,3.0,0.0,4,15.577472593050006,2.0,0.0,0.75
0.0,94.0,7222.0,4,4,4.0,1,0.0,2.0,4,17.784613471274927,1.0,0.0,1.7
0.0,95.0,6641.0,2,2,2.0,0,3.0,2.0,4,19.432123901520796,2.0,2.0,0.87
0.0,94.0,10417.0,3,3,3.0,1,0.0,2.0,4,17.784613471274927,2.0,0.0,1.25
0.0,84.0,11233.0,3,4,4.0,1,3.0,2.0,4,18.239734168866327,2.0,0.0,2.35
0.0,7.0,7555.0,3,4,4.0,1,3.0,2.0,4,9.444756665310383,0.0,0.0,1.73
0.0,9.0,8818.0,2,2,3.0,0,1.0,0.0,4,9.080697225898227,0.0,2.0,0.97
0.0,9.0,7297.0,4,4,4.0,1,3.0,0.0,4,9.080697225898227,0.0,0.0,1.35
0.0,99.0,6610.0,3,5,3.0,1,1.0,2.0,3,12.749467120010372,2.0,0.0,1.32
0.0,100.0,5608.0,2,2,3.0,0,3.0,2.0,4,10.315343042261606,0.0,2.0,0.715
0.0,100.0,5420.0,2,2,2.0,0,3.0,0.0,4,10.315343042261606,0.0,2.0,0.78
0.0,67.0,16960.0,3,4,3.0,1,3.0,2.0,5,10.356984533706918,1.0,2.0,5.5
0.0,84.0,14375.0,3,4,4.0,1,3.0,1.0,4,18.239734168866327,0.0,0.0,2.3
0.0,98.0,3152.0,2,2,2.0,0,3.0,2.0,4,19.467363206073667,2.0,2.0,0.43
0.0,10.0,6421.0,2,2,3.0,0,3.0,0.0,4,11.184849992510118,0.0,2.0,0.985
0.0,10.0,5857.0,2,2,4.0,0,3.0,0.0,4,11.184849992510118,0.0,2.0,0.8
0.0,7.0,8413.0,4,4,4.0,1,3.0,2.0,4,9.444756665310383,0.0,2.0,2.65
0.0,45.0,14242.0,3,3,2.0,0,2.0,0.0,5,4.4235297248137915,2.0,1.0,2.35
0.0,10.0,8836.0,3,3,4.0,0,3.0,0.0,4,11.184849992510118,0.0,1.0,1.29
0.0,7.0,7991.0,3,4,4.0,1,3.0,2.0,4,9.444756665310383,0.0,2.0,1.83
0.0,10.0,5887.0,3,4,4.0,1,3.0,0.0,4,11.184849992510118,0.0,2.0,1.39
0.0,86.0,6455.0,3,3,2.0,1,3.0,0.0,4,15.577472593050006,0.0,2.0,1.12
0.0,11.0,4762.0,2,2,2.0,0,3.0,0.0,3,10.594295381059624,0.0,2.0,0.65
0.0,95.0,6466.0,3,4,4.0,1,3.0,2.0,4,19.432123901520796,2.0,2.0,1.5
0.0,95.0,6975.0,4,4,3.0,1,3.0,2.0,4,19.432123901520796,2.0,2.0,1.9
0.0,52.0,11228.0,3,3,3.0,0,0.0,0.0,4,9.072597202187925,0.0,2.0,2.35
0.0,23.0,8163.0,1,1,1.0,0,0.0,0.0,4,5.5611513518299125,2.0,2.0,0.6
0.0,31.0,14599.0,3,3,1.0,0,2.0,0.0,4,2.3586610749369834,2.0,0.0,2.0
0.0,77.0,11002.0,2,2,4.0,0,3.0,2.0,4,12.066951512075823,0.0,2.0,1.57
0.0,39.0,7251.0,3,3,4.0,1,1.0,2.0,4,11.022736662002515,1.0,2.0,1.44
0.0,39.0,7250.0,3,3,3.0,0,1.0,2.0,4,11.022736662002515,1.0,2.0,1.26
0.0,70.0,8537.0,2,2,2.0,0,1.0,0.0,4,12.476058817032778,2.0,0.0,1.05
0.0,55.0,19003.0,4,4,3.0,1,0.0,0.0,3,5.956010036535056,2.0,2.0,6.44
0.0,65.0,18000.0,4,4,4.0,1,3.0,0.0,4,9.6830758001837,2.0,0.0,7.56
0.0,45.0,15510.0,3,3,4.0,1,0.0,0.0,4,4.4235297248137915,2.0,1.0,3.8
0.0,56.0,24963.0,4,4,2.0,1,0.0,1.0,5,6.238294193827314,2.0,2.0,6.75
0.0,94.0,4962.0,2,2,3.0,0,3.0,0.0,4,17.784613471274927,1.0,0.0,0.645
0.0,12.0,8140.0,3,4,4.0,1,3.0,2.0,4,8.234325662834179,0.0,2.0,1.75
0.0,58.0,8324.0,3,4,4.0,1,2.0,0.0,4,7.763932572686242,2.0,2.0,1.54
0.0,5.0,8485.0,3,3,3.0,1,3.0,0.0,4,11.688077620313686,2.0,2.0,1.4
0.0,5.0,10601.0,2,2,2.0,0,3.0,2.0,4,11.688077620313686,2.0,0.0,0.97
0.0,5.0,9934.0,2,2,2.0,0,3.0,2.0,4,11.688077620313686,2.0,2.0,1.35
0.0,5.0,9011.0,3,4,4.0,1,3.0,0.0,4,11.688077620313686,2.0,0.0,1.75
0.0,6.0,7652.0,4,6,4.0,1,3.0,0.0,4,9.988958745407531,2.0,2.0,2.2
0.0,11.0,14040.0,3,3,3.0,0,3.0,2.0,4,10.594295381059624,1.0,0.0,2.45
0.0,9.0,6369.0,4,6,4.0,1,3.0,2.0,4,9.080697225898227,0.0,0.0,1.5
0.0,17.0,10825.0,3,4,4.0,1,3.0,2.0,4,7.296451285525138,1.0,2.0,2.4
0.0,17.0,11051.0,3,3,4.0,0,3.0,2.0,4,7.296451285525138,0.0,2.0,2.45
0.0,17.0,14286.0,3,3,4.0,1,3.0,2.0,4,7.296451285525138,0.0,2.0,3.0
0.0,17.0,10450.0,3,2,2.0,0,3.0,2.0,4,7.296451285525138,1.0,2.0,1.65
0.0,9.0,6354.0,2,2,4.0,0,3.0,2.0,4,9.080697225898227,1.0,2.0,0.88
0.0,9.0,6354.0,2,2,4.0,0,3.0,2.0,4,9.080697225898227,1.0,1.0,0.88
0.0,9.0,7273.0,3,4,4.0,1,3.0,2.0,4,9.080697225898227,1.0,0.0,1.28
0.0,9.0,9551.0,4,5,4.0,1,3.0,2.0,4,9.080697225898227,1.0,2.0,1.34
0.0,9.0,5605.0,4,5,4.0,1,3.0,2.0,4,9.080697225898227,1.0,0.0,1.32
0.0,9.0,6406.0,3,4,4.0,1,3.0,2.0,4,9.080697225898227,1.0,0.0,1.13
0.0,99.0,7150.0,4,5,4.0,1,3.0,2.0,3,12.749467120010372,1.0,1.0,1.38
0.0,99.0,5809.0,3,3,3.0,1,3.0,2.0,3,12.749467120010372,1.0,2.0,1.16
0.0,17.0,12534.0,3,3,3.0,1,1.0,2.0,4,7.296451285525138,0.0,2.0,2.33
0.0,17.0,11338.0,3,4,3.0,1,1.0,2.0,4,7.296451285525138,0.0,0.0,3.05
0.0,86.0,6838.0,3,2,1.0,1,3.0,1.0,4,15.577472593050006,0.0,2.0,1.25
0.0,81.0,7716.0,3,3,2.0,0,3.0,0.0,4,9.6830758001837,0.0,1.0,1.25
0.0,86.0,5983.0,3,3,2.0,1,3.0,0.0,4,15.577472593050006,0.0,0.0,1.05
0.0,81.0,8389.0,3,3,3.0,0,3.0,2.0,4,9.6830758001837,0.0,0.0,1.25
0.0,81.0,12731.0,3,3,3.0,0,3.0,0.0,4,9.6830758001837,2.0,0.0,1.1
0.0,86.0,11872.0,3,3,3.0,1,3.0,0.0,4,15.577472593050006,0.0,0.0,1.3
0.0,87.0,8769.0,4,4,4.0,1,3.0,2.0,4,15.606419725807001,2.0,2.0,2.28
0.0,88.0,12371.0,2,2,2.0,1,3.0,2.0,4,16.678635298845226,2.0,2.0,1.2
0.0,88.0,13319.0,2,2,3.0,0,3.0,2.0,4,16.678635298845226,2.0,0.0,1.22
0.0,88.0,12472.0,2,2,3.0,0,3.0,2.0,4,16.678635298845226,2.0,0.0,1.1
0.0,88.0,11967.0,2,2,3.0,0,3.0,2.0,4,16.678635298845226,2.0,0.0,1.15
0.0,81.0,13841.0,3,3,3.0,0,3.0,0.0,4,9.6830758001837,0.0,0.0,1.2
0.0,86.0,8140.0,3,3,3.0,1,3.0,0.0,4,15.577472593050006,0.0,1.0,1.4
0.0,86.0,6268.0,3,3,2.0,0,3.0,0.0,4,15.577472593050006,0.0,2.0,1.1
0.0,86.0,5747.0,3,3,2.0,0,3.0,0.0,4,15.577472593050006,0.0,1.0,1.0
0.0,87.0,7904.0,3,4,3.0,1,3.0,2.0,4,15.606419725807001,2.0,0.0,1.52
0.0,86.0,9474.0,3,4,3.0,1,3.0,0.0,4,15.577472593050006,0.0,2.0,1.8
0.0,86.0,8649.0,3,3,4.0,1,3.0,0.0,4,15.577472593050006,0.0,2.0,1.6
0.0,81.0,8540.0,3,4,3.0,1,3.0,0.0,4,9.6830758001837,0.0,0.0,1.55
0.0,81.0,8025.0,3,3,2.0,0,3.0,2.0,4,9.6830758001837,0.0,2.0,1.3
0.0,84.0,8459.0,3,4,4.0,1,3.0,0.0,5,18.239734168866327,2.0,2.0,2.25
0.0,50.0,11629.0,5,5,4.0,1,3.0,2.0,4,9.85228261520027,1.0,0.0,4.79
0.0,94.0,6460.0,3,3,3.0,0,3.0,0.0,4,17.784613471274927,1.0,2.0,1.25
0.0,95.0,7407.0,3,3,4.0,0,3.0,2.0,4,19.432123901520796,2.0,2.0,1.4
0.0,91.0,6680.0,3,3,4.0,1,3.0,2.0,4,14.818928591501624,2.0,2.0,1.38
0.0,91.0,7259.0,3,3,4.0,0,3.0,2.0,4,14.818928591501624,2.0,2.0,1.3
0.0,81.0,6653.0,2,2,2.0,0,3.0,2.0,4,9.6830758001837,1.0,2.0,1.0
0.0,91.0,6897.0,2,2,3.0,0,3.0,2.0,4,14.818928591501624,2.0,2.0,1.0
0.0,91.0,7269.0,2,2,2.0,0,3.0,2.0,4,14.818928591501624,2.0,2.0,0.95
0.0,68.0,12568.0,2,3,3.0,1,3.0,0.0,5,11.333973268769041,2.0,0.0,1.85
0.0,79.0,8462.0,4,3,3.0,1,3.0,2.0,4,16.16370147099269,2.0,2.0,1.65
0.0,10.0,6331.0,3,3,3.0,0,3.0,2.0,4,11.184849992510118,2.0,2.0,1.32
0.0,10.0,6649.0,2,2,3.0,0,3.0,2.0,4,11.184849992510118,2.0,2.0,1.02
0.0,12.0,6154.0,4,5,3.0,0,3.0,2.0,4,8.234325662834179,2.0,2.0,1.88
0.0,5.0,9307.0,3,4,3.0,1,3.0,2.0,4,11.688077620313686,2.0,0.0,2.15
0.0,15.0,11727.0,3,4,2.0,1,0.0,2.0,4,6.211211068500834,2.0,2.0,2.58
0.0,15.0,13235.0,3,3,2.0,0,3.0,2.0,4,6.211211068500834,2.0,0.0,2.25
0.0,12.0,8140.0,3,4,4.0,1,3.0,2.0,4,8.234325662834179,2.0,2.0,1.75
0.0,11.0,6078.0,2,3,3.0,0,3.0,2.0,4,10.594295381059624,2.0,2.0,0.93
0.0,16.0,12623.0,3,5,4.0,1,3.0,0.0,4,7.403877093236538,1.0,2.0,4.75
0.0,81.0,8000.0,3,4,4.0,1,3.0,0.0,3,9.6830758001837,0.0,2.0,1.72
0.0,75.0,19286.0,4,4,4.0,1,1.0,0.0,4,10.518733742236972,0.0,1.0,6.75
0.0,65.0,16003.0,2,2,2.0,0,1.0,1.0,4,9.6830758001837,0.0,2.0,2.45
0.0,88.0,6934.0,4,5,4.0,0,3.0,2.0,4,16.678635298845226,2.0,2.0,2.2
0.0,75.0,15648.0,4,4,4.0,1,1.0,0.0,4,10.518733742236972,0.0,3.0,5.25
0.0,75.0,11364.0,4,4,4.0,1,1.0,0.0,4,10.518733742236972,0.0,1.0,5.0
0.0,75.0,11111.0,4,4,4.0,1,0.0,0.0,4,10.518733742236972,0.0,1.0,5.0
0.0,17.0,16364.0,3,4,4.0,1,3.0,0.0,4,7.296451285525138,1.0,2.0,2.7
0.0,49.0,10323.0,4,4,4.0,1,0.0,0.0,4,10.520480675103999,0.0,0.0,2.65
0.0,25.0,11957.0,2,2,2.0,0,3.0,1.0,4,2.6223407766988527,0.0,2.0,1.65
0.0,25.0,13710.0,3,3,3.0,0,3.0,1.0,4,2.6223407766988527,0.0,2.0,2.55
0.0,25.0,13710.0,3,3,3.0,0,3.0,1.0,4,2.6223407766988527,1.0,2.0,2.55
0.0,25.0,13916.0,3,4,4.0,1,3.0,1.0,4,2.6223407766988527,2.0,2.0,4.3
0.0,71.0,8458.0,4,4,2.0,1,3.0,2.0,4,12.058742283544236,0.0,2.0,1.7
0.0,25.0,17391.0,2,2,2.0,0,3.0,1.0,4,2.6223407766988527,2.0,2.0,2.4
0.0,39.0,5513.0,2,3,4.0,0,3.0,2.0,4,11.022736662002515,2.0,2.0,0.87
0.0,39.0,7090.0,3,3,3.0,0,3.0,2.0,4,11.022736662002515,1.0,2.0,1.25
0.0,39.0,5455.0,3,5,4.0,1,3.0,2.0,4,11.022736662002515,1.0,2.0,0.99
0.0,5.0,8424.0,3,3,3.0,1,3.0,0.0,4,11.688077620313686,1.0,2.0,1.39
0.0,52.0,10365.0,3,3,4.0,1,0.0,2.0,4,9.072597202187925,0.0,2.0,2.7
0.0,39.0,7987.0,4,4,3.0,0,3.0,0.0,4,11.022736662002515,2.0,2.0,1.75
0.0,39.0,7074.0,4,3,4.0,0,3.0,0.0,4,11.022736662002515,2.0,0.0,1.55
0.0,39.0,7303.0,4,3,4.0,0,3.0,0.0,4,11.022736662002515,2.0,2.0,1.6
0.0,12.0,8000.0,3,3,4.0,0,3.0,2.0,4,8.234325662834179,1.0,2.0,1.4
0.0,73.0,9351.0,3,3,3.0,0,3.0,2.0,4,12.87125291025613,0.0,2.0,1.8
0.0,10.0,5961.0,4,5,4.0,1,3.0,2.0,4,11.184849992510118,1.0,0.0,1.65
0.0,35.0,14992.0,3,5,4.0,1,2.0,0.0,4,4.789822511420023,0.0,0.0,3.55
0.0,45.0,26087.0,4,4,4.0,1,2.0,0.0,4,4.4235297248137915,0.0,0.0,6.0
0.0,49.0,10251.0,3,4,3.0,0,0.0,0.0,4,10.520480675103999,2.0,2.0,1.8
0.0,73.0,10638.0,3,4,3.0,1,3.0,0.0,4,12.87125291025613,0.0,2.0,2.5
0.0,41.0,6383.0,4,3,3.0,1,2.0,1.0,4,6.907007586118708,1.0,2.0,1.5
0.0,86.0,5699.0,3,2,2.0,0,0.0,2.0,4,15.577472593050006,2.0,1.0,1.04
0.0,69.0,8968.0,2,2,1.0,0,3.0,0.0,4,12.360901540268934,1.0,2.0,0.53
0.0,73.0,8410.0,3,5,3.0,1,3.0,2.0,4,12.87125291025613,2.0,2.0,1.64
0.0,67.0,14684.0,4,4,4.0,1,3.0,0.0,4,10.356984533706918,0.0,2.0,2.9
0.0,67.0,14303.0,3,3,3.0,1,3.0,0.0,4,10.356984533706918,0.0,1.0,2.36
0.0,56.0,30180.0,3,4,4.0,1,0.0,1.0,5,6.238294193827314,0.0,2.0,4.85
0.0,86.0,6313.0,3,3,2.0,1,3.0,2.0,4,15.577472593050006,2.0,1.0,1.25
0.0,94.0,4718.0,3,3,2.0,0,3.0,0.0,4,17.784613471274927,1.0,2.0,0.92
0.0,84.0,12802.0,3,3,3.0,1,3.0,0.0,4,18.239734168866327,1.0,0.0,2.7
0.0,94.0,5178.0,2,3,2.0,0,3.0,0.0,4,17.784613471274927,1.0,2.0,0.7
0.0,88.0,7180.0,2,2,2.0,0,3.0,0.0,4,16.678635298845226,1.0,0.0,1.25
0.0,88.0,8179.0,4,4,4.0,1,3.0,2.0,4,16.678635298845226,1.0,2.0,2.3
0.0,88.0,8306.0,3,4,3.0,1,3.0,2.0,4,16.678635298845226,1.0,2.0,2.0
0.0,86.0,6225.0,3,3,2.0,0,3.0,2.0,4,15.577472593050006,1.0,0.0,1.08
0.0,67.0,12401.0,3,3,3.0,1,3.0,1.0,4,10.356984533706918,0.0,2.0,1.73
0.0,67.0,20602.0,2,2,2.0,0,3.0,2.0,4,10.356984533706918,2.0,2.0,1.3
0.0,67.0,14430.0,4,4,4.0,1,3.0,0.0,4,10.356984533706918,0.0,1.0,2.85
0.0,67.0,13636.0,3,3,4.0,1,3.0,2.0,4,10.356984533706918,0.0,2.0,2.25
0.0,67.0,14242.0,3,3,3.0,1,3.0,0.0,4,10.356984533706918,0.0,1.0,2.35
0.0,67.0,16970.0,4,4,3.0,0,3.0,0.0,4,10.356984533706918,2.0,1.0,2.8
0.0,67.0,16207.0,3,3,3.0,1,3.0,0.0,4,10.356984533706918,1.0,1.0,2.35
0.0,67.0,13924.0,4,4,3.0,1,3.0,0.0,4,10.356984533706918,2.0,2.0,2.75
0.0,67.0,14303.0,3,3,3.0,1,3.0,0.0,4,10.356984533706918,2.0,1.0,2.36
0.0,68.0,14108.0,4,4,4.0,1,3.0,0.0,4,11.333973268769041,0.0,1.0,3.4
0.0,79.0,5961.0,2,2,2.0,0,3.0,0.0,4,16.16370147099269,1.0,2.0,0.8
0.0,1.0,10999.0,4,4,4.0,1,3.0,2.0,4,9.007287461251584,1.0,2.0,7.0
0.0,52.0,9590.0,3,4,4.0,1,0.0,0.0,4,9.072597202187925,0.0,2.0,1.8
0.0,52.0,10685.0,3,4,4.0,1,0.0,0.0,4,9.072597202187925,0.0,2.0,2.65
0.0,86.0,7000.0,3,3,3.0,0,3.0,2.0,4,15.577472593050006,2.0,2.0,1.05
0.0,52.0,10479.0,3,3,4.0,0,0.0,0.0,4,9.072597202187925,0.0,0.0,1.88
0.0,87.0,7497.0,2,2,3.0,0,3.0,0.0,4,15.606419725807001,1.0,2.0,1.15
0.0,86.0,5565.0,4,4,3.0,1,3.0,2.0,4,15.577472593050006,1.0,2.0,1.33
0.0,52.0,9591.0,3,4,2.0,1,3.0,0.0,5,9.072597202187925,0.0,0.0,2.6
0.0,52.0,11401.0,3,3,4.0,1,0.0,0.0,4,9.072597202187925,0.0,2.0,2.97
0.0,71.0,8955.0,4,4,2.0,0,3.0,0.0,4,12.058742283544236,0.0,2.0,1.8
0.0,71.0,8856.0,4,4,2.0,0,3.0,0.0,4,12.058742283544236,0.0,2.0,1.78
0.0,71.0,9632.0,3,3,2.0,0,3.0,0.0,4,12.058742283544236,0.0,2.0,1.52
0.0,71.0,9823.0,3,3,2.0,0,3.0,0.0,4,12.058742283544236,0.0,2.0,1.55
0.0,89.0,8031.0,3,3,1.0,0,3.0,0.0,5,17.99082227512503,0.0,0.0,1.55
0.0,86.0,8547.0,1,1,1.0,0,3.0,1.0,4,15.577472593050006,1.0,2.0,0.4
0.0,73.0,11163.0,3,3,3.0,1,3.0,2.0,4,12.87125291025613,2.0,0.0,2.4
0.0,85.0,8754.0,3,3,3.0,1,3.0,0.0,4,16.990726505283792,0.0,0.0,1.37
0.0,50.0,11773.0,3,4,3.0,1,0.0,0.0,4,9.85228261520027,0.0,0.0,2.65
0.0,7.0,6388.0,3,4,4.0,1,3.0,0.0,3,9.444756665310383,2.0,2.0,1.16
0.0,7.0,5833.0,3,4,4.0,1,3.0,0.0,3,9.444756665310383,2.0,2.0,1.05
0.0,7.0,5000.0,4,5,4.0,1,3.0,2.0,3,9.444756665310383,2.0,1.0,1.35
0.0,7.0,5015.0,4,5,4.0,1,3.0,2.0,3,9.444756665310383,2.0,1.0,1.35
0.0,68.0,14615.0,3,3,3.0,0,3.0,0.0,4,11.333973268769041,2.0,0.0,2.85
0.0,87.0,6003.0,2,2,1.0,0,3.0,2.0,4,15.606419725807001,1.0,2.0,0.35
0.0,10.0,6442.0,2,2,4.0,0,3.0,2.0,4,11.184849992510118,2.0,2.0,0.88
0.0,5.0,9306.0,3,4,4.0,0,3.0,0.0,4,11.688077620313686,1.0,2.0,2.4
0.0,63.0,12816.0,4,5,3.0,1,3.0,0.0,5,10.710917975741815,1.0,0.0,3.6
0.0,1.0,14019.0,4,4,4.0,1,1.0,0.0,4,9.007287461251584,1.0,0.0,7.5
0.0,17.0,11364.0,2,2,2.0,0,3.0,2.0,4,7.296451285525138,2.0,2.0,1.45
0.0,52.0,11768.0,3,3,4.0,0,0.0,0.0,4,9.072597202187925,0.0,2.0,2.35
0.0,85.0,6568.0,2,2,2.0,0,3.0,0.0,4,16.990726505283792,2.0,0.0,0.9425
0.0,85.0,6192.0,2,2,2.0,0,3.0,0.0,4,16.990726505283792,2.0,0.0,0.805
0.0,52.0,12445.0,3,4,4.0,1,0.0,0.0,4,9.072597202187925,0.0,2.0,3.1
0.0,85.0,6411.0,3,3,4.0,1,3.0,0.0,4,16.990726505283792,2.0,0.0,1.39
0.0,85.0,6533.0,2,2,4.0,0,3.0,0.0,4,16.990726505283792,2.0,2.0,0.9375
0.0,85.0,5934.0,2,2,2.0,0,3.0,0.0,4,16.990726505283792,2.0,1.0,0.775
0.0,85.0,5979.0,2,2,2.0,0,3.0,2.0,4,16.990726505283792,2.0,2.0,0.855
0.0,88.0,5221.0,2,2,2.0,0,3.0,2.0,4,16.678635298845226,1.0,2.0,0.685
0.0,81.0,9046.0,3,4,4.0,1,3.0,2.0,4,9.6830758001837,2.0,2.0,2.03
0.0,88.0,4857.0,3,4,3.0,1,3.0,0.0,3,16.678635298845226,1.0,2.0,0.799
0.0,94.0,6789.0,2,2,3.0,0,3.0,2.0,4,17.784613471274927,1.0,2.0,0.645
0.0,87.0,5771.0,3,3,2.0,0,3.0,2.0,3,15.606419725807001,1.0,0.0,1.01
0.0,94.0,4951.0,4,5,2.0,1,1.0,2.0,4,17.784613471274927,2.0,2.0,1.27
0.0,86.0,6747.0,2,2,2.0,0,0.0,0.0,4,15.577472593050006,0.0,2.0,0.84
0.0,88.0,7350.0,3,4,3.0,1,0.0,0.0,4,16.678635298845226,2.0,2.0,1.77
0.0,71.0,8350.0,4,4,2.0,0,3.0,2.0,4,12.058742283544236,2.0,1.0,1.68
0.0,71.0,8409.0,4,4,1.0,0,3.0,2.0,4,12.058742283544236,2.0,0.0,1.66
0.0,71.0,8861.0,3,3,2.0,0,3.0,2.0,4,12.058742283544236,2.0,1.0,1.4
0.0,84.0,10926.0,3,4,4.0,1,3.0,1.0,4,18.239734168866327,2.0,0.0,2.29
0.0,94.0,6244.0,3,3,4.0,1,3.0,2.0,4,17.784613471274927,2.0,2.0,1.21
0.0,96.0,4237.0,3,3,2.0,0,3.0,2.0,4,19.438662025225774,1.0,1.0,0.5
0.0,79.0,5306.0,2,2,2.0,0,3.0,2.0,4,16.16370147099269,2.0,2.0,0.7120000000000001
0.0,67.0,15190.0,4,4,4.0,1,3.0,2.0,4,10.356984533706918,2.0,1.0,3.0
0.0,94.0,6838.0,3,3,4.0,0,3.0,2.0,4,17.784613471274927,2.0,0.0,1.2
0.0,75.0,10545.0,3,3,3.0,1,0.0,2.0,4,10.518733742236972,2.0,1.0,3.25
0.0,100.0,6143.0,2,2,4.0,0,0.0,0.0,4,10.315343042261606,0.0,2.0,0.9
0.0,100.0,6185.0,3,3,4.0,0,3.0,2.0,4,10.315343042261606,0.0,2.0,1.07
0.0,88.0,7317.0,2,2,3.0,0,3.0,0.0,4,16.678635298845226,0.0,0.0,1.2
0.0,88.0,7646.0,4,5,4.0,1,3.0,2.0,4,16.678635298845226,0.0,1.0,2.15
0.0,71.0,8731.0,4,4,1.0,0,3.0,2.0,4,12.058742283544236,2.0,0.0,1.72
0.0,71.0,8843.0,3,3,1.0,0,3.0,2.0,4,12.058742283544236,2.0,0.0,1.36
0.0,71.0,8883.0,4,4,1.0,0,3.0,2.0,4,12.058742283544236,2.0,0.0,1.75
0.0,71.0,8883.0,4,4,1.0,0,3.0,2.0,4,12.058742283544236,2.0,0.0,1.75
0.0,71.0,8967.0,3,3,1.0,0,3.0,2.0,4,12.058742283544236,2.0,0.0,1.38
0.0,71.0,8227.0,3,3,1.0,0,3.0,0.0,4,12.058742283544236,2.0,0.0,1.29
0.0,71.0,8676.0,3,3,1.0,0,3.0,2.0,4,12.058742283544236,2.0,0.0,1.37
0.0,71.0,8413.0,3,3,1.0,0,3.0,0.0,4,12.058742283544236,2.0,0.0,1.32
0.0,71.0,8447.0,3,3,1.0,0,3.0,0.0,4,12.058742283544236,2.0,0.0,1.3
0.0,89.0,6736.0,3,3,3.0,1,0.0,0.0,4,17.99082227512503,0.0,0.0,1.3
0.0,89.0,7776.0,3,3,1.0,0,3.0,2.0,5,17.99082227512503,0.0,0.0,1.5
0.0,71.0,8358.0,4,4,2.0,0,3.0,2.0,4,12.058742283544236,2.0,1.0,1.68
0.0,71.0,8872.0,3,3,2.0,0,3.0,2.0,4,12.058742283544236,2.0,0.0,1.4
0.0,89.0,7895.0,3,3,1.0,0,3.0,2.0,5,17.99082227512503,1.0,0.0,1.5
0.0,10.0,7752.0,3,2,2.0,0,3.0,2.0,4,11.184849992510118,1.0,2.0,0.5
0.0,10.0,5980.0,2,2,1.0,0,3.0,2.0,4,11.184849992510118,1.0,2.0,0.36
0.0,75.0,6693.0,4,5,4.0,1,0.0,2.0,4,10.518733742236972,0.0,2.0,3.1
0.0,98.0,5647.0,2,2,1.0,0,3.0,0.0,4,19.467363206073667,2.0,2.0,0.31
0.0,96.0,5354.0,3,3,3.0,0,3.0,2.0,4,19.438662025225774,2.0,1.0,0.71
0.0,86.0,8214.0,3,3,1.0,0,0.0,0.0,4,15.577472593050006,2.0,2.0,1.15
0.0,86.0,7500.0,3,2,2.0,0,0.0,0.0,4,15.577472593050006,2.0,1.0,1.05
0.0,64.0,11667.0,3,3,3.0,0,3.0,0.0,4,9.325542058746992,1.0,0.0,2.1
0.0,10.0,5828.0,2,2,2.0,0,3.0,2.0,4,11.184849992510118,1.0,1.0,0.285
0.0,10.0,5675.0,2,2,2.0,0,3.0,2.0,4,11.184849992510118,1.0,0.0,0.2775
0.0,10.0,5624.0,2,2,2.0,0,3.0,2.0,4,11.184849992510118,1.0,0.0,0.275
0.0,10.0,5726.0,2,2,2.0,0,3.0,2.0,4,11.184849992510118,1.0,2.0,0.28
0.0,6.0,6528.0,1,1,1.0,0,3.0,2.0,4,9.988958745407531,1.0,2.0,0.235
0.0,10.0,6490.0,2,2,2.0,0,3.0,2.0,4,11.184849992510118,1.0,2.0,0.355
0.0,10.0,7907.0,3,2,2.0,0,3.0,2.0,4,11.184849992510118,1.0,2.0,0.51
0.0,10.0,6399.0,2,2,2.0,0,3.0,2.0,4,11.184849992510118,1.0,2.0,0.35
0.0,10.0,5828.0,2,2,2.0,0,3.0,2.0,4,11.184849992510118,1.0,0.0,0.285
0.0,10.0,6581.0,2,2,2.0,0,3.0,2.0,4,11.184849992510118,1.0,2.0,0.36
0.0,67.0,12121.0,3,3,3.0,1,3.0,0.0,4,10.356984533706918,2.0,1.0,2.0
0.0,68.0,9768.0,4,4,3.0,1,3.0,2.0,3,11.333973268769041,1.0,2.0,2.7
0.0,67.0,16234.0,3,4,3.0,1,0.0,2.0,5,10.356984533706918,0.0,0.0,4.94
0.0,71.0,8706.0,4,4,2.0,0,3.0,0.0,4,12.058742283544236,2.0,2.0,1.75
0.0,94.0,4854.0,4,5,2.0,1,3.0,2.0,4,17.784613471274927,0.0,2.0,1.25
0.0,94.0,4907.0,3,4,3.0,1,3.0,2.0,4,17.784613471274927,2.0,2.0,0.92
0.0,94.0,5253.0,4,5,2.0,1,3.0,2.0,4,17.784613471274927,2.0,2.0,1.3
0.0,71.0,12863.0,2,2,1.0,0,3.0,0.0,4,12.058742283544236,2.0,2.0,0.62
0.0,71.0,8000.0,4,5,4.0,1,3.0,0.0,4,12.058742283544236,0.0,2.0,1.92
0.0,58.0,8333.0,4,4,3.0,0,3.0,0.0,4,7.763932572686242,1.0,2.0,2.0
0.0,73.0,8333.0,4,5,4.0,1,3.0,0.0,3,12.87125291025613,1.0,1.0,2.0
0.0,2.0,3067.0,3,4,3.0,1,3.0,2.0,4,24.68171523417974,1.0,2.0,0.75
0.0,88.0,7683.0,3,4,3.0,1,3.0,0.0,4,16.678635298845226,1.0,1.0,1.85
0.0,95.0,6339.0,2,2,4.0,0,3.0,0.0,4,19.432123901520796,1.0,2.0,0.89
0.0,88.0,5896.0,3,4,2.0,1,3.0,0.0,4,16.678635298845226,1.0,2.0,1.25
0.0,5.0,12707.0,3,3,3.0,0,3.0,0.0,4,11.688077620313686,1.0,2.0,2.15
0.0,69.0,12650.0,3,3,4.0,1,3.0,0.0,4,12.360901540268934,0.0,0.0,3.05
0.0,69.0,12946.0,3,3,3.0,0,3.0,0.0,4,12.360901540268934,0.0,1.0,2.65
0.0,84.0,6667.0,2,2,3.0,0,3.0,2.0,3,18.239734168866327,2.0,2.0,0.49
0.0,73.0,10997.0,3,3,3.0,0,3.0,2.0,4,12.87125291025613,2.0,0.0,1.82
0.0,84.0,6803.0,2,2,3.0,0,3.0,2.0,3,18.239734168866327,2.0,2.0,0.5
0.0,79.0,5049.0,3,3,3.0,0,3.0,0.0,4,16.16370147099269,1.0,0.0,0.92
0.0,73.0,8462.0,3,4,3.0,1,3.0,1.0,4,12.87125291025613,0.0,1.0,1.65
0.0,73.0,7586.0,2,2,2.0,0,3.0,2.0,4,12.87125291025613,1.0,2.0,1.1
0.0,73.0,7844.0,3,3,3.0,1,3.0,2.0,4,12.87125291025613,1.0,2.0,1.55
0.0,73.0,8772.0,3,3,2.0,0,3.0,2.0,4,12.87125291025613,1.0,1.0,1.25
0.0,73.0,8658.0,4,4,3.0,0,3.0,2.0,4,12.87125291025613,1.0,1.0,1.6
0.0,73.0,8519.0,2,2,3.0,0,3.0,2.0,4,12.87125291025613,1.0,2.0,1.15
0.0,73.0,8205.0,3,3,3.0,1,3.0,2.0,4,12.87125291025613,1.0,2.0,1.6
0.0,84.0,9524.0,4,5,4.0,1,3.0,0.0,5,18.239734168866327,2.0,0.0,4.0
0.0,84.0,8346.0,3,4,4.0,1,3.0,0.0,5,18.239734168866327,0.0,0.0,2.22
0.0,84.0,9419.0,4,5,2.0,1,3.0,0.0,5,18.239734168866327,2.0,2.0,3.0
0.0,85.0,5924.0,2,2,2.0,0,3.0,0.0,4,16.990726505283792,2.0,0.0,1.0
0.0,65.0,19499.0,5,7,3.0,1,3.0,0.0,4,9.6830758001837,0.0,2.0,10.75
0.0,65.0,19488.0,4,6,3.0,1,3.0,0.0,4,9.6830758001837,0.0,0.0,9.14
0.0,65.0,19514.0,4,6,3.0,1,3.0,2.0,4,9.6830758001837,0.0,0.0,8.35
0.0,2.0,3559.0,3,3,4.0,1,0.0,2.0,4,24.68171523417974,1.0,1.0,0.73
0.0,2.0,3652.0,3,4,3.0,1,0.0,2.0,4,24.68171523417974,1.0,2.0,0.95
0.0,2.0,3840.0,2,2,3.0,0,0.0,2.0,4,24.68171523417974,1.0,2.0,0.48
0.0,2.0,3323.0,3,3,4.0,1,0.0,2.0,4,24.68171523417974,1.0,2.0,0.86
0.0,2.0,3129.0,3,3,4.0,1,0.0,2.0,4,24.68171523417974,1.0,1.0,0.81
0.0,69.0,14167.0,3,3,3.0,0,3.0,0.0,4,12.360901540268934,1.0,1.0,2.9
0.0,74.0,7400.0,1,1,2.0,0,3.0,0.0,4,11.703579620081992,1.0,1.0,0.37
0.0,74.0,8429.0,2,2,1.0,0,0.0,2.0,4,11.703579620081992,2.0,2.0,0.59
0.0,74.0,10000.0,2,2,1.0,0,3.0,2.0,4,11.703579620081992,2.0,2.0,0.6
0.0,74.0,8222.0,1,1,2.0,0,3.0,2.0,4,11.703579620081992,1.0,1.0,0.37
0.0,10.0,6589.0,2,2,4.0,0,3.0,2.0,4,11.184849992510118,1.0,2.0,0.9
0.0,73.0,14249.0,3,5,3.0,1,3.0,2.0,4,12.87125291025613,2.0,2.0,1.66
0.0,94.0,7334.0,4,4,4.0,1,0.0,2.0,4,17.784613471274927,1.0,0.0,2.0
0.0,73.0,14384.0,3,5,3.0,1,0.0,2.0,4,12.87125291025613,2.0,2.0,1.67
0.0,73.0,8462.0,2,2,2.0,0,3.0,2.0,4,12.87125291025613,2.0,2.0,1.1
0.0,73.0,8205.0,3,5,3.0,1,3.0,2.0,4,12.87125291025613,2.0,2.0,1.6
0.0,73.0,7926.0,2,2,3.0,0,3.0,2.0,4,12.87125291025613,2.0,2.0,1.07
0.0,71.0,8756.0,4,4,2.0,0,3.0,2.0,4,12.058742283544236,2.0,2.0,1.76
0.0,71.0,9823.0,3,3,2.0,0,3.0,2.0,4,12.058742283544236,2.0,2.0,1.55
0.0,1.0,9483.0,4,5,4.0,1,1.0,2.0,4,9.007287461251584,0.0,0.0,5.5
0.0,99.0,5599.0,2,2,1.0,0,3.0,2.0,4,12.749467120010372,1.0,2.0,0.271
0.0,99.0,4745.0,2,2,1.0,0,3.0,2.0,3,12.749467120010372,1.0,2.0,0.261
0.0,5.0,9874.0,2,2,2.0,0,3.0,2.0,4,11.688077620313686,2.0,1.0,1.25
0.0,5.0,9772.0,3,4,4.0,1,3.0,2.0,4,11.688077620313686,1.0,2.0,2.1
0.0,9.0,6859.0,2,2,4.0,0,3.0,2.0,4,9.080697225898227,1.0,1.0,0.95
0.0,9.0,6643.0,2,2,4.0,0,3.0,2.0,4,9.080697225898227,0.0,1.0,0.92
0.0,9.0,7102.0,3,4,4.0,1,3.0,2.0,4,9.080697225898227,0.0,2.0,1.25
0.0,9.0,9255.0,2,2,4.0,0,1.0,2.0,4,9.080697225898227,0.0,1.0,0.87
0.0,9.0,6818.0,3,4,4.0,1,3.0,2.0,4,9.080697225898227,0.0,2.0,1.2
0.0,39.0,8889.0,2,2,3.0,0,3.0,2.0,3,11.022736662002515,0.0,2.0,0.8
0.0,39.0,5537.0,3,3,4.0,0,3.0,2.0,3,11.022736662002515,0.0,2.0,0.98
0.0,17.0,10345.0,2,2,2.0,0,3.0,2.0,4,7.296451285525138,1.0,2.0,1.32
0.0,58.0,6750.0,3,3,3.0,0,2.0,0.0,4,7.763932572686242,2.0,2.0,1.35
0.0,15.0,11695.0,4,5,4.0,1,3.0,2.0,4,6.211211068500834,2.0,2.0,3.45
0.0,84.0,9023.0,3,4,4.0,1,1.0,0.0,5,18.239734168866327,0.0,2.0,2.4
0.0,84.0,12013.0,4,4,4.0,1,1.0,1.0,4,18.239734168866327,0.0,2.0,3.45
0.0,84.0,10553.0,3,3,4.0,1,3.0,1.0,4,18.239734168866327,0.0,0.0,2.25
0.0,39.0,7176.0,3,3,3.0,0,3.0,2.0,4,11.022736662002515,1.0,1.0,1.25
0.0,39.0,7186.0,3,3,4.0,1,3.0,2.0,4,11.022736662002515,1.0,1.0,1.43
0.0,39.0,7232.0,3,3,3.0,0,3.0,2.0,4,11.022736662002515,1.0,1.0,1.27
0.0,39.0,7186.0,3,3,4.0,1,3.0,2.0,4,11.022736662002515,1.0,1.0,1.43
0.0,39.0,8929.0,3,3,3.0,0,3.0,2.0,4,11.022736662002515,1.0,1.0,1.25
0.0,39.0,7236.0,3,3,4.0,1,3.0,2.0,4,11.022736662002515,1.0,1.0,1.44
0.0,39.0,7204.0,3,3,3.0,0,3.0,2.0,4,11.022736662002515,1.0,1.0,1.27
0.0,39.0,5405.0,3,4,3.0,1,3.0,2.0,4,11.022736662002515,1.0,2.0,1.1
0.0,39.0,5385.0,4,5,3.0,1,3.0,2.0,4,11.022736662002515,1.0,2.0,1.4
0.0,39.0,5455.0,3,4,3.0,1,3.0,2.0,4,11.022736662002515,1.0,2.0,0.99
0.0,39.0,5450.0,2,3,3.0,0,3.0,2.0,4,11.022736662002515,1.0,2.0,0.86
0.0,39.0,5399.0,3,4,3.0,1,3.0,2.0,4,11.022736662002515,1.0,2.0,0.98
0.0,39.0,5387.0,2,3,3.0,0,3.0,2.0,4,11.022736662002515,1.0,2.0,0.85
0.0,39.0,8981.0,4,3,3.0,0,3.0,0.0,4,11.022736662002515,1.0,0.0,1.79
0.0,39.0,8255.0,3,3,3.0,0,3.0,2.0,4,11.022736662002515,1.0,0.0,1.5
0.0,39.0,8079.0,4,3,3.0,1,3.0,2.0,4,11.022736662002515,1.0,0.0,1.77
0.0,39.0,8283.0,3,3,3.0,0,3.0,2.0,4,11.022736662002515,1.0,0.0,1.5
0.0,39.0,8107.0,3,3,3.0,0,3.0,2.0,4,11.022736662002515,1.0,0.0,1.49
0.0,39.0,8215.0,4,3,3.0,1,3.0,2.0,4,11.022736662002515,1.0,0.0,1.8
0.0,88.0,6344.0,2,2,2.0,0,3.0,2.0,4,16.678635298845226,1.0,0.0,1.06
0.0,88.0,6433.0,2,2,3.0,0,3.0,2.0,4,16.678635298845226,1.0,0.0,1.14
0.0,87.0,7588.0,2,2,1.0,0,3.0,1.0,4,15.606419725807001,2.0,2.0,0.365
0.0,87.0,7039.0,2,2,1.0,0,3.0,0.0,4,15.606419725807001,2.0,1.0,0.34
0.0,87.0,5832.0,2,2,1.0,0,3.0,2.0,4,15.606419725807001,2.0,2.0,0.34
0.0,87.0,7277.0,2,2,1.0,0,3.0,2.0,4,15.606419725807001,2.0,2.0,0.35
0.0,88.0,6402.0,2,2,3.0,0,3.0,2.0,4,16.678635298845226,1.0,0.0,1.05
0.0,50.0,7818.0,3,3,2.0,0,2.0,0.0,4,9.85228261520027,0.0,1.0,1.72
0.0,73.0,7949.0,3,5,3.0,1,3.0,2.0,4,12.87125291025613,0.0,2.0,1.55
0.0,73.0,7692.0,3,5,3.0,1,3.0,0.0,4,12.87125291025613,0.0,2.0,1.5
0.0,58.0,9535.0,4,4,3.0,1,3.0,0.0,4,7.763932572686242,1.0,2.0,2.05
0.0,58.0,8612.0,3,2,3.0,0,3.0,0.0,4,7.763932572686242,2.0,2.0,2.11
0.0,73.0,8138.0,2,2,3.0,0,1.0,2.0,4,12.87125291025613,2.0,2.0,1.18
0.0,73.0,11500.0,2,2,3.0,0,1.0,2.0,4,12.87125291025613,2.0,2.0,1.15
0.0,73.0,8401.0,3,3,4.0,1,1.0,2.0,4,12.87125291025613,2.0,2.0,1.66
0.0,73.0,8502.0,3,3,4.0,1,1.0,2.0,4,12.87125291025613,0.0,2.0,1.68
0.0,11.0,16859.0,3,4,2.0,1,3.0,2.0,4,10.594295381059624,1.0,0.0,3.95
0.0,65.0,13926.0,2,2,3.0,0,1.0,0.0,4,9.6830758001837,1.0,0.0,2.1
0.0,73.0,8300.0,3,3,4.0,1,1.0,2.0,4,12.87125291025613,2.0,2.0,1.64
0.0,73.0,8553.0,3,3,4.0,1,1.0,2.0,4,12.87125291025613,0.0,2.0,1.69
0.0,67.0,18287.0,3,3,3.0,1,0.0,0.0,5,10.356984533706918,2.0,0.0,6.15
0.0,67.0,18139.0,3,3,3.0,1,0.0,0.0,5,10.356984533706918,0.0,0.0,6.1
0.0,85.0,10338.0,3,3,4.0,0,3.0,1.0,4,16.990726505283792,0.0,2.0,1.59
0.0,79.0,5400.0,3,4,4.0,1,3.0,0.0,4,16.16370147099269,0.0,2.0,1.08
0.0,79.0,5383.0,3,4,4.0,1,3.0,0.0,4,16.16370147099269,0.0,2.0,1.09
0.0,73.0,9140.0,2,2,2.0,0,3.0,0.0,4,12.87125291025613,2.0,2.0,0.85
0.0,11.0,16859.0,3,5,2.0,1,1.0,2.0,4,10.594295381059624,0.0,0.0,3.95
0.0,11.0,14611.0,3,3,2.0,0,1.0,2.0,4,10.594295381059624,0.0,0.0,2.5
0.0,58.0,7885.0,4,4,4.0,0,3.0,0.0,4,7.763932572686242,2.0,2.0,2.05
0.0,58.0,8167.0,4,4,4.0,0,3.0,0.0,4,7.763932572686242,2.0,1.0,2.45
0.0,58.0,7500.0,3,3,4.0,1,3.0,0.0,4,7.763932572686242,2.0,2.0,1.5
0.0,54.0,7632.0,3,3,4.0,0,3.0,0.0,4,6.491042593237041,2.0,2.0,1.45
0.0,88.0,7317.0,2,2,3.0,0,3.0,0.0,4,16.678635298845226,0.0,2.0,1.2
0.0,67.0,14545.0,3,3,3.0,1,3.0,0.0,4,10.356984533706918,1.0,2.0,2.4
0.0,84.0,11726.0,3,3,2.0,1,3.0,1.0,4,18.239734168866327,0.0,0.0,2.5
0.0,86.0,9012.0,3,3,3.0,1,3.0,0.0,4,15.577472593050006,0.0,2.0,1.55
0.0,86.0,9263.0,3,3,3.0,1,3.0,0.0,4,15.577472593050006,0.0,2.0,1.76
0.0,86.0,9263.0,3,3,3.0,1,3.0,0.0,4,15.577472593050006,0.0,2.0,1.76
0.0,83.0,6189.0,3,4,2.0,0,0.0,2.0,3,18.634993017884206,2.0,2.0,1.4
0.0,83.0,5705.0,3,3,3.0,1,0.0,2.0,3,18.634993017884206,2.0,2.0,1.1
0.0,84.0,11492.0,3,3,2.0,1,3.0,0.0,4,18.239734168866327,0.0,2.0,2.45
0.0,60.0,17560.0,3,4,1.0,1,0.0,0.0,5,8.951707106587179,0.0,0.0,3.8
0.0,56.0,24689.0,3,4,3.0,1,3.0,1.0,5,6.238294193827314,0.0,0.0,5.75
0.0,56.0,24558.0,4,5,4.0,1,0.0,1.0,4,6.238294193827314,0.0,0.0,10.0
0.0,31.0,23091.0,3,4,4.0,1,3.0,0.0,5,2.3586610749369834,0.0,0.0,6.2
0.0,86.0,9211.0,3,3,3.0,1,3.0,0.0,4,15.577472593050006,0.0,2.0,1.75
0.0,84.0,11257.0,3,3,2.0,1,3.0,1.0,4,18.239734168866327,0.0,2.0,2.4
0.0,86.0,9211.0,3,3,3.0,1,3.0,0.0,4,15.577472593050006,0.0,2.0,1.75
0.0,83.0,6189.0,3,4,2.0,1,0.0,2.0,3,18.634993017884206,2.0,2.0,1.4
0.0,98.0,544.0,1,1,1.0,0,3.0,2.0,4,19.467363206073667,1.0,0.0,0.175
0.0,98.0,5464.0,1,1,1.0,0,3.0,2.0,4,19.467363206073667,2.0,2.0,0.2
0.0,74.0,7407.0,3,3,3.0,0,3.0,0.0,3,11.703579620081992,1.0,2.0,1.2
0.0,5.0,10370.0,2,2,3.0,0,3.0,0.0,4,11.688077620313686,1.0,2.0,1.26
0.0,6.0,7486.0,3,3,4.0,0,3.0,2.0,4,9.988958745407531,2.0,0.0,1.34
0.0,7.0,7937.0,4,4,4.0,1,1.0,2.0,4,9.444756665310383,1.0,0.0,2.5
0.0,15.0,12542.0,4,5,4.0,1,3.0,0.0,4,6.211211068500834,0.0,0.0,3.7
0.0,2.0,4000.0,3,2,2.0,0,0.0,2.0,4,24.68171523417974,1.0,2.0,0.6
0.0,87.0,6407.0,4,4,4.0,1,3.0,2.0,4,15.606419725807001,2.0,0.0,2.2
0.0,56.0,23333.0,4,6,4.0,1,0.0,0.0,4,6.238294193827314,2.0,0.0,7.0
0.0,7.0,8254.0,4,4,4.0,1,3.0,2.0,4,9.444756665310383,2.0,0.0,2.6
0.0,61.0,19174.0,3,4,3.0,1,1.0,0.0,5,10.334704847328963,1.0,0.0,5.8
0.0,73.0,9231.0,3,3,4.0,0,1.0,0.0,4,12.87125291025613,1.0,2.0,1.8
0.0,77.0,9831.0,2,2,2.0,0,1.0,0.0,4,12.066951512075823,0.0,0.0,1.4
0.0,88.0,7290.0,4,4,4.0,1,3.0,0.0,4,16.678635298845226,1.0,2.0,2.05
0.0,88.0,6720.0,2,3,3.0,0,3.0,2.0,4,16.678635298845226,1.0,2.0,1.17
0.0,89.0,8191.0,3,3,1.0,0,3.0,0.0,5,17.99082227512503,0.0,0.0,1.58
0.0,94.0,8117.0,3,3,3.0,0,3.0,2.0,4,17.784613471274927,0.0,2.0,1.25
0.0,98.0,5745.0,3,2,1.0,0,3.0,0.0,4,19.467363206073667,2.0,2.0,0.37
0.0,98.0,5901.0,3,2,1.0,0,3.0,0.0,4,19.467363206073667,2.0,1.0,0.38
0.0,98.0,5829.0,2,2,1.0,0,3.0,0.0,4,19.467363206073667,2.0,2.0,0.32
0.0,98.0,5738.0,2,2,1.0,0,3.0,0.0,4,19.467363206073667,2.0,2.0,0.315
0.0,98.0,5464.0,1,1,1.0,0,3.0,2.0,4,19.467363206073667,1.0,2.0,0.2
0.0,98.0,5601.0,1,1,1.0,0,3.0,2.0,4,19.467363206073667,1.0,1.0,0.205
0.0,85.0,7176.0,3,5,4.0,1,3.0,0.0,3,16.990726505283792,2.0,2.0,1.22
0.0,87.0,9643.0,3,3,3.0,0,3.0,2.0,5,15.606419725807001,2.0,2.0,1.35
0.0,74.0,8607.0,2,2,1.0,0,3.0,0.0,4,11.703579620081992,1.0,2.0,0.55
0.0,96.0,5359.0,4,4,2.0,1,3.0,2.0,4,19.438662025225774,2.0,0.0,1.12
0.0,96.0,5348.0,4,4,3.0,1,3.0,2.0,4,19.438662025225774,2.0,2.0,1.1
0.0,96.0,5239.0,3,3,2.0,0,3.0,2.0,4,19.438662025225774,2.0,0.0,0.68
0.0,96.0,5219.0,4,3,3.0,1,3.0,2.0,4,19.438662025225774,2.0,0.0,1.19
0.0,5.0,8929.0,2,2,1.0,0,3.0,2.0,4,11.688077620313686,2.0,2.0,0.475
0.0,12.0,10351.0,4,4,4.0,1,3.0,0.0,4,8.234325662834179,0.0,2.0,2.95
0.0,23.0,6262.0,2,2,3.0,0,0.0,2.0,4,5.5611513518299125,2.0,0.0,0.98
0.0,23.0,8073.0,3,4,4.0,1,0.0,2.0,4,5.5611513518299125,2.0,2.0,1.55
0.0,23.0,7138.0,2,2,3.0,0,0.0,2.0,4,5.5611513518299125,2.0,1.0,1.01
0.0,23.0,7889.0,3,4,4.0,1,0.0,2.0,4,5.5611513518299125,2.0,2.0,1.51
0.0,23.0,7865.0,3,3,4.0,0,0.0,2.0,4,5.5611513518299125,2.0,2.0,1.4
0.0,23.0,8281.0,3,4,4.0,1,0.0,2.0,4,5.5611513518299125,2.0,0.0,1.59
0.0,23.0,8633.0,1,2,2.0,0,0.0,2.0,4,5.5611513518299125,2.0,2.0,0.562
0.0,5.0,9307.0,3,4,4.0,1,3.0,0.0,4,11.688077620313686,0.0,0.0,2.0
0.0,5.0,10800.0,3,4,4.0,1,3.0,0.0,4,11.688077620313686,0.0,2.0,1.35
0.0,5.0,8444.0,3,3,4.0,1,3.0,2.0,4,11.688077620313686,0.0,1.0,1.9
0.0,5.0,11333.0,3,4,4.0,1,3.0,0.0,4,11.688077620313686,0.0,2.0,1.7
0.0,9.0,7419.0,3,3,3.0,1,3.0,0.0,4,9.080697225898227,0.0,0.0,1.15
0.0,87.0,5820.0,3,3,4.0,0,0.0,0.0,3,15.606419725807001,2.0,0.0,1.1
0.0,5.0,7879.0,3,3,3.0,1,3.0,0.0,4,11.688077620313686,2.0,2.0,1.3
0.0,60.0,16934.0,4,5,3.0,1,3.0,0.0,5,8.951707106587179,1.0,0.0,4.85
0.0,60.0,16000.0,2,2,1.0,0,3.0,0.0,5,8.951707106587179,1.0,2.0,2.2
0.0,11.0,9259.0,3,3,3.0,1,3.0,2.0,4,10.594295381059624,0.0,1.0,1.25
0.0,11.0,7738.0,3,3,4.0,1,3.0,0.0,4,10.594295381059624,0.0,2.0,1.55
0.0,5.0,10259.0,3,3,4.0,0,1.0,2.0,4,11.688077620313686,0.0,0.0,1.9
0.0,96.0,8020.0,3,4,4.0,1,3.0,0.0,5,19.438662025225774,0.0,2.0,1.6
0.0,68.0,14286.0,4,5,4.0,1,3.0,0.0,4,11.333973268769041,1.0,2.0,3.0
0.0,60.0,16000.0,2,2,2.0,0,3.0,2.0,5,8.951707106587179,1.0,2.0,2.2
0.0,16.0,10726.0,4,6,4.0,1,3.0,0.0,4,7.403877093236538,0.0,0.0,5.2
0.0,31.0,13225.0,3,4,3.0,1,2.0,0.0,4,2.3586610749369834,2.0,2.0,2.35
0.0,67.0,14025.0,4,4,4.0,1,3.0,1.0,4,10.356984533706918,0.0,2.0,2.77
0.0,67.0,16364.0,3,3,3.0,1,3.0,0.0,4,10.356984533706918,2.0,2.0,2.7
0.0,67.0,14242.0,3,3,3.0,1,3.0,0.0,4,10.356984533706918,2.0,2.0,2.35
0.0,67.0,14127.0,4,4,4.0,1,3.0,1.0,4,10.356984533706918,0.0,1.0,2.79
0.0,67.0,13939.0,3,4,3.0,1,3.0,1.0,4,10.356984533706918,0.0,2.0,2.3
0.0,58.0,8750.0,3,4,4.0,0,2.0,0.0,4,7.763932572686242,0.0,2.0,2.1
0.0,58.0,10385.0,3,2,2.0,0,2.0,2.0,4,7.763932572686242,0.0,1.0,1.35
0.0,7.0,9911.0,3,4,4.0,1,3.0,0.0,4,9.444756665310383,0.0,2.0,2.23
0.0,11.0,9905.0,4,4,4.0,1,3.0,2.0,4,10.594295381059624,2.0,2.0,2.08
0.0,11.0,8344.0,3,3,4.0,0,3.0,2.0,4,10.594295381059624,0.0,2.0,1.3
0.0,5.0,9023.0,2,2,1.0,0,3.0,2.0,4,11.688077620313686,0.0,2.0,0.48
0.0,11.0,14463.0,3,3,3.0,0,3.0,0.0,4,10.594295381059624,0.0,0.0,2.33
0.0,49.0,7202.0,3,3,3.0,1,2.0,1.0,4,10.520480675103999,2.0,2.0,1.75
0.0,49.0,8377.0,3,3,3.0,0,2.0,0.0,4,10.520480675103999,2.0,0.0,1.6
0.0,49.0,8787.0,3,3,3.0,0,2.0,0.0,4,10.520480675103999,0.0,1.0,1.5
0.0,50.0,10526.0,3,3,3.0,0,2.0,0.0,4,9.85228261520027,1.0,1.0,1.9
0.0,63.0,13214.0,4,5,3.0,1,3.0,0.0,5,10.710917975741815,0.0,2.0,3.7
0.0,63.0,13393.0,4,5,3.0,1,3.0,2.0,5,10.710917975741815,0.0,0.0,3.75
0.0,69.0,14419.0,3,4,3.0,1,3.0,0.0,4,12.360901540268934,2.0,0.0,3.4
0.0,12.0,10023.0,3,4,3.0,1,3.0,2.0,4,8.234325662834179,0.0,2.0,2.2
0.0,86.0,6667.0,2,2,2.0,0,3.0,2.0,4,15.577472593050006,0.0,0.0,0.83
0.0,5.0,8788.0,3,3,3.0,1,3.0,2.0,4,11.688077620313686,0.0,2.0,1.45
0.0,5.0,9195.0,3,3,3.0,0,3.0,2.0,4,11.688077620313686,0.0,1.0,1.77
0.0,5.0,16441.0,2,2,2.0,0,3.0,2.0,4,11.688077620313686,0.0,2.0,0.97
0.0,5.0,8468.0,3,3,3.0,1,3.0,0.0,4,11.688077620313686,0.0,0.0,2.35
0.0,5.0,9104.0,3,4,3.0,1,3.0,2.0,4,11.688077620313686,0.0,2.0,1.9
0.0,89.0,8583.0,2,2,1.0,0,1.0,2.0,4,17.99082227512503,2.0,2.0,0.43
0.0,73.0,8308.0,3,5,3.0,1,3.0,2.0,4,12.87125291025613,1.0,2.0,1.62
0.0,88.0,8660.0,3,4,4.0,1,3.0,0.0,4,16.678635298845226,0.0,0.0,1.99
0.0,73.0,9111.0,2,2,3.0,0,3.0,2.0,4,12.87125291025613,1.0,1.0,1.23
0.0,73.0,8359.0,3,5,3.0,1,3.0,2.0,4,12.87125291025613,1.0,0.0,1.63
0.0,73.0,8384.0,3,5,3.0,1,3.0,2.0,4,12.87125291025613,2.0,2.0,1.64
0.0,73.0,9259.0,2,2,3.0,0,3.0,2.0,4,12.87125291025613,1.0,2.0,1.25
0.0,12.0,6219.0,4,4,3.0,1,3.0,2.0,4,8.234325662834179,0.0,2.0,1.9
0.0,12.0,6383.0,3,2,2.0,0,3.0,2.0,4,8.234325662834179,0.0,2.0,1.2
0.0,12.0,6405.0,3,3,2.0,1,3.0,2.0,4,8.234325662834179,0.0,2.0,1.63
0.0,94.0,7053.0,3,3,2.0,0,3.0,2.0,4,17.784613471274927,1.0,0.0,1.23
0.0,89.0,8583.0,2,2,1.0,0,1.0,2.0,4,17.99082227512503,2.0,2.0,0.43
0.0,88.0,6524.0,2,2,3.0,0,3.0,2.0,4,16.678635298845226,2.0,0.0,1.07
0.0,88.0,6758.0,4,5,4.0,1,3.0,2.0,4,16.678635298845226,1.0,2.0,1.73
0.0,88.0,6840.0,3,4,2.0,1,1.0,2.0,4,16.678635298845226,1.0,2.0,1.45
0.0,85.0,10395.0,3,3,3.0,0,0.0,2.0,4,16.990726505283792,1.0,3.0,1.87
0.0,85.0,10176.0,3,3,3.0,0,0.0,2.0,4,16.990726505283792,1.0,0.0,1.85
0.0,94.0,7901.0,4,4,4.0,0,3.0,2.0,4,17.784613471274927,1.0,2.0,1.75
0.0,89.0,8311.0,2,2,3.0,0,3.0,2.0,4,17.99082227512503,1.0,0.0,1.23
0.0,89.0,8446.0,2,2,3.0,0,0.0,2.0,4,17.99082227512503,1.0,0.0,1.25
0.0,16.0,11551.0,4,6,4.0,1,3.0,0.0,4,7.403877093236538,0.0,2.0,5.6
0.0,84.0,8011.0,3,3,3.0,0,3.0,0.0,5,18.239734168866327,2.0,2.0,1.45
0.0,85.0,10481.0,4,4,4.0,1,0.0,2.0,4,16.990726505283792,1.0,0.0,2.7
0.0,89.0,8483.0,2,2,1.0,1,1.0,2.0,4,17.99082227512503,2.0,1.0,0.425
0.0,84.0,12357.0,4,4,4.0,1,0.0,2.0,4,18.239734168866327,2.0,3.0,3.45
0.0,84.0,11805.0,4,4,4.0,1,0.0,2.0,4,18.239734168866327,1.0,0.0,3.25
0.0,39.0,3784.0,2,2,1.0,0,3.0,0.0,4,11.022736662002515,0.0,2.0,0.35
0.0,39.0,3568.0,2,2,1.0,0,3.0,0.0,4,11.022736662002515,0.0,2.0,0.33
0.0,39.0,6111.0,3,3,3.0,0,3.0,2.0,4,11.022736662002515,0.0,2.0,1.1
0.0,39.0,6000.0,3,3,3.0,0,3.0,2.0,4,11.022736662002515,0.0,2.0,1.08
0.0,39.0,7731.0,3,3,3.0,0,3.0,0.0,4,11.022736662002515,0.0,2.0,1.4
0.0,39.0,7531.0,4,3,4.0,0,3.0,0.0,4,11.022736662002515,0.0,2.0,1.65
0.0,39.0,7622.0,4,4,3.0,0,3.0,0.0,4,11.022736662002515,0.0,0.0,1.67
0.0,39.0,8007.0,3,3,3.0,0,3.0,2.0,4,11.022736662002515,0.0,2.0,1.45
0.0,5.0,10046.0,3,3,3.0,1,3.0,2.0,4,11.688077620313686,1.0,0.0,2.61
0.0,6.0,7788.0,3,3,4.0,0,3.0,2.0,4,9.988958745407531,1.0,2.0,1.32
0.0,5.0,8788.0,3,3,3.0,1,3.0,2.0,4,11.688077620313686,1.0,2.0,1.45
0.0,100.0,5775.0,2,2,3.0,0,3.0,2.0,4,10.315343042261606,1.0,2.0,0.73
0.0,100.0,4907.0,2,2,4.0,0,3.0,2.0,4,10.315343042261606,1.0,2.0,0.715
0.0,100.0,5182.0,2,2,3.0,0,3.0,2.0,4,10.315343042261606,1.0,0.0,0.655
0.0,100.0,6254.0,3,3,3.0,0,3.0,2.0,4,10.315343042261606,2.0,2.0,0.9
0.0,100.0,6405.0,3,3,3.0,0,3.0,2.0,4,10.315343042261606,0.0,1.0,0.775
0.0,100.0,6071.0,3,3,3.0,0,3.0,2.0,4,10.315343042261606,0.0,1.0,0.7
0.0,100.0,6296.0,2,2,2.0,0,3.0,2.0,4,10.315343042261606,0.0,1.0,0.532
0.0,100.0,6326.0,2,2,2.0,0,3.0,2.0,4,10.315343042261606,0.0,2.0,0.52
0.0,100.0,6289.0,3,3,3.0,0,3.0,2.0,4,10.315343042261606,0.0,1.0,0.905
0.0,100.0,6387.0,2,2,2.0,0,3.0,2.0,4,10.315343042261606,0.0,1.0,0.525
0.0,39.0,6916.0,3,4,3.0,0,3.0,2.0,4,11.022736662002515,0.0,2.0,1.2
0.0,39.0,6912.0,3,4,3.0,0,3.0,2.0,4,11.022736662002515,0.0,2.0,1.22
0.0,39.0,7035.0,3,3,4.0,1,3.0,2.0,4,11.022736662002515,0.0,2.0,1.4
0.0,100.0,5753.0,2,2,3.0,0,3.0,2.0,4,10.315343042261606,2.0,2.0,0.73
0.0,100.0,4976.0,2,2,4.0,0,3.0,2.0,4,10.315343042261606,0.0,0.0,0.725
0.0,100.0,5736.0,2,2,3.0,0,3.0,2.0,4,10.315343042261606,0.0,2.0,0.725
0.0,100.0,5992.0,2,2,3.0,0,3.0,2.0,4,10.315343042261606,0.0,2.0,0.725
0.0,100.0,6331.0,2,2,2.0,0,3.0,2.0,4,10.315343042261606,0.0,2.0,0.535
0.0,100.0,5537.0,2,2,3.0,0,3.0,2.0,4,10.315343042261606,2.0,2.0,0.67
0.0,100.0,6446.0,3,3,3.0,0,3.0,2.0,4,10.315343042261606,0.0,2.0,0.78
0.0,100.0,5637.0,2,2,2.0,0,3.0,2.0,4,10.315343042261606,2.0,1.0,0.65
0.0,15.0,11864.0,4,5,4.0,1,3.0,0.0,4,6.211211068500834,1.0,2.0,3.5
0.0,68.0,12999.0,4,4,4.0,1,3.0,0.0,5,11.333973268769041,0.0,0.0,4.85
0.0,94.0,6967.0,4,4,4.0,1,3.0,0.0,4,17.784613471274927,0.0,0.0,1.9
0.0,99.0,7812.0,3,5,3.0,1,1.0,2.0,3,12.749467120010372,1.0,2.0,1.56
0.0,75.0,13769.0,4,5,4.0,1,3.0,0.0,4,10.518733742236972,0.0,2.0,4.0
0.0,69.0,14656.0,3,3,4.0,0,3.0,0.0,4,12.360901540268934,0.0,2.0,3.0
0.0,75.0,15385.0,3,3,4.0,1,3.0,0.0,4,10.518733742236972,0.0,2.0,3.3
0.0,68.0,12353.0,3,4,2.0,1,3.0,0.0,3,11.333973268769041,0.0,0.0,2.1
0.0,68.0,10556.0,3,4,2.0,1,3.0,0.0,3,11.333973268769041,0.0,2.0,1.9
0.0,68.0,13065.0,3,2,3.0,1,3.0,0.0,5,11.333973268769041,0.0,2.0,2.4
0.0,77.0,13345.0,2,2,3.0,0,3.0,2.0,4,12.066951512075823,0.0,2.0,1.52
0.0,77.0,12333.0,2,2,3.0,0,3.0,2.0,4,12.066951512075823,0.0,0.0,1.48
0.0,84.0,8609.0,3,4,4.0,1,3.0,1.0,5,18.239734168866327,0.0,2.0,2.29
0.0,60.0,18484.0,3,4,3.0,1,2.0,0.0,5,8.951707106587179,1.0,2.0,4.0
0.0,14.0,10588.0,4,5,3.0,1,3.0,2.0,4,7.02583253588824,0.0,2.0,3.6
0.0,1.0,9650.0,3,3,2.0,0,3.0,0.0,4,9.007287461251584,0.0,1.0,1.38
0.0,12.0,10501.0,3,4,3.0,1,3.0,2.0,4,8.234325662834179,0.0,0.0,2.2
0.0,14.0,11572.0,5,5,4.0,1,3.0,2.0,4,7.02583253588824,0.0,2.0,4.49
0.0,14.0,10265.0,4,5,3.0,1,3.0,2.0,4,7.02583253588824,0.0,2.0,3.49
0.0,14.0,10882.0,4,5,3.0,1,3.0,2.0,4,7.02583253588824,0.0,2.0,3.7
0.0,5.0,8606.0,3,3,3.0,0,3.0,2.0,4,11.688077620313686,1.0,2.0,1.42
0.0,69.0,14098.0,4,4,4.0,1,3.0,0.0,4,12.360901540268934,1.0,1.0,4.5
0.0,7.0,8079.0,3,3,4.0,1,3.0,2.0,4,9.444756665310383,0.0,0.0,1.85
0.0,7.0,8317.0,4,4,4.0,1,3.0,2.0,4,9.444756665310383,0.0,0.0,2.62
0.0,86.0,6162.0,3,3,4.0,0,3.0,0.0,4,15.577472593050006,2.0,2.0,1.1
0.0,81.0,8531.0,2,2,3.0,0,3.0,2.0,4,9.6830758001837,0.0,2.0,1.33
0.0,81.0,8524.0,2,2,3.0,0,3.0,2.0,4,9.6830758001837,0.0,1.0,1.34
0.0,81.0,8532.0,2,2,3.0,0,3.0,2.0,4,9.6830758001837,0.0,2.0,1.18
0.0,86.0,6574.0,2,2,3.0,0,3.0,0.0,4,15.577472593050006,2.0,2.0,0.95
0.0,86.0,8167.0,2,2,3.0,0,3.0,0.0,4,15.577472593050006,2.0,2.0,0.98
0.0,9.0,6534.0,3,4,4.0,1,3.0,0.0,4,9.080697225898227,0.0,0.0,1.15
0.0,71.0,6787.0,3,2,3.0,0,3.0,2.0,3,12.058742283544236,2.0,2.0,0.9
0.0,7.0,8000.0,4,4,4.0,1,3.0,0.0,4,9.444756665310383,0.0,0.0,2.52
0.0,14.0,8495.0,3,4,4.0,1,3.0,2.0,4,7.02583253588824,0.0,2.0,2.01
0.0,81.0,8532.0,3,4,4.0,1,3.0,2.0,4,9.6830758001837,0.0,2.0,1.93
0.0,81.0,8505.0,3,3,3.0,0,3.0,2.0,4,9.6830758001837,0.0,2.0,1.28
0.0,81.0,8512.0,3,4,4.0,1,3.0,2.0,4,9.6830758001837,0.0,2.0,1.91
0.0,81.0,8524.0,3,3,3.0,0,3.0,2.0,4,9.6830758001837,0.0,2.0,1.34
0.0,12.0,12879.0,3,3,3.0,0,3.0,2.0,4,8.234325662834179,2.0,0.0,1.7
0.0,68.0,15909.0,3,3,3.0,1,0.0,0.0,4,11.333973268769041,0.0,2.0,3.5
0.0,96.0,7871.0,4,3,3.0,1,1.0,2.0,5,19.438662025225774,2.0,2.0,1.83
0.0,94.0,8639.0,3,4,4.0,1,2.0,1.0,4,17.784613471274927,1.0,1.0,1.25
0.0,86.0,12000.0,3,4,4.0,1,3.0,0.0,4,15.577472593050006,2.0,2.0,1.8
0.0,86.0,9675.0,3,3,3.0,1,3.0,1.0,4,15.577472593050006,1.0,0.0,1.4
0.0,77.0,11000.0,2,2,4.0,0,3.0,2.0,4,12.066951512075823,0.0,0.0,1.54
0.0,55.0,24490.0,3,4,4.0,1,0.0,0.0,4,5.956010036535056,1.0,2.0,6.0
0.0,56.0,25867.0,3,4,4.0,1,3.0,0.0,5,6.238294193827314,1.0,3.0,4.85
0.0,56.0,25920.0,3,4,4.0,1,3.0,0.0,5,6.238294193827314,1.0,2.0,4.86
0.0,49.0,20901.0,3,3,4.0,1,0.0,1.0,5,10.520480675103999,2.0,2.0,5.15
0.0,49.0,24926.0,4,4,4.0,1,0.0,0.0,5,10.520480675103999,2.0,2.0,9.3
0.0,49.0,10023.0,3,4,2.0,0,3.0,2.0,4,10.520480675103999,1.0,2.0,1.78
0.0,50.0,12786.0,3,3,3.0,1,2.0,2.0,4,9.85228261520027,1.0,2.0,1.79
0.0,57.0,9600.0,3,3,2.0,0,0.0,0.0,4,7.7491651619718285,1.0,2.0,1.44
0.0,58.0,8595.0,4,3,4.0,0,2.0,0.0,4,7.763932572686242,1.0,2.0,1.59
0.0,58.0,11056.0,4,4,4.0,0,2.0,0.0,4,7.763932572686242,2.0,2.0,1.99
0.0,58.0,8324.0,3,3,2.0,1,2.0,0.0,4,7.763932572686242,2.0,2.0,1.54
0.0,58.0,8424.0,3,2,3.0,1,2.0,0.0,4,7.763932572686242,2.0,2.0,1.39
0.0,58.0,7565.0,3,3,4.0,1,2.0,0.0,4,7.763932572686242,2.0,1.0,1.74
0.0,5.0,10535.0,2,2,3.0,0,3.0,2.0,4,11.688077620313686,1.0,2.0,1.28
0.0,12.0,8000.0,3,4,4.0,1,3.0,2.0,4,8.234325662834179,0.0,2.0,1.72
0.0,12.0,8571.0,3,3,4.0,0,3.0,2.0,4,8.234325662834179,0.0,2.0,1.5
0.0,5.0,10307.0,2,2,3.0,0,3.0,2.0,4,11.688077620313686,1.0,1.0,1.41
0.0,12.0,6977.0,3,4,4.0,1,3.0,2.0,4,8.234325662834179,1.0,2.0,1.5
0.0,12.0,6744.0,3,4,4.0,1,3.0,2.0,4,8.234325662834179,2.0,2.0,1.45
0.0,88.0,7575.0,4,4,3.0,0,3.0,2.0,4,16.678635298845226,1.0,1.0,2.13
0.0,88.0,8306.0,3,4,3.0,1,3.0,2.0,4,16.678635298845226,1.0,2.0,2.0
0.0,88.0,7468.0,4,4,3.0,1,3.0,2.0,4,16.678635298845226,1.0,2.0,2.1
0.0,88.0,7575.0,4,4,3.0,0,3.0,2.0,4,16.678635298845226,1.0,2.0,2.13
0.0,88.0,7180.0,2,2,3.0,0,3.0,2.0,4,16.678635298845226,1.0,2.0,1.25
0.0,86.0,7225.0,2,2,3.0,0,3.0,2.0,4,15.577472593050006,1.0,2.0,1.19
0.0,88.0,7002.0,2,2,3.0,0,3.0,2.0,4,16.678635298845226,1.0,0.0,1.17
0.0,88.0,7432.0,4,4,3.0,1,3.0,2.0,4,16.678635298845226,1.0,2.0,2.09
0.0,88.0,7717.0,4,4,3.0,1,3.0,2.0,4,16.678635298845226,1.0,2.0,2.17
0.0,88.0,7610.0,4,4,3.0,1,3.0,2.0,4,16.678635298845226,1.0,2.0,2.14
0.0,88.0,7468.0,4,4,3.0,0,3.0,2.0,4,16.678635298845226,1.0,1.0,2.1
0.0,88.0,8223.0,3,4,3.0,0,3.0,2.0,4,16.678635298845226,1.0,2.0,1.98
0.0,88.0,7122.0,2,2,3.0,0,3.0,2.0,4,16.678635298845226,1.0,2.0,1.24
0.0,88.0,7169.0,2,2,3.0,0,3.0,2.0,4,16.678635298845226,1.0,2.0,1.18
0.0,88.0,7151.0,2,2,3.0,0,3.0,2.0,4,16.678635298845226,1.0,0.0,1.2
0.0,88.0,7121.0,2,2,3.0,0,3.0,2.0,4,16.678635298845226,1.0,0.0,1.19
0.0,50.0,11579.0,3,3,3.0,0,3.0,2.0,4,9.85228261520027,1.0,1.0,2.09
0.0,50.0,11887.0,3,3,3.0,0,3.0,2.0,4,9.85228261520027,1.0,1.0,2.45
0.0,50.0,10969.0,3,3,3.0,0,3.0,2.0,4,9.85228261520027,1.0,0.0,2.23
0.0,50.0,11836.0,5,6,4.0,1,3.0,2.0,4,9.85228261520027,1.0,0.0,4.21
0.0,50.0,11699.0,5,4,4.0,1,3.0,2.0,4,9.85228261520027,1.0,0.0,4.16
0.0,50.0,10984.0,5,5,4.0,1,0.0,2.0,4,9.85228261520027,1.0,0.0,4.52
0.0,81.0,6552.0,2,2,3.0,0,3.0,0.0,4,9.6830758001837,0.0,2.0,0.95
0.0,68.0,11219.0,2,3,3.0,1,3.0,0.0,5,11.333973268769041,2.0,1.0,1.5
0.0,61.0,13058.0,4,4,4.0,1,3.0,0.0,5,10.334704847328963,0.0,0.0,5.0
0.0,75.0,16032.0,4,5,4.0,1,3.0,0.0,4,10.518733742236972,0.0,0.0,4.0
0.0,97.0,6710.0,2,2,2.0,0,3.0,2.0,4,17.701541160038953,1.0,2.0,0.365
0.0,84.0,6786.0,4,4,4.0,1,3.0,0.0,5,18.239734168866327,0.0,0.0,4.7
0.0,84.0,10626.0,2,2,2.0,0,3.0,0.0,5,18.239734168866327,2.0,1.0,0.95
0.0,97.0,6387.0,2,2,2.0,0,3.0,2.0,4,17.701541160038953,1.0,2.0,0.38
0.0,86.0,6051.0,3,3,3.0,1,3.0,0.0,4,15.577472593050006,2.0,0.0,1.1
0.0,96.0,7568.0,3,4,3.0,1,3.0,0.0,5,19.438662025225774,1.0,0.0,1.55
0.0,96.0,9688.0,3,3,3.0,1,3.0,0.0,5,19.438662025225774,1.0,0.0,1.55
0.0,96.0,8333.0,4,5,4.0,1,3.0,0.0,5,19.438662025225774,1.0,0.0,2.0
0.0,84.0,14603.0,3,4,4.0,1,3.0,0.0,4,18.239734168866327,2.0,3.0,2.3
0.0,88.0,7468.0,4,5,4.0,0,3.0,0.0,4,16.678635298845226,2.0,2.0,2.1
0.0,86.0,4545.0,3,3,1.0,0,3.0,0.0,4,15.577472593050006,2.0,2.0,1.3
0.0,84.0,6319.0,2,2,1.0,0,3.0,0.0,3,18.239734168866327,1.0,0.0,0.4
0.0,75.0,15103.0,3,4,4.0,1,1.0,1.0,4,10.518733742236972,0.0,0.0,3.3
0.0,73.0,8462.0,2,2,2.0,0,1.0,2.0,4,12.87125291025613,1.0,1.0,1.1
0.0,88.0,9677.0,2,2,4.0,0,3.0,2.0,4,16.678635298845226,0.0,2.0,1.2
0.0,88.0,10925.0,4,5,4.0,1,3.0,2.0,4,16.678635298845226,0.0,2.0,2.15
0.0,88.0,11869.0,3,4,3.0,1,3.0,2.0,4,16.678635298845226,0.0,2.0,2.0
0.0,88.0,8721.0,3,4,4.0,1,3.0,2.0,4,16.678635298845226,0.0,2.0,2.1
0.0,88.0,10453.0,2,2,4.0,0,3.0,2.0,4,16.678635298845226,0.0,1.0,1.2
0.0,88.0,7780.0,2,2,4.0,0,3.0,2.0,4,16.678635298845226,0.0,0.0,1.3
0.0,88.0,10484.0,2,2,4.0,0,3.0,2.0,4,16.678635298845226,0.0,2.0,1.3
0.0,88.0,7317.0,2,2,4.0,0,3.0,2.0,4,16.678635298845226,0.0,0.0,1.2
0.0,88.0,6318.0,2,2,4.0,0,3.0,2.0,4,16.678635298845226,0.0,2.0,1.1
0.0,88.0,10889.0,2,2,4.0,0,3.0,2.0,4,16.678635298845226,0.0,0.0,1.25
0.0,88.0,10017.0,2,2,4.0,0,3.0,2.0,4,16.678635298845226,0.0,0.0,1.15
0.0,73.0,10258.0,3,4,4.0,0,3.0,1.0,4,12.87125291025613,1.0,0.0,1.75
0.0,73.0,8462.0,3,5,3.0,1,3.0,2.0,4,12.87125291025613,0.0,2.0,1.65
0.0,7.0,10408.0,4,4,4.0,1,3.0,2.0,4,9.444756665310383,1.0,2.0,2.55
0.0,75.0,13425.0,4,4,4.0,1,3.0,2.0,4,10.518733742236972,1.0,3.0,3.9
0.0,70.0,8675.0,2,2,3.0,0,3.0,0.0,4,12.476058817032778,0.0,1.0,1.08
0.0,70.0,9231.0,3,3,4.0,0,3.0,0.0,4,12.476058817032778,2.0,0.0,1.8
0.0,70.0,9076.0,2,2,3.0,0,3.0,0.0,4,12.476058817032778,0.0,2.0,1.13
0.0,70.0,9128.0,3,3,4.0,0,3.0,0.0,4,12.476058817032778,2.0,3.0,1.78
0.0,70.0,8987.0,2,2,3.0,0,3.0,0.0,4,12.476058817032778,2.0,1.0,1.1
0.0,73.0,11628.0,3,3,4.0,0,3.0,0.0,4,12.87125291025613,0.0,0.0,2.5
0.0,88.0,7641.0,3,4,3.0,0,3.0,2.0,4,16.678635298845226,0.0,2.0,1.84
0.0,88.0,10094.0,2,3,3.0,0,3.0,0.0,4,16.678635298845226,0.0,0.0,1.18
0.0,73.0,8359.0,3,3,3.0,1,1.0,2.0,4,12.87125291025613,1.0,2.0,1.63
0.0,5.0,7817.0,4,5,4.0,1,3.0,2.0,4,11.688077620313686,2.0,2.0,2.5
0.0,10.0,6141.0,3,4,4.0,1,3.0,2.0,4,11.184849992510118,2.0,2.0,1.45
0.0,11.0,6826.0,3,3,4.0,0,3.0,2.0,4,10.594295381059624,2.0,2.0,1.2
0.0,11.0,7988.0,3,4,4.0,1,3.0,0.0,4,10.594295381059624,2.0,2.0,1.6
0.0,69.0,11855.0,2,2,2.0,0,3.0,2.0,4,12.360901540268934,2.0,1.0,0.62
0.0,69.0,10516.0,2,2,2.0,0,3.0,2.0,4,12.360901540268934,2.0,2.0,0.55
0.0,63.0,13936.0,3,4,4.0,1,3.0,0.0,5,10.710917975741815,0.0,2.0,2.85
0.0,88.0,7988.0,2,2,2.0,1,3.0,2.0,4,16.678635298845226,2.0,2.0,1.31
0.0,88.0,11179.0,4,5,4.0,1,3.0,2.0,4,16.678635298845226,0.0,2.0,2.2
0.0,16.0,11538.0,3,3,2.0,0,3.0,0.0,4,7.403877093236538,1.0,1.0,3.0
0.0,89.0,6736.0,3,3,3.0,1,3.0,0.0,4,17.99082227512503,1.0,0.0,1.3
0.0,5.0,7561.0,3,4,3.0,1,3.0,0.0,4,11.688077620313686,2.0,2.0,1.95
0.0,11.0,7015.0,2,3,3.0,1,3.0,2.0,4,10.594295381059624,2.0,1.0,0.9
0.0,10.0,6176.0,3,3,3.0,0,3.0,0.0,4,11.184849992510118,1.0,2.0,1.2
0.0,10.0,6569.0,2,2,1.0,0,3.0,2.0,4,11.184849992510118,1.0,2.0,0.36
0.0,10.0,6752.0,2,2,1.0,0,3.0,2.0,4,11.184849992510118,1.0,2.0,0.37
0.0,10.0,4762.0,3,2,2.0,0,3.0,2.0,4,11.184849992510118,1.0,2.0,0.5
0.0,45.0,16231.0,4,5,3.0,1,0.0,1.0,5,4.4235297248137915,2.0,2.0,8.44
0.0,85.0,6257.0,3,3,2.0,0,3.0,0.0,3,16.990726505283792,1.0,0.0,1.12
0.0,85.0,8000.0,3,4,2.0,1,3.0,0.0,3,16.990726505283792,0.0,2.0,1.12
0.0,84.0,6500.0,2,2,2.0,0,3.0,2.0,3,18.239734168866327,1.0,2.0,0.39
0.0,84.0,9500.0,1,1,2.0,0,3.0,2.0,3,18.239734168866327,1.0,2.0,0.38
0.0,73.0,8462.0,3,3,2.0,0,3.0,2.0,4,12.87125291025613,2.0,2.0,1.65
0.0,73.0,8519.0,2,2,2.0,0,3.0,2.0,4,12.87125291025613,2.0,2.0,1.15
0.0,63.0,23344.0,2,3,2.0,1,3.0,0.0,5,10.710917975741815,1.0,2.0,2.15
0.0,73.0,8750.0,4,5,4.0,1,0.0,0.0,3,12.87125291025613,2.0,2.0,2.1
0.0,73.0,8333.0,4,5,4.0,1,0.0,0.0,3,12.87125291025613,2.0,2.0,2.0
0.0,50.0,10526.0,3,3,3.0,1,0.0,0.0,4,9.85228261520027,2.0,2.0,1.9
0.0,56.0,7067.0,3,3,4.0,0,0.0,0.0,4,6.238294193827314,2.0,2.0,1.59
0.0,58.0,7632.0,3,3,4.0,0,0.0,0.0,4,7.763932572686242,2.0,1.0,1.45
0.0,58.0,7228.0,3,3,3.0,0,0.0,0.0,4,7.763932572686242,2.0,2.0,1.39
0.0,55.0,17271.0,3,4,4.0,1,3.0,0.0,3,5.956010036535056,1.0,2.0,5.0
0.0,58.0,7006.0,3,3,4.0,0,0.0,0.0,4,7.763932572686242,2.0,2.0,1.65
0.0,69.0,9265.0,3,3,2.0,0,1.0,0.0,4,12.360901540268934,2.0,2.0,1.6
0.0,58.0,7225.0,3,3,3.0,0,0.0,0.0,4,7.763932572686242,2.0,2.0,1.38
0.0,69.0,9370.0,3,3,2.0,0,1.0,0.0,4,12.360901540268934,2.0,2.0,1.8
0.0,69.0,9380.0,3,3,2.0,0,1.0,0.0,4,12.360901540268934,0.0,2.0,1.62
0.0,58.0,6649.0,3,5,4.0,0,0.0,0.0,4,7.763932572686242,2.0,2.0,1.5
0.0,69.0,9531.0,3,4,3.0,0,1.0,0.0,4,12.360901540268934,2.0,2.0,1.85
0.0,69.0,14658.0,3,3,3.0,1,1.0,0.0,4,12.360901540268934,2.0,2.0,1.8
0.0,39.0,8215.0,4,3,3.0,0,3.0,0.0,4,11.022736662002515,0.0,0.0,1.8
0.0,73.0,13953.0,3,3,3.0,1,3.0,2.0,4,12.87125291025613,2.0,2.0,1.62
0.0,39.0,8124.0,4,3,3.0,1,3.0,2.0,4,11.022736662002515,2.0,2.0,1.78
0.0,39.0,8559.0,3,3,4.0,0,3.0,2.0,4,11.022736662002515,2.0,0.0,1.55
0.0,45.0,9434.0,4,4,4.0,0,3.0,0.0,4,4.4235297248137915,2.0,1.0,2.5
0.0,48.0,10307.0,3,4,4.0,1,0.0,2.0,4,8.70926629658096,1.0,2.0,2.15
0.0,16.0,11530.0,4,6,4.0,1,0.0,0.0,4,7.403877093236538,0.0,0.0,5.6
0.0,79.0,8621.0,3,4,3.0,1,3.0,2.0,4,16.16370147099269,1.0,2.0,1.25
0.0,79.0,5296.0,3,4,4.0,1,3.0,2.0,4,16.16370147099269,1.0,2.0,1.1
0.0,31.0,22346.0,3,3,2.0,1,0.0,2.0,5,2.3586610749369834,1.0,2.0,6.0
0.0,31.0,22222.0,4,3,2.0,1,0.0,2.0,5,2.3586610749369834,1.0,2.0,7.0
0.0,52.0,8500.0,4,4,3.0,1,0.0,2.0,4,9.072597202187925,1.0,2.0,8.5
0.0,52.0,12272.0,4,3,3.0,1,0.0,2.0,4,9.072597202187925,1.0,2.0,6.0
0.0,52.0,8888.0,4,3,3.0,1,0.0,2.0,4,9.072597202187925,1.0,2.0,8.0
0.0,75.0,11427.0,4,5,4.0,1,3.0,2.0,4,10.518733742236972,1.0,0.0,3.5
0.0,75.0,13769.0,4,5,2.0,1,0.0,2.0,4,10.518733742236972,1.0,2.0,4.0
0.0,67.0,18182.0,3,3,2.0,0,0.0,2.0,5,10.356984533706918,2.0,0.0,7.0
0.0,67.0,12000.0,4,4,3.0,1,0.0,2.0,5,10.356984533706918,2.0,0.0,13.2
0.0,16.0,10417.0,4,5,3.0,0,3.0,2.0,4,7.403877093236538,1.0,0.0,6.5
0.0,75.0,15561.0,3,4,4.0,1,0.0,2.0,4,10.518733742236972,1.0,2.0,3.4
0.0,73.0,12009.0,3,2,2.0,1,0.0,2.0,4,12.87125291025613,2.0,0.0,2.6
0.0,75.0,11427.0,4,5,4.0,1,3.0,2.0,4,10.518733742236972,1.0,2.0,3.5
0.0,98.0,3664.0,3,3,2.0,0,3.0,2.0,4,19.467363206073667,1.0,2.0,0.72
0.0,16.0,11428.0,3,5,2.0,1,3.0,2.0,4,7.403877093236538,2.0,2.0,3.65
0.0,98.0,3651.0,2,2,2.0,0,1.0,2.0,4,19.467363206073667,1.0,2.0,0.28
0.0,52.0,11209.0,3,3,3.0,1,0.0,0.0,4,9.072597202187925,0.0,2.0,2.92
0.0,52.0,9913.0,3,3,4.0,0,0.0,0.0,4,9.072597202187925,0.0,0.0,1.82
0.0,70.0,8095.0,2,2,2.0,0,3.0,0.0,4,12.476058817032778,1.0,0.0,1.02
0.0,94.0,4815.0,2,2,3.0,0,3.0,2.0,4,17.784613471274927,2.0,2.0,0.65
0.0,96.0,6075.0,3,3,4.0,0,3.0,2.0,4,19.438662025225774,2.0,2.0,0.39
0.0,94.0,6326.0,3,3,4.0,0,3.0,0.0,4,17.784613471274927,2.0,0.0,1.15
0.0,67.0,13922.0,2,2,2.0,0,3.0,0.0,4,10.356984533706918,0.0,2.0,1.42
0.0,50.0,11559.0,3,3,3.0,0,3.0,2.0,4,9.85228261520027,1.0,0.0,2.35
0.0,50.0,11498.0,3,4,3.0,0,3.0,2.0,4,9.85228261520027,1.0,1.0,2.38
0.0,94.0,5959.0,3,3,4.0,1,3.0,2.0,4,17.784613471274927,2.0,2.0,1.15
0.0,94.0,6768.0,4,4,4.0,1,3.0,2.0,4,17.784613471274927,2.0,2.0,1.6
0.0,89.0,8205.0,3,4,4.0,1,0.0,2.0,4,17.99082227512503,2.0,0.0,1.28
0.0,94.0,5721.0,4,4,4.0,1,3.0,2.0,4,17.784613471274927,2.0,0.0,1.75
0.0,95.0,7403.0,4,4,4.0,1,3.0,2.0,4,19.432123901520796,2.0,2.0,1.75
0.0,15.0,11964.0,3,4,4.0,1,3.0,0.0,4,6.211211068500834,2.0,0.0,2.65
0.0,12.0,10597.0,3,4,3.0,1,3.0,2.0,4,8.234325662834179,1.0,0.0,2.22
0.0,7.0,8079.0,3,4,4.0,1,3.0,2.0,4,9.444756665310383,2.0,0.0,1.85
0.0,11.0,13351.0,2,3,3.0,1,3.0,0.0,4,10.594295381059624,1.0,0.0,0.98
0.0,6.0,8522.0,4,4,3.0,1,3.0,2.0,4,9.988958745407531,1.0,0.0,2.45
0.0,6.0,7882.0,3,3,4.0,1,3.0,0.0,4,9.988958745407531,1.0,0.0,1.34
0.0,5.0,9600.0,3,3,3.0,1,3.0,2.0,4,11.688077620313686,2.0,0.0,1.92
0.0,5.0,10058.0,3,3,4.0,0,3.0,2.0,4,11.688077620313686,1.0,2.0,1.9
0.0,5.0,10000.0,4,4,4.0,0,3.0,0.0,4,11.688077620313686,2.0,0.0,4.55
0.0,5.0,9333.0,3,3,3.0,1,3.0,2.0,4,11.688077620313686,1.0,0.0,1.54
0.0,89.0,6579.0,4,4,4.0,1,0.0,0.0,4,17.99082227512503,2.0,0.0,1.55
0.0,11.0,8387.0,3,3,4.0,1,3.0,0.0,4,10.594295381059624,2.0,2.0,1.68
0.0,73.0,10698.0,3,3,3.0,0,3.0,0.0,4,12.87125291025613,2.0,2.0,2.3
0.0,73.0,6588.0,3,3,4.0,0,3.0,2.0,4,12.87125291025613,0.0,1.0,0.975
0.0,94.0,5684.0,4,4,4.0,1,3.0,2.0,4,17.784613471274927,2.0,2.0,1.9
0.0,94.0,6557.0,4,4,4.0,1,3.0,2.0,4,17.784613471274927,2.0,1.0,1.55
0.0,94.0,6647.0,3,3,4.0,0,3.0,2.0,4,17.784613471274927,2.0,2.0,1.13
0.0,94.0,4404.0,3,4,3.0,1,3.0,2.0,4,17.784613471274927,2.0,2.0,0.85
0.0,50.0,11723.0,3,4,4.0,1,0.0,0.0,4,9.85228261520027,0.0,1.0,2.64
0.0,50.0,10417.0,3,3,3.0,0,0.0,0.0,4,9.85228261520027,0.0,2.0,2.1
0.0,5.0,11667.0,2,2,3.0,0,3.0,2.0,4,11.688077620313686,2.0,1.0,1.4
0.0,5.0,8788.0,3,3,2.0,1,3.0,0.0,4,11.688077620313686,0.0,2.0,1.45
0.0,94.0,6218.0,3,3,4.0,1,0.0,2.0,4,17.784613471274927,2.0,2.0,1.2
0.0,9.0,5571.0,1,1,1.0,0,3.0,2.0,4,9.080697225898227,0.0,2.0,0.39
0.0,74.0,7172.0,3,4,2.0,1,3.0,0.0,3,11.703579620081992,0.0,2.0,1.25
0.0,7.0,10905.0,2,2,2.0,0,3.0,2.0,4,9.444756665310383,2.0,0.0,1.59
0.0,15.0,11667.0,4,6,4.0,1,3.0,0.0,4,6.211211068500834,2.0,2.0,5.25
0.0,15.0,11525.0,4,5,4.0,1,3.0,0.0,4,6.211211068500834,2.0,0.0,3.4
0.0,16.0,11742.0,3,3,4.0,1,3.0,0.0,4,7.403877093236538,0.0,1.0,3.29
0.0,7.0,10163.0,3,3,4.0,1,3.0,0.0,4,9.444756665310383,2.0,0.0,2.49
0.0,5.0,9063.0,3,4,4.0,1,3.0,0.0,4,11.688077620313686,2.0,0.0,1.75
0.0,11.0,8240.0,4,5,4.0,1,3.0,0.0,4,10.594295381059624,2.0,2.0,2.29
0.0,5.0,10005.0,3,4,4.0,1,3.0,0.0,4,11.688077620313686,2.0,0.0,2.15
0.0,85.0,8850.0,2,2,2.0,0,3.0,0.0,4,16.990726505283792,0.0,0.0,0.885
0.0,52.0,11277.0,3,3,4.0,1,0.0,2.0,4,9.072597202187925,0.0,2.0,2.65
0.0,85.0,6022.0,2,2,2.0,0,3.0,0.0,4,16.990726505283792,0.0,0.0,0.86
0.0,81.0,8970.0,3,3,2.0,0,3.0,2.0,4,9.6830758001837,2.0,2.0,1.35
0.0,81.0,8522.0,3,3,2.0,0,3.0,2.0,4,9.6830758001837,2.0,2.0,1.69
0.0,7.0,8413.0,4,4,4.0,1,3.0,0.0,4,9.444756665310383,1.0,0.0,2.65
0.0,7.0,7642.0,3,4,4.0,1,3.0,0.0,4,9.444756665310383,1.0,0.0,1.75
0.0,10.0,10815.0,3,3,3.0,0,3.0,2.0,4,11.184849992510118,2.0,2.0,1.3
0.0,5.0,9449.0,3,3,3.0,1,3.0,2.0,4,11.688077620313686,1.0,2.0,1.75
0.0,94.0,6504.0,3,3,4.0,1,3.0,2.0,4,17.784613471274927,2.0,2.0,1.25
0.0,81.0,8054.0,3,3,4.0,0,3.0,0.0,4,9.6830758001837,0.0,0.0,1.2
0.0,81.0,8264.0,3,4,4.0,1,3.0,0.0,4,9.6830758001837,2.0,0.0,1.5
0.0,71.0,9951.0,4,4,2.0,0,3.0,2.0,4,12.058742283544236,0.0,1.0,2.05
0.0,71.0,9701.0,4,4,2.0,0,3.0,2.0,4,12.058742283544236,0.0,1.0,1.95
0.0,71.0,8815.0,2,3,1.0,0,3.0,0.0,4,12.058742283544236,0.0,1.0,1.19
0.0,71.0,9103.0,3,3,1.0,0,3.0,0.0,4,12.058742283544236,0.0,0.0,1.4
0.0,71.0,9459.0,3,4,2.0,0,3.0,0.0,4,12.058742283544236,0.0,1.0,1.75
0.0,71.0,8619.0,3,3,1.0,0,3.0,2.0,4,12.058742283544236,2.0,0.0,1.36
0.0,71.0,9569.0,3,3,2.0,0,3.0,1.0,4,12.058742283544236,0.0,1.0,1.51
0.0,84.0,9137.0,4,5,2.0,1,3.0,0.0,5,18.239734168866327,2.0,2.0,2.91
0.0,84.0,6687.0,3,2,4.0,0,3.0,2.0,5,18.239734168866327,0.0,2.0,1.1
0.0,87.0,4928.0,3,3,4.0,0,3.0,2.0,3,15.606419725807001,1.0,2.0,0.85
0.0,89.0,6905.0,2,2,1.0,0,3.0,2.0,4,17.99082227512503,1.0,2.0,0.415
0.0,87.0,6346.0,2,2,1.0,0,3.0,2.0,4,15.606419725807001,1.0,2.0,0.37
0.0,87.0,4822.0,3,3,3.0,0,3.0,2.0,3,15.606419725807001,2.0,0.0,0.88
0.0,87.0,4444.0,3,3,3.0,1,3.0,2.0,3,15.606419725807001,2.0,0.0,0.9
0.0,71.0,8888.0,3,3,2.0,0,3.0,2.0,4,12.058742283544236,2.0,1.0,1.43
0.0,71.0,8973.0,3,3,1.0,0,3.0,2.0,4,12.058742283544236,0.0,0.0,1.38
0.0,71.0,9583.0,4,4,2.0,0,3.0,2.0,4,12.058742283544236,0.0,1.0,2.0
0.0,71.0,9639.0,3,3,2.0,0,3.0,0.0,4,12.058742283544236,2.0,1.0,1.55
0.0,71.0,9252.0,3,3,2.0,0,3.0,0.0,4,12.058742283544236,0.0,1.0,1.46
0.0,71.0,10072.0,3,3,2.0,0,3.0,2.0,4,12.058742283544236,0.0,1.0,1.68
0.0,71.0,8889.0,2,3,1.0,0,3.0,2.0,4,12.058742283544236,0.0,1.0,1.2
0.0,71.0,10134.0,3,3,2.0,0,3.0,2.0,4,12.058742283544236,0.0,1.0,1.66
0.0,71.0,10139.0,3,3,2.0,0,3.0,2.0,4,12.058742283544236,0.0,1.0,1.6
0.0,71.0,9514.0,3,4,2.0,0,3.0,2.0,4,12.058742283544236,0.0,1.0,1.76
0.0,87.0,5000.0,2,2,2.0,0,3.0,2.0,3,15.606419725807001,1.0,0.0,0.6
0.0,87.0,5041.0,3,3,3.0,0,3.0,2.0,3,15.606419725807001,2.0,1.0,0.92
0.0,87.0,5111.0,2,2,4.0,0,3.0,2.0,3,15.606419725807001,2.0,2.0,0.69
0.0,94.0,6387.0,4,4,4.0,1,3.0,0.0,4,17.784613471274927,0.0,2.0,1.51
0.0,96.0,4587.0,3,3,2.0,0,3.0,2.0,4,19.438662025225774,1.0,2.0,0.65
0.0,96.0,4080.0,3,2,2.0,0,3.0,2.0,3,19.438662025225774,2.0,1.0,0.51
0.0,85.0,5591.0,2,2,4.0,0,3.0,2.0,4,16.990726505283792,2.0,1.0,0.634
0.0,89.0,5785.0,4,4,4.0,1,0.0,2.0,4,17.99082227512503,2.0,0.0,1.54
0.0,84.0,6985.0,2,2,2.0,0,3.0,0.0,5,18.239734168866327,0.0,0.0,0.95
0.0,94.0,6926.0,3,3,4.0,0,3.0,2.0,4,17.784613471274927,2.0,3.0,1.21
0.0,84.0,11190.0,3,4,4.0,1,3.0,1.0,4,18.239734168866327,2.0,2.0,2.2
0.0,94.0,7449.0,4,4,4.0,0,3.0,0.0,4,17.784613471274927,0.0,0.0,1.65
0.0,87.0,4932.0,3,3,3.0,0,3.0,2.0,3,15.606419725807001,2.0,0.0,0.9
0.0,87.0,4458.0,2,2,4.0,0,3.0,2.0,3,15.606419725807001,2.0,0.0,0.535
0.0,87.0,4869.0,4,4,4.0,1,3.0,2.0,3,15.606419725807001,2.0,0.0,1.02
0.0,94.0,8040.0,4,4,4.0,0,3.0,2.0,4,17.784613471274927,2.0,0.0,1.78
0.0,94.0,7104.0,3,3,4.0,1,3.0,2.0,4,17.784613471274927,0.0,0.0,1.29
0.0,94.0,5930.0,3,3,3.0,0,3.0,2.0,4,17.784613471274927,2.0,0.0,1.25
0.0,84.0,11726.0,3,3,2.0,1,3.0,1.0,4,18.239734168866327,2.0,2.0,2.5
0.0,73.0,10723.0,3,4,3.0,1,3.0,2.0,4,12.87125291025613,0.0,2.0,2.52
0.0,37.0,12778.0,4,4,4.0,1,1.0,2.0,4,8.807024823365314,1.0,2.0,2.3
0.0,37.0,11923.0,3,3,4.0,0,1.0,0.0,4,8.807024823365314,1.0,2.0,1.55
0.0,94.0,6218.0,3,3,4.0,0,3.0,2.0,4,17.784613471274927,1.0,0.0,1.2
0.0,94.0,6980.0,4,4,4.0,1,0.0,0.0,4,17.784613471274927,2.0,0.0,1.65
0.0,81.0,8389.0,3,3,4.0,0,3.0,0.0,4,9.6830758001837,1.0,0.0,1.25
0.0,81.0,8054.0,3,3,3.0,0,3.0,0.0,4,9.6830758001837,1.0,0.0,1.2
0.0,71.0,11388.0,3,3,3.0,0,3.0,2.0,4,12.058742283544236,1.0,0.0,2.06
0.0,71.0,11424.0,3,3,3.0,0,3.0,2.0,4,12.058742283544236,1.0,0.0,2.07
0.0,73.0,8205.0,3,5,3.0,1,3.0,2.0,4,12.87125291025613,0.0,2.0,1.6
0.0,71.0,8518.0,3,3,2.0,0,3.0,0.0,4,12.058742283544236,0.0,0.0,1.31
0.0,71.0,15360.0,4,4,2.0,0,3.0,2.0,4,12.058742283544236,0.0,1.0,1.92
0.0,71.0,9453.0,4,4,2.0,0,3.0,2.0,4,12.058742283544236,0.0,2.0,1.9
0.0,71.0,9823.0,4,6,4.0,1,3.0,2.0,4,12.058742283544236,0.0,0.0,3.1
0.0,71.0,8929.0,3,3,1.0,0,3.0,2.0,4,12.058742283544236,0.0,0.0,1.4
0.0,71.0,9125.0,3,3,2.0,0,3.0,2.0,4,12.058742283544236,0.0,1.0,1.44
0.0,71.0,9664.0,4,5,4.0,1,3.0,2.0,4,12.058742283544236,1.0,0.0,3.05
0.0,71.0,8112.0,3,3,2.0,0,3.0,0.0,4,12.058742283544236,1.0,0.0,1.28
0.0,71.0,10139.0,3,3,2.0,0,3.0,2.0,4,12.058742283544236,1.0,1.0,1.6
0.0,71.0,9453.0,4,4,2.0,0,3.0,2.0,4,12.058742283544236,1.0,1.0,1.9
0.0,71.0,10773.0,3,3,2.0,0,3.0,2.0,4,12.058742283544236,1.0,1.0,1.7
0.0,71.0,8619.0,3,3,2.0,0,3.0,0.0,4,12.058742283544236,1.0,0.0,1.36
0.0,71.0,8973.0,3,3,1.0,0,3.0,2.0,4,12.058742283544236,0.0,0.0,1.38
0.0,84.0,6928.0,3,2,4.0,0,3.0,2.0,5,18.239734168866327,2.0,0.0,1.15
0.0,71.0,8929.0,3,3,1.0,0,3.0,2.0,4,12.058742283544236,0.0,0.0,1.4
0.0,71.0,8908.0,3,3,1.0,0,3.0,2.0,4,12.058742283544236,2.0,0.0,1.37
0.0,71.0,8917.0,3,3,1.0,0,3.0,2.0,4,12.058742283544236,2.0,0.0,1.4
0.0,86.0,6190.0,2,2,2.0,0,3.0,0.0,4,15.577472593050006,0.0,1.0,0.65
0.0,86.0,5714.0,2,2,2.0,0,3.0,0.0,4,15.577472593050006,0.0,1.0,0.6
0.0,79.0,5589.0,2,2,2.0,0,3.0,0.0,4,16.16370147099269,0.0,2.0,0.75
0.0,84.0,6985.0,2,2,2.0,0,3.0,0.0,5,18.239734168866327,0.0,0.0,0.95
0.0,87.0,6465.0,3,3,3.0,0,3.0,0.0,5,15.606419725807001,0.0,2.0,1.24
0.0,87.0,6207.0,3,3,4.0,0,3.0,2.0,3,15.606419725807001,0.0,0.0,0.9
0.0,81.0,8025.0,3,3,4.0,0,3.0,0.0,4,9.6830758001837,2.0,1.0,1.3
0.0,87.0,6083.0,2,2,4.0,0,3.0,2.0,3,15.606419725807001,0.0,2.0,0.73
0.0,89.0,6114.0,3,3,3.0,1,0.0,2.0,4,17.99082227512503,2.0,2.0,1.26
0.0,94.0,6477.0,3,3,4.0,1,3.0,2.0,4,17.784613471274927,2.0,2.0,1.25
0.0,94.0,6894.0,4,4,4.0,1,3.0,2.0,4,17.784613471274927,0.0,0.0,1.88
0.0,94.0,6736.0,3,3,4.0,1,3.0,0.0,4,17.784613471274927,2.0,2.0,1.3
0.0,89.0,7321.0,2,2,2.0,0,3.0,0.0,4,17.99082227512503,1.0,2.0,0.44
0.0,87.0,4870.0,3,3,4.0,0,1.0,2.0,3,15.606419725807001,1.0,2.0,0.84
0.0,87.0,4580.0,3,3,4.0,0,1.0,2.0,3,15.606419725807001,1.0,2.0,0.79
0.0,85.0,5444.0,4,5,4.0,1,3.0,2.0,4,16.990726505283792,2.0,0.0,1.38
0.0,11.0,15196.0,3,3,2.0,0,1.0,2.0,4,10.594295381059624,1.0,0.0,2.6
0.0,71.0,8445.0,4,4,2.0,0,3.0,2.0,4,12.058742283544236,2.0,2.0,1.7
0.0,71.0,8433.0,4,4,2.0,0,1.0,2.0,4,12.058742283544236,2.0,2.0,1.7
0.0,71.0,8855.0,3,3,2.0,0,3.0,2.0,4,12.058742283544236,2.0,2.0,1.4
0.0,71.0,8358.0,4,4,2.0,0,3.0,2.0,4,12.058742283544236,2.0,2.0,1.68
0.0,71.0,8458.0,4,4,2.0,0,3.0,2.0,4,12.058742283544236,2.0,1.0,1.7
0.0,71.0,8838.0,3,3,2.0,0,3.0,2.0,4,12.058742283544236,2.0,1.0,1.4
0.0,39.0,13333.0,3,3,3.0,0,3.0,2.0,4,11.022736662002515,2.0,2.0,1.2
0.0,81.0,13296.0,2,2,3.0,0,3.0,2.0,4,9.6830758001837,1.0,2.0,0.96
0.0,89.0,15294.0,2,3,3.0,0,3.0,0.0,4,17.99082227512503,2.0,2.0,1.3
0.0,96.0,7547.0,3,3,3.0,1,3.0,0.0,5,19.438662025225774,1.0,2.0,1.6
0.0,89.0,8446.0,3,4,3.0,1,3.0,2.0,4,17.99082227512503,2.0,0.0,1.93
0.0,96.0,7760.0,3,3,2.0,0,3.0,2.0,5,19.438662025225774,2.0,2.0,1.42
0.0,84.0,10476.0,3,4,4.0,1,3.0,1.0,4,18.239734168866327,1.0,0.0,2.2
0.0,89.0,6998.0,3,3,1.0,0,3.0,2.0,5,17.99082227512503,0.0,2.0,1.35
0.0,89.0,8707.0,3,4,3.0,1,3.0,2.0,4,17.99082227512503,2.0,2.0,1.65
0.0,49.0,8606.0,3,3,3.0,0,0.0,1.0,4,10.520480675103999,0.0,1.0,1.42
0.0,9.0,9735.0,3,4,4.0,1,3.0,0.0,4,9.080697225898227,0.0,2.0,1.1
0.0,99.0,6159.0,3,5,3.0,1,3.0,2.0,3,12.749467120010372,2.0,2.0,1.23
0.0,96.0,7812.0,3,3,3.0,0,3.0,2.0,5,19.438662025225774,1.0,2.0,1.5
0.0,94.0,5000.0,2,2,2.0,0,2.0,2.0,4,17.784613471274927,2.0,0.0,0.65
0.0,94.0,4923.0,2,2,3.0,0,2.0,2.0,4,17.784613471274927,2.0,2.0,0.64
0.0,39.0,8791.0,3,3,2.0,0,3.0,2.0,4,11.022736662002515,2.0,0.0,1.65
0.0,39.0,8298.0,2,2,2.0,0,3.0,2.0,4,11.022736662002515,2.0,1.0,1.17
0.0,39.0,8007.0,3,3,3.0,0,3.0,2.0,4,11.022736662002515,2.0,2.0,1.45
0.0,5.0,13929.0,3,3,3.0,0,1.0,0.0,4,11.688077620313686,0.0,2.0,1.95
0.0,84.0,10000.0,4,4,4.0,1,3.0,0.0,5,18.239734168866327,2.0,3.0,4.2
0.0,96.0,7769.0,3,4,3.0,1,3.0,2.0,5,19.438662025225774,1.0,2.0,1.55
0.0,88.0,7715.0,3,4,3.0,1,3.0,2.0,4,16.678635298845226,0.0,2.0,1.58
0.0,69.0,11990.0,3,4,4.0,1,0.0,0.0,4,12.360901540268934,2.0,0.0,2.32
0.0,89.0,8446.0,3,4,3.0,0,3.0,2.0,4,17.99082227512503,1.0,1.0,1.25
0.0,60.0,13480.0,2,2,1.0,0,3.0,0.0,5,8.951707106587179,2.0,2.0,2.2
0.0,9.0,9979.0,4,6,4.0,1,3.0,2.0,4,9.080697225898227,0.0,2.0,1.4
0.0,9.0,11605.0,3,3,3.0,0,3.0,2.0,4,9.080697225898227,0.0,0.0,1.2
0.0,90.0,7360.0,2,2,2.0,0,3.0,2.0,4,15.22123338101124,0.0,2.0,0.92
0.0,9.0,10656.0,3,4,3.0,1,3.0,2.0,4,9.080697225898227,0.0,0.0,1.25
0.0,9.0,11062.0,3,4,4.0,1,3.0,2.0,4,9.080697225898227,0.0,2.0,1.25
0.0,50.0,10577.0,3,3,1.0,0,0.0,2.0,4,9.85228261520027,0.0,2.0,1.85
0.0,50.0,8622.0,3,3,3.0,0,0.0,2.0,4,9.85228261520027,0.0,2.0,1.69
0.0,68.0,15902.0,3,3,2.0,0,3.0,2.0,4,11.333973268769041,2.0,2.0,3.5
0.0,68.0,15130.0,2,2,2.0,0,3.0,0.0,4,11.333973268769041,2.0,2.0,1.51
0.0,49.0,7654.0,3,3,4.0,1,0.0,0.0,4,10.520480675103999,2.0,2.0,1.86
0.0,11.0,8487.0,3,4,4.0,1,3.0,2.0,4,10.594295381059624,2.0,0.0,1.7
0.0,11.0,8554.0,3,3,4.0,1,3.0,2.0,4,10.594295381059624,2.0,0.0,2.0
0.0,7.0,6779.0,3,4,4.0,1,3.0,2.0,3,9.444756665310383,2.0,0.0,1.25
0.0,7.0,5950.0,3,3,3.0,0,3.0,2.0,3,9.444756665310383,2.0,0.0,0.98
0.0,7.0,5878.0,2,2,4.0,0,3.0,2.0,3,9.444756665310383,2.0,2.0,0.85
0.0,7.0,5910.0,2,2,3.0,0,3.0,2.0,3,9.444756665310383,2.0,2.0,0.75
0.0,10.0,6135.0,2,2,1.0,0,3.0,2.0,4,11.184849992510118,1.0,2.0,0.3
0.0,12.0,9742.0,3,3,3.0,0,3.0,2.0,4,8.234325662834179,2.0,0.0,1.7
0.0,12.0,8000.0,3,3,4.0,0,3.0,2.0,4,8.234325662834179,2.0,0.0,1.4
0.0,69.0,9844.0,3,3,2.0,1,1.0,0.0,4,12.360901540268934,1.0,2.0,1.7
0.0,94.0,4615.0,3,4,3.0,1,3.0,2.0,4,17.784613471274927,0.0,2.0,0.9
0.0,94.0,4854.0,4,4,3.0,0,3.0,2.0,4,17.784613471274927,0.0,2.0,1.25
0.0,94.0,4815.0,2,2,3.0,0,3.0,2.0,4,17.784613471274927,0.0,2.0,0.65
0.0,94.0,4615.0,3,4,3.0,1,3.0,2.0,4,17.784613471274927,0.0,2.0,0.9
0.0,94.0,4815.0,2,2,3.0,0,3.0,2.0,4,17.784613471274927,0.0,2.0,0.65
0.0,94.0,5077.0,2,2,3.0,0,3.0,2.0,4,17.784613471274927,2.0,2.0,0.66
0.0,2.0,3516.0,3,3,4.0,1,0.0,2.0,4,24.68171523417974,1.0,2.0,0.91
0.0,2.0,3696.0,3,3,2.0,0,0.0,2.0,3,24.68171523417974,1.0,1.0,0.85
0.0,3.0,3696.0,3,3,4.0,1,3.0,2.0,4,20.301911733169813,1.0,2.0,0.85
0.0,67.0,14684.0,4,4,0.0,0,3.0,2.0,4,10.356984533706918,2.0,1.0,2.9
0.0,67.0,14430.0,4,4,3.0,1,3.0,2.0,4,10.356984533706918,1.0,2.0,2.85
0.0,67.0,13576.0,3,3,3.0,1,3.0,2.0,4,10.356984533706918,1.0,1.0,2.24
0.0,67.0,15455.0,3,3,3.0,1,3.0,2.0,4,10.356984533706918,1.0,2.0,2.55
0.0,67.0,14430.0,4,4,3.0,1,3.0,2.0,4,10.356984533706918,1.0,1.0,2.85
0.0,67.0,15152.0,3,3,3.0,1,3.0,2.0,4,10.356984533706918,1.0,2.0,2.5
0.0,52.0,12500.0,3,3,3.0,1,0.0,2.0,4,9.072597202187925,2.0,2.0,2.75
0.0,37.0,8738.0,3,4,2.0,1,0.0,2.0,4,8.807024823365314,1.0,2.0,1.35
0.0,52.0,11992.0,3,3,3.0,0,0.0,0.0,4,9.072597202187925,2.0,0.0,2.51
0.0,69.0,14268.0,4,4,4.0,1,3.0,0.0,4,12.360901540268934,0.0,0.0,4.5
0.0,52.0,11945.0,3,3,3.0,0,3.0,0.0,4,9.072597202187925,0.0,0.0,2.5
0.0,88.0,6951.0,2,2,3.0,0,3.0,2.0,4,16.678635298845226,2.0,2.0,1.14
0.0,88.0,6579.0,4,5,4.0,0,3.0,2.0,4,16.678635298845226,2.0,1.0,1.85
0.0,68.0,16471.0,3,4,3.0,1,3.0,0.0,4,11.333973268769041,2.0,2.0,2.8
0.0,68.0,14796.0,2,2,3.0,0,3.0,2.0,3,11.333973268769041,2.0,2.0,1.45
0.0,85.0,8120.0,3,3,3.0,0,0.0,0.0,4,16.990726505283792,2.0,2.0,0.8575
0.0,81.0,8556.0,3,3,3.0,0,3.0,0.0,4,9.6830758001837,0.0,0.0,1.28
0.0,81.0,8054.0,3,3,3.0,0,3.0,0.0,4,9.6830758001837,2.0,2.0,1.2
0.0,84.0,6928.0,3,2,4.0,0,3.0,0.0,5,18.239734168866327,2.0,2.0,1.15
0.0,84.0,8043.0,2,2,3.0,0,3.0,0.0,5,18.239734168866327,2.0,2.0,0.8798999999999999
0.0,84.0,7952.0,2,2,3.0,0,3.0,0.0,5,18.239734168866327,2.0,2.0,0.8698999999999999
0.0,6.0,8348.0,4,6,4.0,1,3.0,2.0,4,9.988958745407531,0.0,0.0,2.4
0.0,11.0,4637.0,3,3,2.0,1,3.0,2.0,3,10.594295381059624,2.0,1.0,0.85
0.0,5.0,17687.0,2,2,3.0,0,3.0,2.0,4,11.688077620313686,2.0,1.0,1.3
0.0,85.0,10283.0,3,3,4.0,0,3.0,0.0,4,16.990726505283792,1.0,1.0,1.85
0.0,5.0,17730.0,3,3,4.0,0,3.0,2.0,4,11.688077620313686,0.0,1.0,2.0
0.0,65.0,20996.0,4,6,3.0,1,3.0,0.0,4,9.6830758001837,0.0,0.0,9.95
0.0,65.0,19944.0,4,6,3.0,1,3.0,0.0,4,9.6830758001837,0.0,2.0,9.2
0.0,37.0,11251.0,3,3,3.0,0,2.0,2.0,4,8.807024823365314,2.0,2.0,1.79
0.0,12.0,8124.0,3,4,4.0,1,3.0,0.0,4,8.234325662834179,0.0,0.0,2.1
0.0,9.0,6000.0,3,4,3.0,1,3.0,2.0,4,9.080697225898227,1.0,2.0,1.14
0.0,99.0,5658.0,3,5,3.0,1,3.0,2.0,3,12.749467120010372,1.0,2.0,1.13
0.0,9.0,8537.0,3,4,4.0,1,3.0,2.0,4,9.080697225898227,0.0,2.0,1.05
0.0,17.0,11347.0,3,3,3.0,1,1.0,2.0,4,7.296451285525138,0.0,2.0,2.78
0.0,17.0,11654.0,2,2,3.0,0,1.0,2.0,4,7.296451285525138,0.0,1.0,1.55
0.0,17.0,13990.0,2,2,3.0,0,1.0,2.0,4,7.296451285525138,0.0,2.0,1.35
0.0,17.0,12000.0,2,2,3.0,0,1.0,2.0,4,7.296451285525138,0.0,2.0,1.38
0.0,17.0,10600.0,3,3,3.0,1,1.0,2.0,4,7.296451285525138,0.0,0.0,2.35
0.0,5.0,10638.0,3,3,3.0,0,3.0,2.0,4,11.688077620313686,2.0,1.0,1.8
0.0,5.0,10206.0,2,2,2.0,0,3.0,2.0,4,11.688077620313686,2.0,2.0,1.24
0.0,5.0,10492.0,2,2,2.0,0,3.0,2.0,4,11.688077620313686,2.0,2.0,0.96
0.0,5.0,9372.0,3,4,4.0,1,0.0,2.0,4,11.688077620313686,2.0,0.0,1.82
0.0,5.0,10376.0,4,5,4.0,1,0.0,2.0,4,11.688077620313686,2.0,0.0,2.65
0.0,5.0,10237.0,3,4,4.0,1,0.0,2.0,4,11.688077620313686,2.0,2.0,2.2
0.0,5.0,9218.0,3,4,4.0,1,0.0,2.0,4,11.688077620313686,2.0,2.0,1.78
0.0,12.0,6601.0,3,3,4.0,1,0.0,2.0,4,8.234325662834179,2.0,2.0,1.68
0.0,12.0,6915.0,3,2,3.0,0,0.0,2.0,4,8.234325662834179,2.0,0.0,1.3
0.0,10.0,8223.0,2,2,1.0,0,3.0,1.0,4,11.184849992510118,1.0,2.0,0.495
0.0,86.0,6207.0,3,3,3.0,0,3.0,2.0,4,15.577472593050006,2.0,2.0,1.08
0.0,81.0,8398.0,3,4,3.0,0,1.0,2.0,3,9.6830758001837,1.0,2.0,1.72
0.0,26.0,2051.0,2,2,2.0,0,0.0,2.0,4,3.909699014695983,1.0,1.0,0.16
0.0,100.0,2667.0,2,2,1.0,0,1.0,2.0,3,10.315343042261606,1.0,2.0,0.2
0.0,53.0,7892.0,2,2,1.0,0,3.0,2.0,4,7.639579072821835,1.0,2.0,0.715
0.0,100.0,6506.0,2,2,1.0,0,3.0,2.0,4,10.315343042261606,1.0,1.0,0.54
0.0,84.0,5265.0,2,2,2.0,0,0.0,2.0,4,18.239734168866327,2.0,0.0,0.645
0.0,49.0,9485.0,3,3,1.0,0,3.0,2.0,4,10.520480675103999,1.0,1.0,1.38
0.0,39.0,7627.0,2,3,2.0,0,3.0,2.0,4,11.022736662002515,1.0,2.0,0.45
0.0,38.0,9000.0,1,1,1.0,0,3.0,2.0,3,12.864118802682363,1.0,2.0,0.45
0.0,86.0,6553.0,3,2,3.0,0,3.0,2.0,4,15.577472593050006,1.0,0.0,1.15
0.0,50.0,11921.0,4,5,3.0,1,0.0,1.0,4,9.85228261520027,1.0,2.0,3.6
0.0,95.0,6870.0,2,2,2.0,0,3.0,1.0,4,19.432123901520796,2.0,0.0,0.9
0.0,58.0,9016.0,1,2,1.0,0,2.0,2.0,4,7.763932572686242,1.0,1.0,0.55
0.0,74.0,13177.0,1,1,0.0,0,1.0,2.0,2,11.703579620081992,2.0,2.0,0.9
0.0,15.0,14837.0,1,1,1.0,0,3.0,1.0,4,6.211211068500834,1.0,1.0,0.5
0.0,67.0,13999.0,3,3,3.0,1,3.0,2.0,4,10.356984533706918,1.0,3.0,2.86
0.0,54.0,11600.0,1,1,0.0,0,0.0,0.0,4,6.491042593237041,1.0,1.0,0.29
0.0,6.0,6138.0,2,3,3.0,1,3.0,0.0,4,9.988958745407531,2.0,1.0,0.89
0.0,6.0,5625.0,3,4,4.0,1,1.0,2.0,4,9.988958745407531,1.0,2.0,1.12
0.0,96.0,7812.0,3,3,1.0,0,3.0,2.0,4,19.438662025225774,1.0,1.0,0.5
0.0,99.0,7011.0,3,5,4.0,0,1.0,2.0,3,12.749467120010372,1.0,2.0,1.4
0.0,94.0,8999.0,4,4,4.0,0,3.0,0.0,4,17.784613471274927,1.0,2.0,2.05
0.0,100.0,5966.0,2,2,4.0,0,3.0,2.0,4,10.315343042261606,2.0,2.0,0.8692
0.0,68.0,11438.0,2,2,2.0,0,3.0,2.0,5,11.333973268769041,1.0,2.0,1.32
0.0,89.0,8754.0,2,2,3.0,0,3.0,2.0,4,17.99082227512503,1.0,2.0,1.3
0.0,100.0,7850.0,3,2,4.0,0,1.0,2.0,4,10.315343042261606,2.0,2.0,0.9499
0.0,96.0,6562.0,3,3,1.0,0,3.0,2.0,4,19.438662025225774,1.0,1.0,0.42
0.0,88.0,5953.0,3,3,1.0,0,3.0,2.0,3,16.678635298845226,2.0,1.0,0.884
0.0,50.0,7262.0,4,3,4.0,0,2.0,2.0,4,9.85228261520027,1.0,2.0,2.0
0.0,56.0,16446.0,3,3,4.0,1,2.0,2.0,3,6.238294193827314,2.0,2.0,3.85
0.0,17.0,13985.0,5,4,4.0,0,1.0,1.0,4,7.296451285525138,1.0,1.0,3.72
0.0,39.0,11724.0,2,2,3.0,0,1.0,2.0,4,11.022736662002515,2.0,2.0,0.68
0.0,37.0,15976.0,2,2,2.0,0,4.0,2.0,4,8.807024823365314,2.0,2.0,1.31
0.0,37.0,8267.0,3,3,3.0,1,1.0,2.0,4,8.807024823365314,1.0,1.0,1.65
0.0,79.0,9500.0,3,4,4.0,1,1.0,0.0,4,16.16370147099269,1.0,2.0,1.9
0.0,95.0,7759.0,4,3,4.0,0,3.0,1.0,4,19.432123901520796,1.0,1.0,1.8
0.0,5.0,8411.0,2,2,1.0,0,3.0,1.0,4,11.688077620313686,1.0,0.0,0.45
0.0,54.0,7872.0,3,3,3.0,1,0.0,2.0,4,6.491042593237041,1.0,2.0,1.85
0.0,98.0,8889.0,2,2,3.0,0,1.0,2.0,4,19.467363206073667,2.0,2.0,0.8
0.0,69.0,6435.0,3,3,4.0,0,0.0,2.0,4,12.360901540268934,1.0,1.0,1.0
0.0,87.0,7453.0,2,2,3.0,0,3.0,0.0,5,15.606419725807001,2.0,2.0,1.2
0.0,100.0,7863.0,3,2,2.0,0,1.0,2.0,4,10.315343042261606,1.0,2.0,0.85
0.0,100.0,5600.0,2,2,2.0,0,3.0,2.0,4,10.315343042261606,2.0,0.0,0.35
0.0,91.0,9854.0,2,2,1.0,0,1.0,2.0,4,14.818928591501624,2.0,0.0,1.15
0.0,96.0,4778.0,4,4,3.0,0,3.0,2.0,3,19.438662025225774,1.0,2.0,1.0
0.0,95.0,5411.0,2,2,4.0,0,0.0,2.0,4,19.432123901520796,2.0,2.0,0.96
0.0,89.0,6736.0,3,3,3.0,1,0.0,2.0,4,17.99082227512503,2.0,0.0,1.3
0.0,31.0,10482.0,3,5,4.0,0,2.0,2.0,4,2.3586610749369834,1.0,2.0,3.0
0.0,92.0,8701.0,3,3,2.0,0,1.0,2.0,4,16.34701940513016,1.0,1.0,1.3
0.0,45.0,10204.0,4,4,4.0,1,0.0,2.0,4,4.4235297248137915,1.0,2.0,2.5
0.0,79.0,11250.0,3,3,3.0,1,1.0,0.0,4,16.16370147099269,1.0,0.0,2.25
0.0,84.0,8735.0,3,2,4.0,0,3.0,2.0,5,18.239734168866327,1.0,2.0,1.45
0.0,81.0,9062.0,2,2,4.0,0,3.0,2.0,4,9.6830758001837,2.0,2.0,1.45
0.0,78.0,11364.0,3,3,2.0,0,3.0,2.0,4,15.033979275030665,1.0,1.0,1.9
0.0,96.0,7812.0,3,3,1.0,0,1.0,1.0,4,19.438662025225774,2.0,0.0,0.5
0.0,70.0,9615.0,3,2,4.0,0,1.0,2.0,4,12.476058817032778,1.0,2.0,1.45
0.0,92.0,9519.0,2,2,2.0,0,1.0,2.0,4,16.34701940513016,1.0,2.0,1.05
0.0,59.0,8983.0,5,6,4.0,1,0.0,0.0,4,7.981671659354797,0.0,0.0,5.5
0.0,98.0,4106.0,2,2,2.0,0,1.0,2.0,4,19.467363206073667,1.0,2.0,0.56
0.0,98.0,4179.0,2,2,2.0,0,1.0,2.0,4,19.467363206073667,1.0,2.0,0.57
0.0,7.0,10000.0,3,4,4.0,1,1.0,2.0,4,9.444756665310383,2.0,0.0,2.3
0.0,73.0,8204.0,3,5,3.0,1,1.0,2.0,4,12.87125291025613,1.0,2.0,1.75
0.0,5.0,9697.0,3,3,3.0,0,3.0,2.0,4,11.688077620313686,1.0,2.0,1.6
0.0,65.0,15263.0,3,3,3.0,1,1.0,0.0,4,9.6830758001837,1.0,3.0,3.95
0.0,39.0,4108.0,2,2,1.0,0,3.0,2.0,4,11.022736662002515,2.0,2.0,0.38
0.0,98.0,6194.0,2,2,2.0,0,1.0,0.0,3,19.467363206073667,2.0,0.0,0.415
0.0,96.0,3713.0,4,4,3.0,0,1.0,2.0,4,19.438662025225774,1.0,0.0,1.0
0.0,39.0,7143.0,3,3,2.0,0,3.0,2.0,4,11.022736662002515,1.0,1.0,0.5
0.0,96.0,6033.0,3,2,2.0,0,3.0,2.0,3,19.438662025225774,1.0,2.0,0.8
0.0,39.0,4886.0,3,3,2.0,0,1.0,2.0,4,11.022736662002515,1.0,1.0,0.86
0.0,89.0,7396.0,3,2,1.0,0,1.0,2.0,4,17.99082227512503,2.0,1.0,1.25
0.0,67.0,17544.0,3,3,3.0,0,0.0,1.0,5,10.356984533706918,1.0,2.0,5.9
0.0,36.0,7273.0,3,2,2.0,0,0.0,1.0,2,5.914968784991512,2.0,1.0,1.2
0.0,100.0,6555.0,2,2,3.0,0,3.0,2.0,4,10.315343042261606,1.0,2.0,0.955
0.0,68.0,14359.0,3,3,2.0,1,1.0,1.0,4,11.333973268769041,2.0,0.0,2.8
0.0,100.0,4308.0,2,2,2.0,0,1.0,2.0,4,10.315343042261606,1.0,0.0,0.28
0.0,5.0,11998.0,3,3,2.0,0,1.0,2.0,4,11.688077620313686,2.0,1.0,2.03
0.0,99.0,6667.0,2,1,0.0,0,3.0,2.0,3,12.749467120010372,1.0,0.0,0.3
0.0,93.0,5814.0,3,3,3.0,0,2.0,2.0,4,23.318928458993227,1.0,2.0,0.75
0.0,73.0,8947.0,4,3,3.0,0,3.0,0.0,4,12.87125291025613,1.0,1.0,1.7
0.0,16.0,20667.0,2,2,3.0,1,3.0,0.0,4,7.403877093236538,2.0,2.0,3.1
0.0,99.0,4444.0,2,2,2.0,0,1.0,2.0,4,12.749467120010372,1.0,2.0,0.4
0.0,32.0,9003.0,2,2,2.0,0,3.0,2.0,4,6.681786888085641,1.0,2.0,1.3
0.0,100.0,4514.0,2,2,2.0,0,1.0,2.0,4,10.315343042261606,2.0,2.0,0.26
0.0,100.0,4211.0,2,2,1.0,0,3.0,2.0,4,10.315343042261606,1.0,0.0,0.24
0.0,69.0,7000.0,2,2,1.0,0,1.0,2.0,4,12.360901540268934,2.0,2.0,0.56
0.0,36.0,18688.0,4,5,4.0,1,3.0,2.0,4,5.914968784991512,2.0,1.0,5.5
0.0,95.0,7679.0,4,4,4.0,1,0.0,2.0,4,19.432123901520796,2.0,2.0,1.8
0.0,89.0,8294.0,3,3,1.0,0,3.0,2.0,5,17.99082227512503,2.0,0.0,1.6
0.0,15.0,6500.0,2,2,1.0,0,3.0,2.0,4,6.211211068500834,2.0,2.0,0.9607
0.0,12.0,7932.0,3,2,2.0,0,3.0,0.0,3,8.234325662834179,1.0,2.0,0.79
0.0,100.0,6422.0,2,2,2.0,0,1.0,2.0,5,10.315343042261606,2.0,1.0,0.42
0.0,66.0,16470.0,3,3,4.0,0,1.0,0.0,4,10.921657047153026,1.0,2.0,3.35
0.0,49.0,11628.0,3,4,3.0,0,0.0,2.0,4,10.520480675103999,2.0,0.0,5.0
0.0,73.0,10309.0,3,2,2.0,0,0.0,2.0,4,12.87125291025613,2.0,2.0,1.0
0.0,49.0,10755.0,3,4,4.0,0,0.0,2.0,4,10.520480675103999,1.0,2.0,2.75
0.0,11.0,17379.0,2,2,2.0,0,1.0,0.0,4,10.594295381059624,2.0,0.0,2.4
0.0,66.0,14631.0,3,3,3.0,0,3.0,2.0,4,10.921657047153026,1.0,2.0,3.15
0.0,100.0,6485.0,2,2,4.0,0,1.0,2.0,4,10.315343042261606,2.0,2.0,0.95
0.0,37.0,15119.0,3,2,4.0,0,1.0,2.0,4,8.807024823365314,2.0,0.0,1.4
0.0,37.0,13522.0,3,3,4.0,0,1.0,2.0,4,8.807024823365314,1.0,1.0,2.15
0.0,95.0,7759.0,3,3,4.0,0,3.0,1.0,4,19.432123901520796,1.0,1.0,1.8
0.0,99.0,5905.0,2,2,2.0,0,1.0,2.0,3,12.749467120010372,2.0,2.0,0.31
0.0,39.0,8237.0,3,3,2.0,0,3.0,2.0,4,11.022736662002515,2.0,1.0,1.07
0.0,11.0,4651.0,2,2,2.0,0,3.0,2.0,3,10.594295381059624,1.0,0.0,0.7
0.0,100.0,7550.0,3,2,3.0,0,3.0,2.0,4,10.315343042261606,1.0,0.0,1.1
0.0,52.0,10628.0,2,2,2.0,0,0.0,2.0,5,9.072597202187925,2.0,1.0,1.05
0.0,100.0,3671.0,2,2,1.0,0,3.0,0.0,4,10.315343042261606,2.0,0.0,0.25
0.0,92.0,4941.0,2,2,2.0,0,3.0,2.0,4,16.34701940513016,1.0,2.0,0.42
0.0,66.0,16667.0,2,2,2.0,0,3.0,2.0,4,10.921657047153026,1.0,1.0,2.1
0.0,98.0,591.0,1,1,1.0,0,3.0,2.0,4,19.467363206073667,1.0,0.0,0.19
0.0,53.0,9130.0,4,4,3.0,0,3.0,2.0,4,7.639579072821835,1.0,1.0,2.1
0.0,96.0,7069.0,4,4,3.0,0,3.0,2.0,3,19.438662025225774,1.0,2.0,1.44
0.0,96.0,4934.0,3,3,2.0,0,3.0,2.0,3,19.438662025225774,1.0,2.0,0.7084999999999999
0.0,100.0,5330.0,1,1,1.0,0,3.0,2.0,5,10.315343042261606,1.0,1.0,0.21
0.0,5.0,13998.0,3,3,3.0,0,3.0,2.0,4,11.688077620313686,0.0,0.0,2.5
0.0,98.0,7293.0,2,2,2.0,0,1.0,0.0,3,19.467363206073667,2.0,0.0,0.415
0.0,96.0,4730.0,3,1,3.0,0,0.0,0.0,4,19.438662025225774,2.0,1.0,0.56
0.0,23.0,4375.0,2,2,2.0,0,3.0,2.0,3,5.5611513518299125,1.0,2.0,0.35
0.0,2.0,3478.0,3,3,3.0,1,2.0,1.0,4,24.68171523417974,1.0,1.0,0.9
0.0,84.0,7542.0,3,3,4.0,0,2.0,2.0,5,18.239734168866327,2.0,2.0,1.35
0.0,17.0,11074.0,3,3,3.0,0,1.0,2.0,4,7.296451285525138,2.0,0.0,2.0
0.0,71.0,11407.0,2,1,1.0,0,3.0,2.0,4,12.058742283544236,1.0,0.0,0.6
0.0,11.0,4854.0,2,2,2.0,0,3.0,2.0,3,10.594295381059624,1.0,1.0,1.0
0.0,96.0,4971.0,4,4,2.0,0,0.0,1.0,3,19.438662025225774,2.0,1.0,0.87
0.0,73.0,9220.0,2,2,3.0,0,0.0,0.0,4,12.87125291025613,1.0,0.0,1.3
0.0,98.0,7164.0,2,2,2.0,0,3.0,2.0,3,19.467363206073667,1.0,2.0,0.48
0.0,10.0,6881.0,2,2,4.0,0,0.0,2.0,4,11.184849992510118,2.0,1.0,0.94
0.0,71.0,6849.0,2,2,2.0,0,3.0,2.0,4,12.058742283544236,1.0,2.0,0.75
0.0,74.0,10172.0,2,2,1.0,0,3.0,0.0,4,11.703579620081992,1.0,2.0,0.65
0.0,37.0,9450.0,3,3,4.0,0,1.0,0.0,4,8.807024823365314,1.0,2.0,1.7
0.0,72.0,6000.0,3,2,1.0,0,1.0,2.0,4,7.932372074404248,1.0,1.0,0.48
0.0,26.0,5000.0,2,2,1.0,0,0.0,0.0,4,3.909699014695983,1.0,1.0,0.55
0.0,66.0,10101.0,1,1,0.0,0,3.0,2.0,4,10.921657047153026,1.0,2.0,0.7
0.0,66.0,14776.0,2,2,2.0,0,3.0,2.0,4,10.921657047153026,1.0,1.0,1.55
0.0,53.0,7317.0,1,1,2.0,0,2.0,2.0,4,7.639579072821835,1.0,1.0,0.3
0.0,86.0,6988.0,2,2,2.0,0,0.0,2.0,4,15.577472593050006,1.0,2.0,0.87
0.0,76.0,7692.0,2,2,2.0,0,1.0,2.0,4,11.89113867504971,1.0,0.0,1.0
0.0,69.0,10031.0,2,2,2.0,0,3.0,2.0,4,12.360901540268934,1.0,1.0,1.3
0.0,78.0,11429.0,4,4,2.0,1,4.0,0.0,4,15.033979275030665,2.0,2.0,4.0
0.0,92.0,8605.0,3,3,4.0,1,1.0,2.0,4,16.34701940513016,1.0,0.0,1.85
0.0,73.0,8974.0,3,5,0.0,0,3.0,2.0,4,12.87125291025613,1.0,1.0,1.75
0.0,55.0,14679.0,3,4,4.0,0,1.0,2.0,3,5.956010036535056,2.0,0.0,4.8
0.0,37.0,8349.0,3,2,4.0,0,1.0,2.0,4,8.807024823365314,1.0,0.0,1.3
0.0,39.0,6272.0,3,3,3.0,0,3.0,2.0,4,11.022736662002515,1.0,2.0,0.9
0.0,45.0,20707.0,4,4,4.0,0,2.0,2.0,5,4.4235297248137915,1.0,0.0,5.8
0.0,73.0,11094.0,2,2,2.0,0,3.0,2.0,4,12.87125291025613,1.0,0.0,1.4
0.0,74.0,7917.0,2,2,0.0,0,0.0,2.0,3,11.703579620081992,1.0,2.0,0.95
0.0,37.0,8671.0,3,2,4.0,0,1.0,2.0,4,8.807024823365314,1.0,0.0,1.35
0.0,89.0,5621.0,3,2,1.0,0,1.0,2.0,4,17.99082227512503,1.0,2.0,0.95
0.0,94.0,4614.0,2,2,3.0,0,1.0,2.0,4,17.784613471274927,1.0,2.0,0.7
0.0,11.0,18394.0,4,5,4.0,1,3.0,1.0,4,10.594295381059624,2.0,1.0,3.0
0.0,100.0,4219.0,1,1,1.0,0,1.0,2.0,3,10.315343042261606,2.0,2.0,0.2
0.0,96.0,5000.0,2,2,3.0,0,0.0,2.0,3,19.438662025225774,1.0,1.0,0.5
0.0,17.0,12012.0,3,3,2.0,0,3.0,2.0,4,7.296451285525138,2.0,0.0,2.0
0.0,92.0,9714.0,3,3,4.0,0,4.0,2.0,4,16.34701940513016,2.0,2.0,1.7
0.0,38.0,8953.0,2,2,2.0,0,3.0,2.0,3,12.864118802682363,2.0,2.0,0.65
0.0,66.0,18999.0,4,4,3.0,0,3.0,2.0,4,10.921657047153026,2.0,0.0,7.52
0.0,17.0,12489.0,4,4,4.0,1,1.0,2.0,4,7.296451285525138,2.0,2.0,2.87
0.0,37.0,14371.0,2,2,3.0,0,1.0,2.0,4,8.807024823365314,2.0,1.0,1.2
0.0,71.0,10000.0,2,1,1.0,0,3.0,2.0,4,12.058742283544236,1.0,0.0,0.6
0.0,73.0,9231.0,3,5,3.0,0,1.0,2.0,4,12.87125291025613,2.0,1.0,1.8
0.0,84.0,8027.0,2,2,1.0,0,3.0,0.0,3,18.239734168866327,1.0,0.0,0.48
0.0,31.0,12421.0,3,4,3.0,1,2.0,2.0,3,2.3586610749369834,1.0,2.0,4.3
0.0,92.0,8160.0,2,2,2.0,0,1.0,2.0,4,16.34701940513016,2.0,2.0,0.9
0.0,73.0,12791.0,3,3,4.0,0,3.0,2.0,4,12.87125291025613,1.0,0.0,2.75
0.0,73.0,7059.0,3,3,4.0,0,3.0,1.0,4,12.87125291025613,1.0,1.0,1.2
0.0,9.0,6571.0,1,1,1.0,0,1.0,2.0,4,9.080697225898227,2.0,0.0,0.46
0.0,39.0,8494.0,3,3,2.0,0,3.0,2.0,4,11.022736662002515,1.0,1.0,1.1
0.0,70.0,9237.0,2,2,3.0,0,1.0,2.0,4,12.476058817032778,1.0,2.0,1.15
0.0,54.0,9740.0,1,1,0.0,0,0.0,0.0,4,6.491042593237041,1.0,1.0,0.45
0.0,100.0,8475.0,2,2,1.0,0,1.0,2.0,4,10.315343042261606,1.0,2.0,0.45
0.0,97.0,5479.0,2,2,0.0,0,3.0,2.0,4,17.701541160038953,1.0,1.0,0.4
0.0,100.0,4478.0,2,2,2.0,0,3.0,2.0,4,10.315343042261606,1.0,1.0,0.4029999999999999
0.0,67.0,13612.0,2,2,3.0,0,3.0,2.0,4,10.356984533706918,1.0,2.0,2.25
0.0,66.0,10000.0,3,3,4.0,0,1.0,2.0,4,10.921657047153026,2.0,1.0,3.4
0.0,85.0,8056.0,4,3,0.0,0,3.0,2.0,4,16.990726505283792,1.0,1.0,1.45
0.0,71.0,10909.0,2,3,0.0,0,3.0,2.0,4,12.058742283544236,1.0,1.0,1.2
0.0,67.0,14996.0,2,2,3.0,0,3.0,2.0,4,10.356984533706918,2.0,2.0,1.9
0.0,91.0,9041.0,3,3,3.0,0,1.0,2.0,4,14.818928591501624,2.0,0.0,1.65
0.0,77.0,13380.0,3,3,3.0,0,1.0,2.0,4,12.066951512075823,2.0,0.0,2.7
0.0,100.0,6391.0,2,2,3.0,0,1.0,2.0,4,10.315343042261606,1.0,2.0,0.54
0.0,100.0,3143.0,1,1,1.0,0,1.0,2.0,3,10.315343042261606,2.0,1.0,0.22
0.0,100.0,6029.0,2,2,2.0,0,3.0,2.0,4,10.315343042261606,1.0,2.0,0.29
0.0,13.0,4271.0,2,2,0.0,0,2.0,2.0,4,24.560164581355345,1.0,0.0,0.325
0.0,7.0,6645.0,1,1,1.0,0,3.0,2.0,4,9.444756665310383,1.0,2.0,0.2
0.0,6.0,8509.0,3,3,3.0,0,3.0,2.0,4,9.988958745407531,1.0,1.0,1.57
0.0,39.0,8421.0,2,2,2.0,0,3.0,2.0,4,11.022736662002515,1.0,1.0,0.8
0.0,39.0,9375.0,3,3,4.0,0,3.0,2.0,4,11.022736662002515,2.0,2.0,1.35
0.0,71.0,10168.0,4,4,1.0,0,3.0,2.0,4,12.058742283544236,1.0,0.0,2.0
0.0,100.0,7190.0,3,2,3.0,0,3.0,2.0,4,10.315343042261606,1.0,2.0,0.87
0.0,100.0,6171.0,2,2,2.0,0,3.0,2.0,4,10.315343042261606,2.0,2.0,0.78
0.0,74.0,7930.0,2,2,2.0,0,0.0,0.0,3,11.703579620081992,0.0,2.0,0.95
0.0,96.0,4681.0,3,2,3.0,0,3.0,2.0,4,19.438662025225774,1.0,1.0,1.1
0.0,66.0,15349.0,3,3,3.0,1,3.0,2.0,4,10.921657047153026,1.0,2.0,3.3
0.0,53.0,4630.0,1,1,0.0,0,0.0,2.0,4,7.639579072821835,1.0,1.0,0.3
0.0,37.0,13871.0,4,4,3.0,1,1.0,0.0,4,8.807024823365314,1.0,1.0,2.96
0.0,96.0,6086.0,3,2,2.0,0,1.0,2.0,4,19.438662025225774,1.0,0.0,0.79
0.0,96.0,6086.0,3,2,2.0,0,1.0,2.0,4,19.438662025225774,1.0,0.0,0.79
0.0,37.0,12593.0,3,3,4.0,1,1.0,2.0,4,8.807024823365314,1.0,2.0,1.7
0.0,91.0,7568.0,3,3,4.0,0,3.0,0.0,4,14.818928591501624,1.0,2.0,1.4
0.0,96.0,4099.0,3,3,3.0,0,1.0,2.0,4,19.438662025225774,2.0,2.0,0.58
0.0,81.0,9533.0,4,5,2.0,1,1.0,2.0,3,9.6830758001837,1.0,2.0,2.55
0.0,7.0,11249.0,3,3,3.0,0,3.0,0.0,4,9.444756665310383,2.0,0.0,1.9
0.0,70.0,10246.0,2,2,3.0,0,1.0,2.0,4,12.476058817032778,1.0,2.0,1.25
0.0,6.0,8250.0,3,3,4.0,0,3.0,2.0,4,9.988958745407531,1.0,0.0,1.65
0.0,96.0,4744.0,3,3,3.0,0,3.0,0.0,4,19.438662025225774,1.0,1.0,0.75
0.0,2.0,6809.0,4,6,4.0,1,3.0,2.0,4,24.68171523417974,1.0,2.0,1.6
0.0,10.0,7497.0,2,2,3.0,0,3.0,2.0,4,11.184849992510118,1.0,1.0,1.15
0.0,7.0,15819.0,3,2,2.0,0,3.0,2.0,4,9.444756665310383,1.0,2.0,1.4
0.0,84.0,7175.0,3,3,3.0,1,0.0,0.0,4,18.239734168866327,1.0,1.0,1.28
0.0,100.0,6938.0,3,2,4.0,0,1.0,2.0,4,10.315343042261606,2.0,2.0,0.75
0.0,1.0,13333.0,2,2,2.0,0,1.0,0.0,4,9.007287461251584,1.0,2.0,1.0
0.0,98.0,6723.0,2,2,3.0,0,1.0,2.0,4,19.467363206073667,1.0,1.0,0.4
0.0,73.0,8974.0,3,4,2.0,1,3.0,2.0,4,12.87125291025613,1.0,0.0,1.75
0.0,67.0,16653.0,2,2,3.0,0,1.0,2.0,4,10.356984533706918,1.0,2.0,2.1
0.0,64.0,16139.0,3,3,1.0,0,1.0,2.0,4,9.325542058746992,1.0,1.0,2.5
0.0,4.0,6466.0,6,4,2.0,0,0.0,2.0,4,9.819178081405248,1.0,2.0,2.3
0.0,86.0,9474.0,3,4,0.0,0,3.0,2.0,4,15.577472593050006,1.0,2.0,1.8
0.0,64.0,12912.0,3,3,2.0,0,1.0,2.0,4,9.325542058746992,1.0,2.0,2.0
0.0,81.0,6536.0,2,2,3.0,0,3.0,2.0,3,9.6830758001837,1.0,2.0,1.0
0.0,88.0,5671.0,3,3,3.0,0,3.0,2.0,4,16.678635298845226,1.0,2.0,0.9
0.0,28.0,15385.0,5,5,4.0,1,2.0,1.0,4,1.0466229160276843,1.0,1.0,8.0
0.0,73.0,10215.0,2,2,1.0,0,1.0,0.0,4,12.87125291025613,2.0,0.0,0.95
0.0,24.0,6500.0,5,5,2.0,1,2.0,0.0,4,2.6890450895879563,1.0,1.0,1.3
0.0,81.0,10211.0,2,2,3.0,0,4.0,2.0,3,9.6830758001837,1.0,0.0,1.45
0.0,52.0,19882.0,4,4,0.0,0,0.0,2.0,4,9.072597202187925,1.0,2.0,6.75
0.0,39.0,6083.0,3,3,3.0,0,3.0,2.0,4,11.022736662002515,1.0,2.0,1.25
0.0,66.0,14254.0,4,4,4.0,0,1.0,0.0,4,10.921657047153026,2.0,2.0,4.49
0.0,45.0,25000.0,4,4,2.0,1,3.0,0.0,5,4.4235297248137915,1.0,1.0,6.0
0.0,1.0,10699.0,3,3,3.0,0,1.0,0.0,4,9.007287461251584,2.0,1.0,1.53
0.0,96.0,5279.0,3,2,2.0,0,3.0,2.0,4,19.438662025225774,1.0,2.0,0.7
0.0,87.0,6500.0,2,2,0.0,0,3.0,2.0,4,15.606419725807001,1.0,2.0,0.39
0.0,100.0,6813.0,2,2,3.0,0,1.0,2.0,4,10.315343042261606,2.0,2.0,0.56
0.0,61.0,19882.0,4,4,2.0,1,1.0,2.0,5,10.334704847328963,1.0,2.0,6.75
0.0,96.0,9074.0,3,2,3.0,0,3.0,2.0,4,19.438662025225774,1.0,1.0,0.99
0.0,88.0,10000.0,2,2,3.0,0,3.0,2.0,4,16.678635298845226,1.0,0.0,1.4
0.0,69.0,8571.0,2,2,2.0,0,1.0,2.0,4,12.360901540268934,1.0,0.0,0.6
0.0,7.0,9568.0,3,2,2.0,0,1.0,2.0,4,9.444756665310383,1.0,0.0,1.35
0.0,100.0,6742.0,3,3,0.0,0,3.0,2.0,4,10.315343042261606,1.0,0.0,1.2
0.0,81.0,5521.0,2,2,0.0,0,4.0,2.0,3,9.6830758001837,1.0,2.0,0.715
0.0,32.0,6105.0,2,2,2.0,0,2.0,2.0,4,6.681786888085641,2.0,1.0,0.58
0.0,92.0,8000.0,3,3,2.0,0,3.0,2.0,4,16.34701940513016,2.0,1.0,1.14
0.0,6.0,9145.0,3,3,4.0,0,3.0,2.0,4,9.988958745407531,1.0,2.0,1.69
0.0,100.0,4368.0,2,2,2.0,0,3.0,2.0,4,10.315343042261606,1.0,0.0,0.48
0.0,5.0,20665.0,2,2,2.0,0,1.0,2.0,4,11.688077620313686,0.0,0.0,1.99
0.0,84.0,5967.0,2,2,2.0,0,0.0,2.0,4,18.239734168866327,1.0,2.0,0.75
0.0,81.0,11141.0,3,3,4.0,0,3.0,2.0,4,9.6830758001837,1.0,2.0,2.5
0.0,100.0,7056.0,2,2,2.0,0,3.0,2.0,4,10.315343042261606,1.0,2.0,0.58
0.0,89.0,4706.0,2,2,1.0,0,1.0,2.0,4,17.99082227512503,1.0,2.0,0.64
0.0,79.0,6586.0,3,3,3.0,0,3.0,2.0,4,16.16370147099269,1.0,0.0,1.2
0.0,88.0,5671.0,3,3,3.0,0,3.0,2.0,4,16.678635298845226,1.0,2.0,0.93
0.0,70.0,6780.0,2,2,4.0,0,1.0,0.0,4,12.476058817032778,1.0,0.0,0.8
0.0,84.0,7434.0,1,1,1.0,0,3.0,1.0,3,18.239734168866327,2.0,0.0,0.31
0.0,72.0,8097.0,3,2,1.0,0,3.0,0.0,4,7.932372074404248,1.0,2.0,0.8
0.0,69.0,11844.0,2,2,1.0,0,1.0,2.0,4,12.360901540268934,1.0,0.0,0.7
0.0,93.0,8108.0,4,3,4.0,0,0.0,2.0,4,23.318928458993227,1.0,2.0,1.5
0.0,38.0,10204.0,1,1,1.0,0,3.0,2.0,3,12.864118802682363,1.0,2.0,0.4
0.0,92.0,9973.0,3,1,0.0,0,1.0,2.0,4,16.34701940513016,1.0,1.0,1.1
0.0,6.0,6667.0,2,2,0.0,0,3.0,2.0,4,9.988958745407531,1.0,2.0,0.5
0.0,37.0,10385.0,3,2,2.0,0,1.0,2.0,4,8.807024823365314,2.0,2.0,1.35
0.0,53.0,10652.0,3,4,3.0,0,0.0,2.0,4,7.639579072821835,2.0,1.0,1.7
0.0,99.0,947.0,2,2,2.0,0,3.0,2.0,4,12.749467120010372,1.0,0.0,0.72
0.0,87.0,7246.0,2,2,2.0,0,3.0,2.0,4,15.606419725807001,1.0,2.0,0.35
0.0,18.0,8333.0,2,2,1.0,0,1.0,1.0,4,21.802033071237695,1.0,1.0,0.6
0.0,70.0,9002.0,2,2,3.0,0,3.0,1.0,4,12.476058817032778,2.0,1.0,1.2
0.0,6.0,6250.0,2,2,2.0,0,3.0,2.0,4,9.988958745407531,1.0,2.0,0.5
0.0,58.0,7769.0,1,1,1.0,0,2.0,0.0,4,7.763932572686242,1.0,2.0,0.47
0.0,55.0,17241.0,3,4,3.0,1,2.0,0.0,3,5.956010036535056,1.0,2.0,5.0
0.0,68.0,13503.0,2,2,2.0,0,3.0,2.0,3,11.333973268769041,2.0,2.0,1.7
0.0,39.0,5067.0,3,3,4.0,0,1.0,2.0,4,11.022736662002515,1.0,1.0,0.95
0.0,89.0,11500.0,3,3,1.0,0,3.0,1.0,5,17.99082227512503,2.0,2.0,2.2
0.0,84.0,8639.0,2,2,3.0,0,3.0,2.0,4,18.239734168866327,1.0,1.0,0.825
0.0,97.0,5700.0,4,4,3.0,0,3.0,2.0,4,17.701541160038953,1.0,0.0,1.25
0.0,70.0,7119.0,2,2,2.0,0,1.0,2.0,4,12.476058817032778,1.0,2.0,0.84
0.0,67.0,10159.0,4,3,2.0,1,3.0,2.0,4,10.356984533706918,1.0,1.0,3.2
0.0,85.0,6903.0,4,5,4.0,0,3.0,2.0,4,16.990726505283792,1.0,1.0,1.75
0.0,100.0,5564.0,2,2,1.0,0,1.0,2.0,4,10.315343042261606,2.0,1.0,0.35
0.0,9.0,15918.0,3,3,0.0,0,3.0,2.0,4,9.080697225898227,1.0,0.0,3.9
0.0,49.0,18459.0,3,3,3.0,0,0.0,2.0,4,10.520480675103999,1.0,0.0,3.45
0.0,73.0,9792.0,4,4,4.0,1,0.0,2.0,3,12.87125291025613,2.0,2.0,2.35
0.0,92.0,8499.0,3,3,3.0,0,4.0,2.0,4,16.34701940513016,2.0,2.0,1.5
0.0,73.0,10276.0,2,2,4.0,0,1.0,0.0,4,12.87125291025613,2.0,0.0,1.34
0.0,14.0,10000.0,4,5,3.0,1,3.0,2.0,4,7.02583253588824,2.0,2.0,3.4
0.0,71.0,10563.0,3,3,3.0,0,3.0,2.0,4,12.058742283544236,1.0,0.0,1.8
0.0,96.0,6875.0,4,3,2.0,0,1.0,2.0,4,19.438662025225774,1.0,0.0,1.1
0.0,92.0,8794.0,2,2,4.0,0,1.0,2.0,4,16.34701940513016,1.0,1.0,0.97
0.0,66.0,29545.0,3,3,3.0,0,1.0,2.0,4,10.921657047153026,1.0,2.0,3.25
0.0,64.0,15644.0,3,3,2.0,0,1.0,2.0,4,9.325542058746992,1.0,2.0,2.55
0.0,96.0,4837.0,3,2,2.0,0,4.0,2.0,4,19.438662025225774,1.0,2.0,0.61
0.0,75.0,9620.0,3,3,3.0,0,3.0,2.0,4,10.518733742236972,1.0,2.0,1.9
0.0,100.0,6938.0,2,2,0.0,0,3.0,2.0,4,10.315343042261606,1.0,1.0,0.75
0.0,100.0,6136.0,3,3,3.0,1,1.0,2.0,4,10.315343042261606,2.0,1.0,1.35
0.0,71.0,8871.0,3,3,2.0,0,3.0,0.0,4,12.058742283544236,2.0,1.0,1.65
0.0,39.0,9868.0,3,2,4.0,0,3.0,2.0,4,11.022736662002515,1.0,0.0,1.5
0.0,75.0,9620.0,3,3,3.0,1,0.0,0.0,4,10.518733742236972,1.0,2.0,1.9
0.0,49.0,22388.0,5,6,4.0,1,3.0,1.0,5,10.520480675103999,2.0,0.0,15.0
0.0,15.0,13000.0,4,5,4.0,1,3.0,1.0,4,6.211211068500834,0.0,2.0,3.9
0.0,100.0,4842.0,2,2,2.0,0,3.0,1.0,5,10.315343042261606,2.0,2.0,0.46
0.0,42.0,3368.0,2,2,1.0,0,3.0,0.0,4,7.966272839288784,1.0,2.0,0.32
0.0,100.0,7179.0,2,2,1.0,0,3.0,2.0,4,10.315343042261606,1.0,0.0,0.42
0.0,66.0,19747.0,4,4,0.0,0,3.0,2.0,4,10.921657047153026,2.0,2.0,7.8
0.0,1.0,5938.0,3,3,3.0,0,2.0,2.0,4,9.007287461251584,1.0,0.0,0.95
0.0,49.0,12778.0,4,4,4.0,0,0.0,2.0,4,10.520480675103999,1.0,1.0,3.45
0.0,73.0,8148.0,3,2,2.0,0,3.0,2.0,4,12.87125291025613,1.0,2.0,1.1
0.0,2.0,5102.0,3,2,2.0,0,0.0,2.0,4,24.68171523417974,1.0,2.0,0.85
0.0,95.0,5952.0,2,2,2.0,0,3.0,2.0,4,19.432123901520796,2.0,2.0,0.95
0.0,2.0,4518.0,3,2,2.0,0,0.0,2.0,4,24.68171523417974,1.0,2.0,0.75
0.0,92.0,6579.0,2,2,2.0,0,0.0,2.0,4,16.34701940513016,1.0,2.0,0.75
0.0,86.0,6629.0,3,3,2.0,0,3.0,0.0,4,15.577472593050006,2.0,2.0,1.4
0.0,48.0,10699.0,3,4,2.0,0,2.0,0.0,4,8.70926629658096,1.0,1.0,2.45
0.0,70.0,8475.0,2,2,3.0,0,1.0,2.0,4,12.476058817032778,1.0,0.0,1.0
0.0,92.0,8784.0,3,3,2.0,0,1.0,2.0,4,16.34701940513016,1.0,2.0,1.25
0.0,71.0,10833.0,4,4,4.0,1,0.0,2.0,4,12.058742283544236,1.0,2.0,2.6
0.0,21.0,11034.0,3,3,4.0,0,0.0,2.0,4,21.179774847722413,1.0,1.0,1.6
0.0,92.0,7097.0,3,2,3.0,0,1.0,2.0,4,16.34701940513016,1.0,2.0,1.1
0.0,23.0,10000.0,2,3,0.0,0,0.0,2.0,4,5.5611513518299125,1.0,1.0,1.0
0.0,38.0,14381.0,3,3,2.0,0,1.0,2.0,3,12.864118802682363,1.0,0.0,3.65
0.0,74.0,7946.0,3,3,2.0,0,0.0,0.0,3,11.703579620081992,2.0,1.0,1.4
0.0,64.0,14723.0,3,3,2.0,0,1.0,2.0,4,9.325542058746992,2.0,1.0,2.6
0.0,77.0,11380.0,2,2,2.0,0,1.0,2.0,4,12.066951512075823,1.0,3.0,1.6
0.0,86.0,5660.0,2,2,2.0,0,3.0,0.0,4,15.577472593050006,1.0,2.0,0.75
0.0,68.0,18634.0,3,4,3.0,0,3.0,2.0,3,11.333973268769041,1.0,1.0,3.9
0.0,74.0,11494.0,1,1,1.0,0,0.0,2.0,2,11.703579620081992,2.0,2.0,1.0
0.0,11.0,4522.0,2,2,3.0,0,3.0,2.0,3,10.594295381059624,1.0,1.0,0.7
0.0,100.0,7059.0,2,2,2.0,0,3.0,2.0,3,10.315343042261606,1.0,2.0,0.9
0.0,98.0,4800.0,2,2,3.0,0,1.0,2.0,4,19.467363206073667,1.0,2.0,0.6
0.0,12.0,7490.0,4,4,2.0,1,3.0,2.0,4,8.234325662834179,1.0,0.0,1.97
0.0,39.0,7143.0,3,3,0.0,0,1.0,2.0,4,11.022736662002515,1.0,1.0,1.35
0.0,39.0,5319.0,2,2,3.0,0,0.0,2.0,3,11.022736662002515,1.0,0.0,0.75
0.0,64.0,11594.0,2,2,2.0,1,3.0,2.0,4,9.325542058746992,2.0,0.0,1.6
0.0,100.0,6561.0,2,2,1.0,0,1.0,0.0,4,10.315343042261606,2.0,1.0,0.395
0.0,100.0,8216.0,2,2,2.0,0,3.0,2.0,3,10.315343042261606,1.0,2.0,0.99
0.0,9.0,8917.0,4,6,4.0,1,3.0,2.0,4,9.080697225898227,2.0,2.0,2.1
0.0,80.0,5391.0,2,2,2.0,0,0.0,2.0,4,17.849176868198043,2.0,0.0,0.69
0.0,92.0,9066.0,2,2,2.0,0,1.0,2.0,4,16.34701940513016,1.0,1.0,1.0
0.0,38.0,11333.0,3,2,3.0,0,1.0,2.0,3,12.864118802682363,1.0,1.0,0.85
0.0,100.0,4301.0,2,2,1.0,0,3.0,2.0,3,10.315343042261606,2.0,2.0,0.32
0.0,11.0,4522.0,2,2,3.0,0,0.0,0.0,4,10.594295381059624,1.0,1.0,0.7
0.0,100.0,7634.0,2,2,1.0,0,1.0,0.0,4,10.315343042261606,1.0,1.0,0.4
0.0,92.0,9979.0,3,3,2.0,0,1.0,2.0,4,16.34701940513016,1.0,2.0,1.42
0.0,98.0,5901.0,2,2,2.0,0,3.0,2.0,4,19.467363206073667,1.0,2.0,0.38
0.0,100.0,4514.0,2,2,2.0,0,3.0,2.0,4,10.315343042261606,1.0,2.0,0.26
0.0,38.0,8333.0,1,1,1.0,0,1.0,2.0,3,12.864118802682363,1.0,2.0,0.5
0.0,75.0,15294.0,4,4,4.0,1,3.0,2.0,4,10.518733742236972,2.0,1.0,6.5
0.0,81.0,9000.0,3,4,2.0,1,1.0,2.0,3,9.6830758001837,1.0,0.0,1.9
0.0,100.0,6725.0,2,2,3.0,0,1.0,2.0,4,10.315343042261606,2.0,2.0,0.85
0.0,18.0,6190.0,3,3,1.0,0,1.0,0.0,4,21.802033071237695,1.0,1.0,0.65
0.0,100.0,4514.0,2,2,2.0,0,0.0,2.0,4,10.315343042261606,1.0,1.0,0.26
0.0,100.0,6076.0,2,2,2.0,0,1.0,2.0,4,10.315343042261606,1.0,0.0,0.35
0.0,39.0,7500.0,3,3,3.0,0,1.0,0.0,4,11.022736662002515,1.0,2.0,1.05
0.0,39.0,5856.0,3,3,3.0,0,0.0,0.0,4,11.022736662002515,2.0,2.0,0.9
0.0,66.0,21519.0,4,4,0.0,0,3.0,2.0,4,10.921657047153026,2.0,3.0,8.5
0.0,78.0,10204.0,2,2,2.0,0,3.0,2.0,4,15.033979275030665,1.0,0.0,0.75
0.0,92.0,8571.0,3,3,3.0,0,1.0,2.0,4,16.34701940513016,1.0,1.0,1.5
0.0,7.0,7530.0,4,5,4.0,1,1.0,2.0,3,9.444756665310383,2.0,1.0,1.75
0.0,81.0,8837.0,3,4,3.0,0,3.0,2.0,3,9.6830758001837,2.0,0.0,1.9
0.0,37.0,8677.0,3,2,3.0,0,3.0,2.0,4,8.807024823365314,1.0,2.0,1.45
0.0,61.0,17501.0,3,3,1.0,0,3.0,2.0,5,10.334704847328963,1.0,2.0,4.02
0.0,96.0,5000.0,2,2,3.0,0,3.0,2.0,4,19.438662025225774,1.0,1.0,0.5
0.0,68.0,18091.0,3,4,4.0,1,0.0,0.0,4,11.333973268769041,0.0,1.0,3.98
0.0,100.0,7356.0,2,2,3.0,0,1.0,2.0,4,10.315343042261606,2.0,2.0,0.5479999999999999
0.0,81.0,16261.0,2,2,3.0,0,1.0,2.0,4,9.6830758001837,2.0,2.0,1.47
0.0,15.0,10057.0,2,2,2.0,0,3.0,2.0,4,6.211211068500834,1.0,2.0,0.7
0.0,100.0,5215.0,2,2,2.0,0,1.0,2.0,4,10.315343042261606,1.0,2.0,2.6
0.0,92.0,9973.0,2,2,2.0,0,1.0,2.0,4,16.34701940513016,2.0,2.0,1.1
0.0,38.0,14875.0,2,2,2.0,0,1.0,2.0,3,12.864118802682363,1.0,0.0,2.2
0.0,98.0,5500.0,3,2,2.0,0,1.0,1.0,4,19.467363206073667,1.0,0.0,0.55
0.0,98.0,8527.0,3,2,2.0,0,1.0,0.0,4,19.467363206073667,2.0,0.0,0.55
0.0,92.0,8152.0,3,3,2.0,0,3.0,2.0,4,16.34701940513016,2.0,2.0,1.16
0.0,70.0,9016.0,2,2,3.0,0,1.0,2.0,4,12.476058817032778,2.0,0.0,1.1
0.0,37.0,13363.0,2,2,0.0,0,3.0,2.0,4,8.807024823365314,1.0,0.0,1.2
0.0,46.0,7826.0,4,4,2.0,1,2.0,1.0,4,5.944334649147922,1.0,2.0,2.25
0.0,78.0,17613.0,3,4,4.0,1,4.0,1.0,4,15.033979275030665,0.0,2.0,3.35
0.0,81.0,12500.0,3,4,4.0,1,1.0,2.0,3,9.6830758001837,1.0,2.0,2.69
0.0,89.0,5882.0,2,2,0.0,0,3.0,2.0,4,17.99082227512503,1.0,1.0,0.8
0.0,98.0,5495.0,2,2,0.0,0,1.0,2.0,4,19.467363206073667,1.0,2.0,0.35
0.0,84.0,6667.0,2,2,1.0,0,3.0,2.0,4,18.239734168866327,1.0,1.0,0.6
0.0,100.0,6479.0,2,2,2.0,0,3.0,1.0,5,10.315343042261606,1.0,2.0,0.46
0.0,5.0,11633.0,3,4,4.0,1,1.0,0.0,4,11.688077620313686,1.0,3.0,2.5
0.0,84.0,6667.0,2,2,1.0,0,3.0,2.0,4,18.239734168866327,1.0,1.0,0.6
0.0,70.0,8163.0,2,2,2.0,1,1.0,2.0,4,12.476058817032778,1.0,0.0,1.0
0.0,100.0,7294.0,2,2,2.0,0,4.0,2.0,4,10.315343042261606,1.0,2.0,0.93
0.0,64.0,15497.0,3,3,3.0,0,3.0,2.0,4,9.325542058746992,1.0,1.0,2.54
0.0,59.0,6775.0,3,2,4.0,0,0.0,2.0,4,7.981671659354797,2.0,1.0,1.5
0.0,94.0,5178.0,2,2,3.0,0,1.0,2.0,4,17.784613471274927,2.0,2.0,0.7
0.0,67.0,15200.0,3,3,3.0,0,3.0,2.0,4,10.356984533706918,1.0,3.0,2.78
0.0,100.0,5198.0,2,2,0.0,0,3.0,2.0,4,10.315343042261606,1.0,1.0,0.25
0.0,96.0,4259.0,4,5,4.0,1,3.0,2.0,3,19.438662025225774,1.0,2.0,0.9
0.0,94.0,5120.0,3,4,3.0,1,1.0,2.0,4,17.784613471274927,2.0,2.0,0.96
0.0,39.0,6000.0,3,2,1.0,1,4.0,2.0,4,11.022736662002515,1.0,2.0,1.2
0.0,10.0,6589.0,2,2,4.0,0,3.0,0.0,4,11.184849992510118,1.0,2.0,0.9
0.0,5.0,6000.0,1,1,2.0,0,3.0,2.0,4,11.688077620313686,1.0,2.0,0.45
0.0,13.0,5150.0,2,2,0.0,0,2.0,2.0,4,24.560164581355345,1.0,0.0,0.36
0.0,1.0,11028.0,4,4,4.0,0,0.0,2.0,4,9.007287461251584,1.0,1.0,5.9
0.0,100.0,6723.0,2,1,0.0,0,3.0,2.0,4,10.315343042261606,1.0,1.0,0.32
0.0,39.0,6593.0,3,3,3.0,0,3.0,2.0,4,11.022736662002515,1.0,2.0,1.2
0.0,98.0,5657.0,2,2,3.0,0,1.0,2.0,4,19.467363206073667,1.0,0.0,0.56
0.0,81.0,9396.0,3,3,3.0,0,1.0,0.0,4,9.6830758001837,2.0,1.0,1.4
0.0,36.0,11574.0,2,2,2.0,0,2.0,2.0,3,5.914968784991512,1.0,1.0,1.25
0.0,37.0,10197.0,2,2,4.0,0,3.0,2.0,4,8.807024823365314,2.0,1.0,1.5
0.0,70.0,14323.0,3,2,3.0,0,3.0,2.0,4,12.476058817032778,1.0,2.0,2.22
0.0,1.0,8278.0,4,4,4.0,1,2.0,2.0,4,9.007287461251584,2.0,2.0,1.5
0.0,81.0,9640.0,3,4,3.0,1,1.0,2.0,4,9.6830758001837,1.0,0.0,1.85
0.0,64.0,13913.0,2,2,2.0,0,4.0,2.0,4,9.325542058746992,1.0,2.0,1.6
0.0,11.0,4134.0,3,4,4.0,0,3.0,2.0,4,10.594295381059624,1.0,0.0,2.15
0.0,100.0,6237.0,2,2,2.0,0,3.0,1.0,4,10.315343042261606,2.0,2.0,0.3
0.0,70.0,9047.0,2,2,2.0,0,1.0,2.0,4,12.476058817032778,1.0,2.0,1.32
0.0,66.0,16667.0,3,3,3.0,0,1.0,2.0,4,10.921657047153026,1.0,2.0,3.0
0.0,92.0,8433.0,3,3,2.0,0,1.0,2.0,4,16.34701940513016,1.0,2.0,1.2
0.0,37.0,11583.0,3,2,4.0,0,3.0,2.0,4,8.807024823365314,2.0,0.0,1.39
0.0,67.0,16411.0,3,3,3.0,0,3.0,2.0,4,10.356984533706918,2.0,0.0,3.0
0.0,92.0,7059.0,3,3,3.0,1,3.0,2.0,4,16.34701940513016,2.0,2.0,1.5
0.0,58.0,8696.0,4,4,2.0,0,3.0,2.0,4,7.763932572686242,1.0,2.0,2.0
0.0,20.0,12500.0,4,5,4.0,1,2.0,1.0,3,4.6775747230725235,2.0,2.0,2.75
0.0,15.0,8889.0,1,1,1.0,0,3.0,2.0,4,6.211211068500834,1.0,2.0,0.36
0.0,42.0,4667.0,1,1,1.0,0,3.0,2.0,4,7.966272839288784,1.0,1.0,0.21
0.0,7.0,7798.0,1,1,2.0,0,3.0,2.0,4,9.444756665310383,2.0,1.0,0.255
0.0,10.0,7624.0,3,4,4.0,1,3.0,2.0,4,11.184849992510118,2.0,1.0,1.8
0.0,38.0,15501.0,3,4,3.0,0,1.0,1.0,3,12.864118802682363,1.0,3.0,4.1
0.0,81.0,8270.0,2,2,3.0,0,1.0,2.0,4,9.6830758001837,1.0,2.0,1.3
0.0,98.0,6475.0,2,2,2.0,0,1.0,2.0,4,19.467363206073667,1.0,0.0,0.45
0.0,10.0,8000.0,3,2,2.0,0,3.0,2.0,4,11.184849992510118,1.0,2.0,0.6
0.0,10.0,6645.0,2,2,1.0,0,3.0,0.0,4,11.184849992510118,1.0,2.0,0.4
0.0,25.0,14420.0,2,2,2.0,1,1.0,2.0,4,2.6223407766988527,1.0,2.0,1.99
0.0,25.0,15547.0,2,2,2.0,0,1.0,2.0,4,2.6223407766988527,1.0,2.0,1.99
0.0,100.0,6016.0,2,2,4.0,0,3.0,2.0,4,10.315343042261606,2.0,0.0,0.74
0.0,92.0,8828.0,3,3,2.0,0,3.0,2.0,4,16.34701940513016,2.0,2.0,1.28
0.0,64.0,13913.0,2,2,2.0,0,1.0,2.0,4,9.325542058746992,1.0,2.0,1.6
0.0,92.0,7864.0,2,2,2.0,0,1.0,2.0,4,16.34701940513016,1.0,1.0,0.9704
0.0,79.0,6408.0,2,2,2.0,0,1.0,0.0,4,16.16370147099269,2.0,0.0,0.86
0.0,73.0,9905.0,2,2,2.0,0,1.0,2.0,4,12.87125291025613,1.0,0.0,1.25
0.0,66.0,26872.0,3,3,3.0,1,1.0,2.0,4,10.921657047153026,1.0,2.0,3.23
0.0,10.0,7862.0,1,1,0.0,0,3.0,2.0,4,11.184849992510118,1.0,1.0,0.25
0.0,73.0,7586.0,2,2,4.0,0,1.0,2.0,4,12.87125291025613,1.0,2.0,1.1
0.0,84.0,8451.0,2,2,1.0,0,3.0,0.0,3,18.239734168866327,2.0,2.0,0.48
0.0,67.0,13699.0,2,2,3.0,0,1.0,2.0,4,10.356984533706918,2.0,0.0,1.8
0.0,66.0,20000.0,4,4,4.0,0,4.0,2.0,4,10.921657047153026,2.0,3.0,7.9
0.0,39.0,9223.0,2,2,4.0,0,3.0,0.0,4,11.022736662002515,2.0,0.0,0.95
0.0,98.0,5659.0,2,2,2.0,0,1.0,2.0,4,19.467363206073667,2.0,2.0,0.365
0.0,38.0,5825.0,1,1,1.0,0,1.0,0.0,5,12.864118802682363,1.0,2.0,0.24
0.0,100.0,6338.0,2,2,2.0,0,3.0,1.0,4,10.315343042261606,1.0,2.0,0.45
0.0,39.0,10906.0,2,2,3.0,0,1.0,2.0,4,11.022736662002515,1.0,1.0,0.65
0.0,67.0,13499.0,2,2,3.0,0,1.0,2.0,4,10.356984533706918,1.0,2.0,2.01
0.0,92.0,9033.0,2,2,2.0,0,1.0,2.0,4,16.34701940513016,1.0,1.0,1.0
0.0,55.0,20816.0,3,3,3.0,0,1.0,2.0,4,5.956010036535056,2.0,3.0,6.02
0.0,92.0,8145.0,2,2,2.0,0,1.0,2.0,4,16.34701940513016,1.0,1.0,0.9
0.0,78.0,11917.0,3,4,3.0,0,3.0,2.0,4,15.033979275030665,1.0,2.0,3.5
0.0,88.0,14541.0,2,2,3.0,0,3.0,2.0,4,16.678635298845226,2.0,3.0,1.3
0.0,89.0,9690.0,2,2,2.0,0,2.0,2.0,4,17.99082227512503,1.0,2.0,0.5
0.0,100.0,5319.0,2,2,2.0,0,1.0,2.0,4,10.315343042261606,1.0,0.0,0.35
0.0,100.0,4167.0,1,1,1.0,0,3.0,2.0,3,10.315343042261606,1.0,0.0,0.25
0.0,2.0,3846.0,2,2,0.0,0,4.0,2.0,3,24.68171523417974,1.0,2.0,0.5
0.0,87.0,7965.0,1,1,1.0,0,3.0,1.0,4,15.606419725807001,1.0,0.0,0.27
0.0,58.0,10968.0,3,2,3.0,0,2.0,2.0,4,7.763932572686242,2.0,2.0,1.7
0.0,92.0,10498.0,3,2,3.0,0,1.0,2.0,4,16.34701940513016,1.0,1.0,1.16
0.0,10.0,7394.0,2,2,4.0,0,1.0,2.0,4,11.184849992510118,2.0,0.0,1.01
0.0,10.0,8929.0,2,2,2.0,0,1.0,2.0,2,11.184849992510118,1.0,0.0,0.5
0.0,38.0,7586.0,3,2,3.0,0,1.0,2.0,3,12.864118802682363,1.0,1.0,0.82
0.0,88.0,6687.0,3,4,3.0,1,0.0,1.0,3,16.678635298845226,2.0,2.0,1.1
0.0,48.0,12059.0,1,1,2.0,0,2.0,2.0,4,8.70926629658096,1.0,2.0,0.65
0.0,64.0,13739.0,2,2,2.0,0,1.0,2.0,4,9.325542058746992,1.0,2.0,1.58
0.0,35.0,12859.0,2,2,1.0,0,2.0,0.0,5,4.789822511420023,1.0,1.0,0.85
0.0,81.0,9038.0,2,2,3.0,0,3.0,2.0,3,9.6830758001837,1.0,1.0,1.25
0.0,38.0,6660.0,3,2,3.0,0,4.0,2.0,3,12.864118802682363,1.0,2.0,0.72
0.0,50.0,19333.0,1,1,1.0,0,3.0,2.0,4,9.85228261520027,1.0,1.0,0.87
0.0,81.0,7427.0,3,4,4.0,1,1.0,2.0,4,9.6830758001837,2.0,2.0,1.7
0.0,73.0,9792.0,4,4,4.0,1,0.0,0.0,3,12.87125291025613,2.0,2.0,2.35
0.0,91.0,8375.0,3,2,2.0,0,1.0,2.0,4,14.818928591501624,1.0,1.0,0.5
0.0,81.0,8998.0,2,2,3.0,0,1.0,2.0,4,9.6830758001837,2.0,2.0,1.41
0.0,96.0,6622.0,3,2,3.0,0,1.0,2.0,4,19.438662025225774,1.0,1.0,0.99
0.0,71.0,10106.0,4,5,4.0,0,3.0,2.0,4,12.058742283544236,1.0,0.0,3.25
0.0,66.0,25926.0,3,3,3.0,0,4.0,2.0,4,10.921657047153026,1.0,1.0,3.5
0.0,49.0,12821.0,4,5,3.0,0,0.0,0.0,4,10.520480675103999,1.0,1.0,2.5
0.0,78.0,6579.0,2,2,1.0,0,3.0,2.0,4,15.033979275030665,2.0,2.0,0.5
0.0,64.0,14526.0,3,3,2.0,0,3.0,2.0,4,9.325542058746992,1.0,2.0,2.25
0.0,24.0,5833.0,5,4,2.0,0,0.0,2.0,4,2.6890450895879563,1.0,1.0,1.4
0.0,88.0,6429.0,3,3,2.0,0,3.0,2.0,3,16.678635298845226,2.0,0.0,0.9
0.0,100.0,5980.0,2,2,1.0,0,1.0,2.0,4,10.315343042261606,2.0,1.0,0.36
0.0,58.0,8609.0,1,1,1.0,0,0.0,2.0,4,7.763932572686242,2.0,1.0,0.65
0.0,81.0,8844.0,2,2,2.0,0,3.0,0.0,4,9.6830758001837,2.0,2.0,1.3
0.0,89.0,5099.0,2,2,1.0,0,3.0,2.0,4,17.99082227512503,2.0,2.0,0.67
0.0,100.0,7003.0,1,1,1.0,0,3.0,2.0,5,10.315343042261606,1.0,1.0,0.25
0.0,58.0,9587.0,1,1,1.0,0,2.0,2.0,4,7.763932572686242,2.0,1.0,0.58
0.0,51.0,4374.0,1,1,1.0,0,3.0,2.0,4,21.24379690902522,1.0,2.0,0.255
0.0,89.0,8000.0,3,2,2.0,0,1.0,2.0,4,17.99082227512503,1.0,1.0,0.6
0.0,89.0,8319.0,2,2,1.0,0,3.0,2.0,4,17.99082227512503,1.0,1.0,0.5
0.0,37.0,8232.0,3,2,4.0,0,1.0,2.0,4,8.807024823365314,1.0,2.0,1.35
0.0,73.0,7001.0,3,3,2.0,0,3.0,2.0,3,12.87125291025613,1.0,1.0,1.13
0.0,12.0,5319.0,4,1,0.0,0,1.0,2.0,3,8.234325662834179,1.0,1.0,1.6
0.0,92.0,5196.0,2,2,2.0,0,3.0,2.0,4,16.34701940513016,1.0,0.0,0.65
0.0,100.0,5776.0,2,2,2.0,0,3.0,0.0,4,10.315343042261606,1.0,0.0,0.32
0.0,6.0,5517.0,2,2,0.0,0,3.0,2.0,4,9.988958745407531,1.0,2.0,0.8
0.0,31.0,14612.0,4,5,4.0,1,0.0,0.0,3,2.3586610749369834,1.0,2.0,5.5
0.0,39.0,5702.0,2,2,0.0,1,4.0,2.0,4,11.022736662002515,1.0,0.0,0.95
0.0,87.0,9449.0,2,2,1.0,0,3.0,2.0,4,15.606419725807001,1.0,2.0,1.2
0.0,64.0,13478.0,2,2,1.0,0,3.0,2.0,4,9.325542058746992,1.0,2.0,1.55
0.0,100.0,4011.0,2,2,2.0,0,3.0,2.0,3,10.315343042261606,1.0,2.0,0.298
0.0,78.0,11497.0,3,3,2.0,0,3.0,2.0,4,15.033979275030665,1.0,1.0,1.92
0.0,9.0,13392.0,3,2,2.0,0,3.0,2.0,4,9.080697225898227,1.0,2.0,1.82
0.0,92.0,7764.0,2,2,1.0,0,3.0,1.0,4,16.34701940513016,1.0,2.0,0.5
0.0,92.0,5000.0,1,1,1.0,0,1.0,2.0,4,16.34701940513016,1.0,2.0,0.25
0.0,96.0,5245.0,4,3,3.0,1,4.0,2.0,4,19.438662025225774,2.0,2.0,1.07
0.0,94.0,5926.0,2,3,2.0,0,3.0,2.0,4,17.784613471274927,1.0,1.0,0.8
0.0,85.0,9538.0,1,1,0.0,0,3.0,2.0,5,16.990726505283792,1.0,2.0,0.62
0.0,37.0,9025.0,2,2,3.0,0,1.0,2.0,4,8.807024823365314,1.0,0.0,1.25
0.0,92.0,7978.0,2,2,0.0,0,1.0,2.0,4,16.34701940513016,1.0,1.0,0.88
0.0,85.0,6426.0,2,2,3.0,0,3.0,2.0,4,16.990726505283792,1.0,2.0,0.8
0.0,37.0,7971.0,2,2,2.0,0,1.0,2.0,4,8.807024823365314,1.0,0.0,1.1
0.0,96.0,6741.0,3,2,2.0,0,3.0,2.0,4,19.438662025225774,1.0,0.0,0.85
0.0,54.0,7692.0,5,7,4.0,1,0.0,2.0,4,6.491042593237041,1.0,1.0,5.0
0.0,91.0,8082.0,3,3,3.0,0,3.0,2.0,4,14.818928591501624,1.0,0.0,1.45
0.0,88.0,13797.0,4,5,4.0,0,3.0,0.0,4,16.678635298845226,1.0,0.0,2.5
0.0,92.0,8784.0,3,3,3.0,0,3.0,2.0,4,16.34701940513016,1.0,1.0,1.25
0.0,62.0,5333.0,3,2,2.0,0,0.0,2.0,4,6.520518513696236,1.0,1.0,0.48
0.0,69.0,11429.0,3,3,3.0,0,1.0,2.0,4,12.360901540268934,1.0,0.0,2.0
0.0,39.0,8221.0,1,1,0.0,0,3.0,2.0,4,11.022736662002515,1.0,2.0,0.55
0.0,100.0,5517.0,2,2,1.0,0,1.0,2.0,3,10.315343042261606,1.0,2.0,0.32
0.0,89.0,6029.0,2,2,1.0,0,1.0,2.0,4,17.99082227512503,1.0,0.0,0.82
0.0,7.0,7030.0,2,2,1.0,0,3.0,2.0,4,9.444756665310383,1.0,0.0,0.4
0.0,37.0,11558.0,2,2,2.0,0,3.0,2.0,4,8.807024823365314,1.0,0.0,1.15
0.0,87.0,7000.0,3,2,4.0,0,1.0,0.0,3,15.606419725807001,2.0,2.0,0.945
0.0,54.0,9615.0,5,5,4.0,0,0.0,2.0,4,6.491042593237041,1.0,1.0,5.0
0.0,96.0,4820.0,3,2,2.0,0,3.0,2.0,4,19.438662025225774,1.0,0.0,0.75
0.0,88.0,7927.0,2,2,2.0,0,1.0,2.0,4,16.678635298845226,2.0,0.0,1.3
0.0,87.0,7500.0,3,3,3.0,1,1.0,2.0,4,15.606419725807001,2.0,1.0,1.5
0.0,96.0,6098.0,3,3,3.0,1,3.0,2.0,4,19.438662025225774,1.0,0.0,1.25
0.0,100.0,7908.0,2,1,2.0,0,1.0,2.0,4,10.315343042261606,2.0,2.0,0.65
0.0,4.0,7081.0,2,2,3.0,0,1.0,2.0,4,9.819178081405248,1.0,2.0,0.9
0.0,90.0,6815.0,2,2,3.0,0,1.0,2.0,4,15.22123338101124,1.0,2.0,0.92
0.0,96.0,6373.0,4,4,0.0,0,3.0,2.0,4,19.438662025225774,1.0,2.0,1.3
0.0,66.0,18270.0,3,3,4.0,1,3.0,0.0,4,10.921657047153026,1.0,0.0,3.0
0.0,100.0,8252.0,2,2,2.0,0,1.0,2.0,4,10.315343042261606,2.0,2.0,0.68
0.0,92.0,16986.0,3,3,3.0,0,3.0,2.0,4,16.34701940513016,2.0,2.0,1.33
0.0,10.0,5857.0,2,2,4.0,0,1.0,2.0,4,11.184849992510118,2.0,0.0,0.8
0.0,92.0,10000.0,3,2,3.0,0,0.0,0.0,4,16.34701940513016,2.0,2.0,1.55
0.0,99.0,6422.0,2,2,1.0,0,3.0,2.0,4,12.749467120010372,1.0,2.0,0.35
0.0,96.0,4910.0,2,2,2.0,0,3.0,2.0,3,19.438662025225774,2.0,1.0,0.49
0.0,12.0,8897.0,3,4,4.0,1,1.0,2.0,4,8.234325662834179,2.0,2.0,2.3
0.0,69.0,11111.0,2,2,2.0,0,3.0,0.0,4,12.360901540268934,1.0,2.0,1.5
0.0,37.0,9025.0,2,2,4.0,0,4.0,2.0,4,8.807024823365314,1.0,0.0,1.25
0.0,79.0,7502.0,2,2,2.0,0,1.0,2.0,4,16.16370147099269,2.0,2.0,1.0
0.0,92.0,8163.0,3,3,3.0,0,1.0,2.0,4,16.34701940513016,1.0,2.0,1.6
0.0,98.0,4327.0,4,3,3.0,1,3.0,2.0,4,19.467363206073667,1.0,2.0,1.1
0.0,96.0,8586.0,3,4,2.0,0,3.0,2.0,4,19.438662025225774,2.0,1.0,1.7
0.0,78.0,5499.0,4,6,4.0,1,1.0,2.0,4,15.033979275030665,2.0,2.0,1.46
0.0,66.0,15264.0,2,2,2.0,0,3.0,2.0,4,10.921657047153026,1.0,1.0,1.65
0.0,91.0,16751.0,3,3,4.0,0,1.0,2.0,4,14.818928591501624,2.0,2.0,2.65
0.0,6.0,8287.0,1,2,2.0,0,1.0,2.0,4,9.988958745407531,1.0,2.0,0.3
0.0,7.0,8519.0,3,2,2.0,0,1.0,2.0,4,9.444756665310383,2.0,2.0,0.65
0.0,64.0,15767.0,3,3,2.0,0,4.0,2.0,4,9.325542058746992,1.0,2.0,2.57
0.0,96.0,7723.0,2,2,3.0,0,3.0,2.0,4,19.438662025225774,1.0,1.0,0.78
0.0,98.0,3910.0,2,2,1.0,0,1.0,0.0,4,19.467363206073667,2.0,0.0,0.33
0.0,37.0,8043.0,2,2,2.0,0,1.0,2.0,4,8.807024823365314,1.0,1.0,1.2
0.0,33.0,4444.0,3,2,1.0,0,3.0,2.0,3,22.124747987328313,1.0,2.0,0.4
0.0,21.0,5584.0,2,2,1.0,0,3.0,0.0,4,21.179774847722413,1.0,1.0,0.43
0.0,84.0,10714.0,4,6,4.0,1,3.0,0.0,5,18.239734168866327,1.0,0.0,4.5
0.0,10.0,6333.0,2,2,2.0,0,3.0,1.0,4,11.184849992510118,1.0,2.0,0.38
0.0,38.0,7500.0,2,2,2.0,0,3.0,2.0,3,12.864118802682363,1.0,2.0,0.75
0.0,17.0,11823.0,3,3,3.0,0,1.0,2.0,4,7.296451285525138,1.0,2.0,3.21
0.0,100.0,6318.0,2,2,2.0,0,1.0,2.0,4,10.315343042261606,1.0,0.0,0.35
0.0,80.0,6053.0,2,2,1.0,0,0.0,2.0,4,17.849176868198043,1.0,2.0,0.75
0.0,96.0,4857.0,4,3,3.0,0,0.0,2.0,4,19.438662025225774,1.0,2.0,0.95
0.0,84.0,5056.0,3,3,0.0,0,3.0,2.0,4,18.239734168866327,1.0,2.0,0.9
0.0,97.0,14238.0,2,2,0.0,0,3.0,2.0,4,17.701541160038953,1.0,2.0,0.85
0.0,78.0,11794.0,3,3,2.0,0,3.0,2.0,4,15.033979275030665,1.0,2.0,1.92
0.0,92.0,8433.0,3,3,2.0,0,1.0,2.0,4,16.34701940513016,1.0,1.0,1.2
0.0,39.0,8148.0,3,3,1.0,0,3.0,2.0,4,11.022736662002515,1.0,1.0,1.1
0.0,45.0,20687.0,4,4,4.0,1,0.0,2.0,5,4.4235297248137915,1.0,2.0,6.5
0.0,64.0,14800.0,2,2,2.0,0,1.0,2.0,4,9.325542058746992,1.0,2.0,1.85
0.0,1.0,12212.0,2,2,2.0,0,4.0,0.0,4,9.007287461251584,2.0,2.0,1.38
0.0,20.0,13108.0,4,4,0.0,0,2.0,2.0,3,4.6775747230725235,1.0,2.0,4.26
0.0,5.0,10380.0,2,2,3.0,0,3.0,2.0,4,11.688077620313686,1.0,0.0,1.42
0.0,38.0,15551.0,2,2,2.0,0,1.0,2.0,3,12.864118802682363,2.0,0.0,2.3
0.0,66.0,15417.0,3,3,4.0,0,3.0,2.0,4,10.921657047153026,2.0,1.0,3.7
0.0,7.0,7309.0,1,2,2.0,0,1.0,2.0,4,9.444756665310383,2.0,1.0,0.22
0.0,39.0,9231.0,2,2,3.0,0,1.0,2.0,4,11.022736662002515,1.0,2.0,0.6
0.0,15.0,7097.0,3,4,4.0,1,4.0,2.0,4,6.211211068500834,1.0,0.0,1.65
0.0,7.0,6645.0,1,2,2.0,0,1.0,2.0,3,9.444756665310383,1.0,2.0,0.2
0.0,96.0,4688.0,3,4,3.0,0,0.0,2.0,4,19.438662025225774,2.0,1.0,0.75
0.0,49.0,13871.0,4,5,4.0,1,1.0,2.0,4,10.520480675103999,2.0,2.0,4.3
0.0,73.0,9744.0,3,3,3.0,1,1.0,2.0,4,12.87125291025613,1.0,2.0,1.9
0.0,31.0,12500.0,3,4,4.0,1,0.0,1.0,3,2.3586610749369834,1.0,2.0,2.2
0.0,41.0,8333.0,3,3,4.0,0,2.0,2.0,4,6.907007586118708,1.0,1.0,2.0
0.0,5.0,10383.0,2,2,2.0,0,3.0,2.0,4,11.688077620313686,1.0,0.0,0.95
0.0,5.0,10383.0,2,2,2.0,0,3.0,2.0,4,11.688077620313686,1.0,0.0,0.95
0.0,98.0,5839.0,3,2,2.0,0,1.0,2.0,4,19.467363206073667,1.0,2.0,0.4
0.0,91.0,10019.0,3,2,4.0,0,3.0,1.0,4,14.818928591501624,1.0,2.0,1.62
0.0,3.0,3864.0,3,3,0.0,0,0.0,2.0,4,20.301911733169813,1.0,2.0,0.85
0.0,37.0,6421.0,2,2,2.0,0,1.0,2.0,3,8.807024823365314,1.0,2.0,0.4
0.0,67.0,17040.0,3,3,3.0,1,1.0,0.0,4,10.356984533706918,0.0,0.0,3.5
0.0,39.0,8848.0,3,3,3.0,0,1.0,2.0,4,11.022736662002515,1.0,1.0,1.36
0.0,64.0,14785.0,3,3,3.0,0,1.0,0.0,4,9.325542058746992,1.0,1.0,2.41
0.0,5.0,12022.0,2,2,1.0,0,3.0,2.0,4,11.688077620313686,1.0,2.0,1.1
0.0,37.0,13270.0,3,3,2.0,0,1.0,2.0,4,8.807024823365314,1.0,1.0,2.5
0.0,64.0,12783.0,2,2,2.0,0,1.0,2.0,4,9.325542058746992,1.0,2.0,1.47
0.0,100.0,7059.0,1,1,1.0,0,3.0,2.0,4,10.315343042261606,2.0,0.0,0.24
0.0,45.0,19765.0,3,4,2.0,0,3.0,2.0,5,4.4235297248137915,1.0,2.0,4.2
0.0,99.0,8813.0,3,4,3.0,1,1.0,0.0,4,12.749467120010372,0.0,1.0,2.45
0.0,81.0,9091.0,3,3,0.0,0,3.0,2.0,4,9.6830758001837,1.0,0.0,1.65
0.0,88.0,9589.0,3,3,2.0,0,3.0,2.0,4,16.678635298845226,1.0,3.0,1.75
0.0,66.0,11336.0,2,2,2.0,0,3.0,2.0,4,10.921657047153026,1.0,2.0,1.4
0.0,98.0,7909.0,2,2,2.0,0,1.0,0.0,3,19.467363206073667,1.0,1.0,0.45
0.0,2.0,4456.0,3,3,3.0,0,0.0,2.0,4,24.68171523417974,1.0,1.0,0.68
0.0,92.0,9009.0,2,2,3.0,0,1.0,2.0,4,16.34701940513016,2.0,2.0,1.0
0.0,7.0,8734.0,3,4,4.0,1,3.0,2.0,4,9.444756665310383,1.0,2.0,2.0
0.0,100.0,5556.0,2,2,2.0,0,0.0,2.0,4,10.315343042261606,1.0,2.0,0.75
0.0,99.0,9673.0,4,4,4.0,1,1.0,2.0,4,12.749467120010372,2.0,1.0,3.25
0.0,100.0,7550.0,2,2,4.0,0,3.0,0.0,4,10.315343042261606,1.0,0.0,1.1
0.0,89.0,9797.0,3,2,3.0,0,3.0,1.0,4,17.99082227512503,2.0,2.0,1.45
0.0,99.0,9922.0,4,4,0.0,0,3.0,2.0,4,12.749467120010372,1.0,2.0,3.2
0.0,97.0,7353.0,2,2,2.0,0,1.0,2.0,4,17.701541160038953,1.0,0.0,0.4
0.0,92.0,8597.0,2,2,2.0,1,1.0,2.0,4,16.34701940513016,1.0,2.0,0.95
0.0,61.0,18519.0,3,4,3.0,0,3.0,2.0,5,10.334704847328963,1.0,2.0,4.25
0.0,10.0,6679.0,2,2,2.0,0,1.0,2.0,2,11.184849992510118,1.0,2.0,0.37
0.0,97.0,6898.0,3,4,2.0,0,3.0,0.0,4,17.701541160038953,2.0,0.0,1.25
0.0,71.0,6818.0,2,2,2.0,0,0.0,2.0,4,12.058742283544236,1.0,2.0,0.75
0.0,81.0,8453.0,3,4,4.0,1,3.0,0.0,4,9.6830758001837,0.0,1.0,2.0
0.0,85.0,13431.0,5,5,4.0,0,3.0,1.0,4,16.990726505283792,1.0,0.0,3.5
0.0,31.0,16609.0,2,2,2.0,0,1.0,1.0,4,2.3586610749369834,2.0,0.0,1.91
0.0,39.0,5650.0,3,3,4.0,0,0.0,2.0,3,11.022736662002515,1.0,0.0,1.0
0.0,37.0,21538.0,3,3,3.0,0,3.0,2.0,4,8.807024823365314,2.0,1.0,1.4
0.0,100.0,7000.0,2,2,2.0,0,3.0,2.0,4,10.315343042261606,1.0,2.0,0.35
0.0,7.0,9856.0,2,2,3.0,0,3.0,2.0,3,9.444756665310383,2.0,0.0,0.82
0.0,100.0,11125.0,2,2,2.0,0,3.0,1.0,3,10.315343042261606,2.0,0.0,0.88
0.0,100.0,6691.0,2,2,3.0,0,3.0,2.0,4,10.315343042261606,1.0,2.0,0.55
0.0,69.0,7407.0,3,3,2.0,0,3.0,2.0,4,12.360901540268934,1.0,1.0,1.2
0.0,77.0,12500.0,2,2,4.0,0,3.0,2.0,4,12.066951512075823,2.0,0.0,1.78
0.0,67.0,13991.0,2,2,2.0,0,3.0,2.0,4,10.356984533706918,1.0,3.0,1.9
0.0,100.0,5394.0,2,2,1.0,0,3.0,2.0,4,10.315343042261606,2.0,2.0,0.26
0.0,84.0,8279.0,2,2,2.0,0,3.0,2.0,4,18.239734168866327,1.0,2.0,0.89
0.0,64.0,13913.0,2,2,2.0,0,1.0,2.0,4,9.325542058746992,2.0,2.0,1.6
0.0,27.0,22222.0,4,5,3.0,0,2.0,2.0,4,1.2216137419659363,1.0,2.0,14.0
0.0,89.0,5325.0,3,3,2.0,0,1.0,2.0,4,17.99082227512503,1.0,2.0,0.9
0.0,39.0,5528.0,3,3,3.0,0,3.0,2.0,3,11.022736662002515,1.0,2.0,1.1
0.0,92.0,8903.0,2,2,2.0,0,3.0,2.0,4,16.34701940513016,2.0,1.0,0.95
0.0,94.0,6812.0,2,2,1.0,0,1.0,2.0,3,17.784613471274927,1.0,1.0,0.47
0.0,18.0,8571.0,4,3,3.0,0,2.0,2.0,4,21.802033071237695,1.0,2.0,2.7
0.0,81.0,6209.0,2,2,3.0,0,1.0,2.0,3,9.6830758001837,1.0,2.0,0.95
0.0,80.0,5285.0,3,3,3.0,1,0.0,2.0,4,17.849176868198043,1.0,2.0,1.15
0.0,39.0,5614.0,3,3,3.0,0,4.0,2.0,4,11.022736662002515,2.0,1.0,0.9
0.0,38.0,9901.0,3,2,3.0,0,1.0,2.0,3,12.864118802682363,2.0,1.0,1.0
0.0,12.0,6617.0,3,3,1.0,1,1.0,2.0,4,8.234325662834179,1.0,2.0,1.5
0.0,18.0,5500.0,3,4,2.0,1,2.0,2.0,4,21.802033071237695,1.0,1.0,1.15
0.0,37.0,10744.0,2,2,2.0,0,1.0,2.0,4,8.807024823365314,1.0,2.0,1.3
0.0,99.0,6702.0,4,4,4.0,0,3.0,2.0,4,12.749467120010372,1.0,1.0,1.9
0.0,20.0,12500.0,3,4,4.0,0,2.0,2.0,3,4.6775747230725235,1.0,2.0,2.2
0.0,20.0,12500.0,3,4,4.0,0,2.0,2.0,3,4.6775747230725235,1.0,2.0,2.2
0.0,73.0,10417.0,6,7,4.0,1,3.0,2.0,3,12.87125291025613,2.0,1.0,5.0
0.0,87.0,5556.0,2,2,3.0,0,1.0,2.0,3,15.606419725807001,1.0,2.0,0.85
0.0,57.0,10556.0,4,3,4.0,0,0.0,1.0,4,7.7491651619718285,1.0,2.0,1.9
0.0,10.0,6589.0,2,2,4.0,0,1.0,2.0,4,11.184849992510118,2.0,0.0,0.9
0.0,96.0,7614.0,2,2,1.0,0,1.0,0.0,4,19.438662025225774,1.0,2.0,0.45
0.0,96.0,11143.0,2,2,3.0,0,3.0,2.0,4,19.438662025225774,1.0,1.0,0.78
0.0,45.0,20687.0,4,4,4.0,1,0.0,2.0,5,4.4235297248137915,1.0,2.0,6.2
0.0,5.0,11696.0,2,2,3.0,0,0.0,2.0,4,11.688077620313686,1.0,0.0,1.6
0.0,92.0,7797.0,2,3,2.0,1,1.0,0.0,4,16.34701940513016,2.0,2.0,0.86
0.0,5.0,10383.0,2,2,2.0,0,3.0,2.0,4,11.688077620313686,1.0,0.0,0.95
0.0,5.0,10383.0,2,2,2.0,0,3.0,2.0,4,11.688077620313686,1.0,0.0,0.95
0.0,96.0,6000.0,3,3,1.0,0,3.0,2.0,4,19.438662025225774,1.0,2.0,0.45
0.0,11.0,7950.0,2,3,3.0,0,3.0,2.0,4,10.594295381059624,2.0,2.0,1.02
0.0,100.0,6689.0,2,2,2.0,0,3.0,2.0,5,10.315343042261606,1.0,2.0,0.4
0.0,61.0,16993.0,3,1,0.0,0,3.0,2.0,5,10.334704847328963,1.0,1.0,3.9
0.0,5.0,12022.0,2,2,1.0,0,3.0,2.0,4,11.688077620313686,1.0,2.0,1.1
0.0,67.0,13297.0,3,3,2.0,0,3.0,2.0,4,10.356984533706918,1.0,2.0,2.44
0.0,78.0,5949.0,3,3,4.0,0,3.0,0.0,4,15.033979275030665,2.0,2.0,1.05
0.0,45.0,19765.0,3,4,2.0,0,3.0,2.0,4,4.4235297248137915,1.0,2.0,4.2
0.0,5.0,11447.0,3,3,3.0,0,1.0,2.0,4,11.688077620313686,2.0,2.0,2.12
0.0,97.0,8033.0,3,4,2.0,0,3.0,0.0,4,17.701541160038953,2.0,0.0,1.45
0.0,100.0,4688.0,2,2,2.0,0,1.0,2.0,4,10.315343042261606,1.0,1.0,0.27
0.0,100.0,5895.0,2,2,1.0,0,3.0,0.0,4,10.315343042261606,1.0,1.0,0.27
0.0,73.0,7765.0,3,4,4.0,1,1.0,2.0,3,12.87125291025613,2.0,3.0,1.65
0.0,17.0,12223.0,3,3,2.0,0,3.0,2.0,4,7.296451285525138,2.0,2.0,1.93
0.0,74.0,7081.0,2,2,2.0,0,0.0,2.0,3,11.703579620081992,1.0,2.0,0.82
0.0,100.0,5983.0,2,2,2.0,0,3.0,2.0,4,10.315343042261606,1.0,2.0,0.28
0.0,100.0,4339.0,1,1,0.0,0,3.0,2.0,4,10.315343042261606,1.0,1.0,0.21
0.0,37.0,8627.0,2,2,2.0,0,1.0,2.0,3,8.807024823365314,1.0,2.0,1.1
0.0,64.0,13913.0,2,2,2.0,0,3.0,2.0,4,9.325542058746992,1.0,2.0,1.6
0.0,39.0,8800.0,3,3,3.0,0,3.0,2.0,4,11.022736662002515,1.0,1.0,1.1
0.0,17.0,14143.0,4,4,4.0,1,1.0,2.0,4,7.296451285525138,2.0,3.0,3.25
0.0,6.0,8433.0,2,2,3.0,0,0.0,2.0,4,9.988958745407531,1.0,2.0,1.2
0.0,100.0,6312.0,2,2,2.0,0,3.0,2.0,4,10.315343042261606,1.0,1.0,0.38
0.0,64.0,15796.0,3,3,3.0,1,1.0,2.0,4,9.325542058746992,2.0,2.0,2.45
0.0,92.0,7706.0,2,2,2.0,0,3.0,2.0,4,16.34701940513016,1.0,1.0,0.85
0.0,45.0,22109.0,4,5,2.0,1,3.0,2.0,5,4.4235297248137915,1.0,2.0,6.5
0.0,33.0,4308.0,2,2,1.0,0,3.0,2.0,3,22.124747987328313,2.0,2.0,0.28
0.0,54.0,7381.0,4,4,3.0,0,0.0,2.0,4,6.491042593237041,1.0,1.0,1.55
0.0,1.0,7489.0,4,4,4.0,0,0.0,2.0,4,9.007287461251584,1.0,2.0,1.5
0.0,81.0,5267.0,2,2,2.0,0,1.0,2.0,3,9.6830758001837,1.0,0.0,0.8
0.0,96.0,5250.0,4,3,3.0,1,4.0,2.0,4,19.438662025225774,2.0,2.0,1.22
0.0,9.0,8940.0,4,3,3.0,1,2.0,2.0,4,9.080697225898227,2.0,0.0,1.35
0.0,67.0,15317.0,3,3,0.0,0,3.0,2.0,4,10.356984533706918,1.0,0.0,2.8
0.0,11.0,5263.0,3,4,0.0,0,3.0,2.0,3,10.594295381059624,1.0,0.0,1.5
0.0,6.0,5878.0,2,2,2.0,0,3.0,2.0,4,9.988958745407531,1.0,2.0,0.8
0.0,98.0,4646.0,2,2,0.0,0,1.0,2.0,4,19.467363206073667,1.0,2.0,0.46
0.0,98.0,3158.0,2,2,1.0,0,1.0,2.0,4,19.467363206073667,1.0,0.0,0.3
0.0,39.0,7251.0,3,3,4.0,0,3.0,2.0,4,11.022736662002515,1.0,1.0,1.25
0.0,58.0,8333.0,1,1,2.0,0,2.0,2.0,4,7.763932572686242,1.0,2.0,0.5
0.0,81.0,6950.0,2,2,0.0,0,3.0,2.0,3,9.6830758001837,1.0,0.0,0.9
0.0,100.0,7295.0,2,2,3.0,0,1.0,2.0,4,10.315343042261606,1.0,1.0,0.65
0.0,39.0,5245.0,2,2,4.0,0,3.0,2.0,4,11.022736662002515,1.0,0.0,0.75
0.0,79.0,6341.0,3,3,3.0,0,3.0,2.0,4,16.16370147099269,1.0,2.0,1.4
0.0,71.0,5476.0,4,3,0.0,0,3.0,2.0,4,12.058742283544236,1.0,1.0,1.0
0.0,73.0,9231.0,3,4,3.0,1,1.0,2.0,4,12.87125291025613,1.0,1.0,1.8
0.0,37.0,12000.0,2,2,4.0,0,3.0,2.0,4,8.807024823365314,2.0,2.0,1.2
0.0,6.0,5859.0,2,2,3.0,0,3.0,0.0,4,9.988958745407531,1.0,1.0,1.05
0.0,96.0,4977.0,3,2,2.0,0,3.0,1.0,3,19.438662025225774,1.0,0.0,0.66
0.0,7.0,8515.0,3,3,4.0,1,1.0,2.0,4,9.444756665310383,1.0,2.0,1.95
0.0,92.0,8160.0,2,2,2.0,0,1.0,2.0,4,16.34701940513016,1.0,1.0,0.9
0.0,78.0,7422.0,2,2,2.0,0,4.0,2.0,4,15.033979275030665,1.0,2.0,0.55
0.0,96.0,4453.0,3,3,0.0,0,3.0,2.0,4,19.438662025225774,1.0,2.0,0.7
0.0,100.0,5291.0,2,2,0.0,0,3.0,2.0,4,10.315343042261606,1.0,2.0,0.3
0.0,80.0,5666.0,3,3,3.0,0,0.0,2.0,4,17.849176868198043,1.0,2.0,1.05
0.0,25.0,19444.0,3,4,4.0,1,1.0,0.0,4,2.6223407766988527,1.0,2.0,3.5
0.0,96.0,5013.0,4,5,4.0,0,3.0,2.0,3,19.438662025225774,1.0,0.0,0.95
0.0,88.0,12212.0,3,3,3.0,1,3.0,2.0,4,16.678635298845226,1.0,0.0,2.6
0.0,96.0,4325.0,4,4,4.0,0,3.0,2.0,4,19.438662025225774,2.0,2.0,0.75
0.0,93.0,5039.0,4,4,4.0,0,0.0,2.0,4,23.318928458993227,1.0,2.0,1.3
0.0,50.0,14009.0,1,2,2.0,0,0.0,2.0,4,9.85228261520027,1.0,1.0,0.94
0.0,94.0,5323.0,2,2,3.0,0,1.0,2.0,4,17.784613471274927,1.0,2.0,0.7
0.0,39.0,5220.0,3,1,0.0,0,3.0,2.0,4,11.022736662002515,1.0,1.0,0.95
0.0,80.0,5719.0,2,2,2.0,0,0.0,2.0,4,17.849176868198043,1.0,2.0,0.7
0.0,0.0,6186.0,3,3,4.0,1,4.0,2.0,4,8.28225319142505,1.0,2.0,1.2
0.0,84.0,14652.0,2,2,2.0,0,3.0,2.0,4,18.239734168866327,1.0,2.0,0.8
0.0,32.0,8310.0,2,2,3.0,0,3.0,2.0,4,6.681786888085641,1.0,1.0,1.2
0.0,100.0,5187.0,2,2,1.0,0,3.0,2.0,4,10.315343042261606,2.0,1.0,0.25
0.0,94.0,6333.0,3,3,3.0,1,3.0,2.0,4,17.784613471274927,2.0,2.0,0.95
0.0,98.0,4592.0,2,2,1.0,0,3.0,2.0,4,19.467363206073667,2.0,1.0,0.45
0.0,93.0,9091.0,4,3,4.0,0,3.0,0.0,4,23.318928458993227,1.0,2.0,1.5
0.0,100.0,6599.0,1,1,1.0,0,1.0,2.0,5,10.315343042261606,1.0,2.0,0.26
0.0,49.0,7764.0,3,3,0.0,1,3.0,2.0,4,10.520480675103999,2.0,0.0,2.0
0.0,42.0,5111.0,2,2,1.0,0,3.0,0.0,4,7.966272839288784,1.0,1.0,0.46
0.0,96.0,4695.0,4,4,3.0,0,0.0,2.0,4,19.438662025225774,2.0,1.0,0.8
0.0,100.0,5778.0,2,2,3.0,0,4.0,2.0,4,10.315343042261606,2.0,2.0,0.78
0.0,96.0,4511.0,3,3,3.0,0,0.0,2.0,4,19.438662025225774,2.0,1.0,0.65
0.0,58.0,10656.0,1,1,1.0,0,2.0,2.0,4,7.763932572686242,1.0,1.0,0.52
0.0,70.0,8835.0,2,2,3.0,0,1.0,2.0,4,12.476058817032778,2.0,0.0,1.1
0.0,37.0,13123.0,2,2,3.0,0,3.0,2.0,4,8.807024823365314,1.0,2.0,1.08
0.0,25.0,12913.0,3,5,4.0,1,1.0,1.0,4,2.6223407766988527,2.0,2.0,3.99
0.0,12.0,10000.0,3,3,3.0,0,1.0,2.0,4,8.234325662834179,1.0,2.0,1.75
0.0,100.0,7200.0,2,2,2.0,0,4.0,2.0,4,10.315343042261606,2.0,2.0,0.54
0.0,12.0,7605.0,4,4,2.0,1,3.0,2.0,4,8.234325662834179,2.0,0.0,2.0
0.0,25.0,11498.0,3,4,4.0,0,1.0,2.0,4,2.6223407766988527,1.0,1.0,3.2
0.0,70.0,8475.0,2,2,2.0,0,1.0,2.0,4,12.476058817032778,1.0,0.0,1.0
0.0,5.0,10490.0,4,4,4.0,0,3.0,0.0,4,11.688077620313686,2.0,2.0,3.0
0.0,100.0,4667.0,1,1,1.0,0,1.0,2.0,4,10.315343042261606,1.0,0.0,0.21
0.0,98.0,9880.0,2,2,4.0,0,1.0,2.0,4,19.467363206073667,2.0,0.0,0.82
0.0,96.0,4251.0,4,3,2.0,0,1.0,2.0,4,19.438662025225774,2.0,0.0,0.95
0.0,70.0,7390.0,2,2,3.0,0,4.0,2.0,4,12.476058817032778,1.0,2.0,0.92
0.0,2.0,4715.0,3,3,4.0,1,0.0,2.0,4,24.68171523417974,1.0,2.0,1.25
0.0,89.0,5735.0,2,2,2.0,0,1.0,2.0,4,17.99082227512503,2.0,2.0,0.78
0.0,99.0,8518.0,2,1,2.0,0,1.0,2.0,4,12.749467120010372,1.0,2.0,0.5
0.0,96.0,4872.0,4,3,3.0,0,1.0,2.0,4,19.438662025225774,1.0,0.0,0.95
0.0,37.0,11179.0,3,3,4.0,0,1.0,2.0,4,8.807024823365314,1.0,2.0,2.0
0.0,32.0,3714.0,2,1,2.0,0,3.0,2.0,4,6.681786888085641,1.0,1.0,0.26
0.0,14.0,3667.0,2,1,1.0,0,3.0,2.0,4,7.02583253588824,1.0,1.0,0.22
0.0,13.0,5161.0,3,2,0.0,0,2.0,2.0,4,24.560164581355345,1.0,1.0,0.8
0.0,7.0,8668.0,2,2,3.0,0,4.0,2.0,3,9.444756665310383,2.0,0.0,1.1
0.0,23.0,4000.0,1,1,1.0,0,0.0,2.0,4,5.5611513518299125,1.0,1.0,0.2
0.0,96.0,4278.0,4,5,4.0,1,3.0,2.0,3,19.438662025225774,2.0,0.0,0.9
0.0,100.0,5291.0,2,2,2.0,0,3.0,2.0,4,10.315343042261606,1.0,2.0,0.3
0.0,25.0,15000.0,3,3,3.0,0,1.0,1.0,4,2.6223407766988527,0.0,0.0,2.79
0.0,100.0,4105.0,2,2,2.0,0,3.0,2.0,5,10.315343042261606,1.0,2.0,0.39
0.0,96.0,4750.0,4,3,2.0,0,1.0,0.0,4,19.438662025225774,1.0,0.0,0.95
0.0,88.0,13636.0,2,2,3.0,0,3.0,2.0,4,16.678635298845226,1.0,0.0,1.35
0.0,34.0,4207.0,2,2,1.0,0,3.0,1.0,3,6.469401707799213,1.0,1.0,0.22
0.0,39.0,5583.0,2,2,2.0,0,3.0,2.0,4,11.022736662002515,1.0,2.0,0.67
0.0,67.0,15267.0,2,2,2.0,0,1.0,0.0,4,10.356984533706918,0.0,0.0,2.0
0.0,74.0,6527.0,3,3,2.0,1,0.0,0.0,3,11.703579620081992,1.0,0.0,1.15
0.0,23.0,8462.0,1,1,2.0,0,0.0,2.0,4,5.5611513518299125,1.0,2.0,0.55
0.0,64.0,12500.0,2,2,2.0,0,4.0,2.0,4,9.325542058746992,1.0,1.0,1.5
0.0,15.0,14551.0,3,3,4.0,0,3.0,2.0,4,6.211211068500834,1.0,2.0,2.35
0.0,62.0,4471.0,2,2,2.0,0,0.0,2.0,4,6.520518513696236,1.0,1.0,0.38
0.0,84.0,8000.0,2,2,2.0,0,3.0,2.0,4,18.239734168866327,1.0,2.0,1.0
0.0,39.0,6000.0,3,2,3.0,0,4.0,2.0,4,11.022736662002515,1.0,0.0,1.02
0.0,38.0,6429.0,3,2,3.0,0,3.0,2.0,3,12.864118802682363,1.0,1.0,0.72
0.0,83.0,12409.0,1,1,1.0,0,3.0,2.0,3,18.634993017884206,2.0,0.0,0.85
0.0,4.0,6667.0,3,3,3.0,0,0.0,2.0,4,9.819178081405248,1.0,1.0,1.1
0.0,5.0,14754.0,2,2,2.0,0,3.0,2.0,4,11.688077620313686,1.0,2.0,1.35
0.0,38.0,8990.0,1,1,1.0,0,3.0,2.0,3,12.864118802682363,2.0,2.0,0.365
0.0,85.0,8333.0,3,2,3.0,0,3.0,0.0,5,16.990726505283792,2.0,1.0,1.25
0.0,73.0,9500.0,4,3,3.0,0,1.0,2.0,4,12.87125291025613,2.0,1.0,1.9
0.0,84.0,5261.0,2,2,3.0,0,3.0,0.0,4,18.239734168866327,2.0,0.0,0.6445000000000001
0.0,88.0,7754.0,4,4,4.0,0,1.0,2.0,4,16.678635298845226,1.0,0.0,2.7
0.0,11.0,13972.0,2,2,2.0,0,3.0,2.0,4,10.594295381059624,2.0,2.0,2.1
0.0,64.0,14000.0,3,3,3.0,0,4.0,2.0,4,9.325542058746992,1.0,1.0,2.17
0.0,64.0,15179.0,2,2,2.0,0,4.0,2.0,4,9.325542058746992,2.0,2.0,1.7
0.0,0.0,5933.0,3,4,3.0,0,4.0,2.0,4,8.28225319142505,1.0,2.0,1.65
0.0,54.0,7243.0,4,4,4.0,0,1.0,2.0,4,6.491042593237041,1.0,0.0,1.76
0.0,18.0,5660.0,3,3,2.0,0,3.0,2.0,4,21.802033071237695,1.0,2.0,0.6
0.0,100.0,6801.0,2,2,3.0,0,1.0,2.0,4,10.315343042261606,2.0,1.0,0.91
0.0,7.0,6577.0,3,2,2.0,0,4.0,2.0,4,9.444756665310383,2.0,2.0,0.49
0.0,23.0,9596.0,2,2,1.0,0,3.0,2.0,4,5.5611513518299125,2.0,1.0,0.95
0.0,100.0,5128.0,2,2,1.0,0,1.0,2.0,4,10.315343042261606,2.0,0.0,0.3
0.0,38.0,10540.0,1,1,1.0,0,3.0,0.0,3,12.864118802682363,2.0,2.0,0.371
0.0,78.0,5660.0,2,2,3.0,0,3.0,0.0,4,15.033979275030665,1.0,0.0,0.75
0.0,67.0,15758.0,3,3,4.0,0,3.0,2.0,4,10.356984533706918,1.0,2.0,2.6
0.0,80.0,5055.0,3,3,4.0,1,2.0,2.0,4,17.849176868198043,2.0,2.0,1.1
0.0,7.0,9677.0,2,2,2.0,0,4.0,2.0,4,9.444756665310383,1.0,2.0,1.5
0.0,64.0,14461.0,3,3,2.0,0,1.0,2.0,4,9.325542058746992,1.0,2.0,2.24
0.0,64.0,13652.0,2,2,2.0,0,1.0,2.0,4,9.325542058746992,2.0,2.0,1.57
0.0,55.0,33199.0,4,4,3.0,0,4.0,2.0,4,5.956010036535056,1.0,0.0,7.4
0.0,14.0,4400.0,2,2,1.0,0,1.0,0.0,4,7.02583253588824,1.0,1.0,0.22
0.0,100.0,5470.0,2,2,1.0,0,1.0,2.0,4,10.315343042261606,1.0,0.0,0.32
0.0,89.0,5441.0,2,2,1.0,0,4.0,2.0,4,17.99082227512503,2.0,0.0,0.74
0.0,67.0,15997.0,2,2,3.0,0,4.0,2.0,4,10.356984533706918,1.0,0.0,1.95
0.0,58.0,10000.0,1,1,1.0,0,0.0,2.0,4,7.763932572686242,1.0,1.0,0.6
0.0,8.0,4737.0,3,2,1.0,0,3.0,0.0,4,7.886489473512426,1.0,1.0,0.45
0.0,99.0,5425.0,2,1,2.0,0,1.0,2.0,3,12.749467120010372,1.0,2.0,0.3
0.0,92.0,9136.0,3,3,2.0,0,1.0,2.0,4,16.34701940513016,1.0,1.0,1.3
0.0,44.0,16768.0,3,3,2.0,0,2.0,1.0,5,4.813339259086748,2.0,0.0,2.75
0.0,64.0,15004.0,2,2,2.0,0,4.0,2.0,4,9.325542058746992,1.0,2.0,1.7
0.0,91.0,14894.0,3,3,4.0,0,1.0,2.0,4,14.818928591501624,1.0,2.0,1.75
0.0,85.0,5826.0,2,2,3.0,0,0.0,2.0,4,16.990726505283792,1.0,1.0,0.67
0.0,78.0,5510.0,3,3,3.0,1,1.0,2.0,4,15.033979275030665,2.0,1.0,1.08
0.0,99.0,6552.0,2,3,3.0,1,3.0,2.0,4,12.749467120010372,1.0,2.0,0.95
0.0,1.0,6054.0,2,2,1.0,0,2.0,0.0,4,9.007287461251584,1.0,0.0,0.56
0.0,7.0,6894.0,2,2,3.0,0,3.0,2.0,3,9.444756665310383,2.0,0.0,0.85
0.0,32.0,8657.0,2,2,3.0,0,3.0,2.0,4,6.681786888085641,1.0,0.0,1.25
0.0,100.0,5412.0,2,2,3.0,0,1.0,2.0,4,10.315343042261606,1.0,1.0,1.05
0.0,89.0,5735.0,2,2,1.0,0,1.0,2.0,4,17.99082227512503,2.0,2.0,0.78
0.0,100.0,7308.0,3,2,4.0,0,4.0,2.0,4,10.315343042261606,2.0,2.0,0.79
0.0,99.0,5787.0,2,2,2.0,0,1.0,2.0,3,12.749467120010372,1.0,0.0,0.32
0.0,61.0,16499.0,3,3,3.0,0,3.0,2.0,5,10.334704847328963,1.0,2.0,3.78
0.0,89.0,7840.0,2,2,1.0,0,4.0,2.0,4,17.99082227512503,1.0,0.0,0.45
0.0,37.0,13978.0,3,4,4.0,1,1.0,2.0,4,8.807024823365314,2.0,2.0,1.62
0.0,42.0,3789.0,2,2,1.0,0,3.0,2.0,4,7.966272839288784,1.0,2.0,0.36
0.0,98.0,8755.0,2,2,2.0,0,1.0,2.0,4,19.467363206073667,1.0,0.0,0.45
0.0,80.0,6100.0,2,2,3.0,0,4.0,2.0,4,17.849176868198043,1.0,0.0,0.9888
0.0,98.0,4867.0,2,2,2.0,0,1.0,2.0,4,19.467363206073667,2.0,0.0,0.55
0.0,62.0,7595.0,2,2,0.0,0,3.0,0.0,4,6.520518513696236,1.0,1.0,0.6
0.0,98.0,6319.0,2,2,2.0,0,1.0,2.0,4,19.467363206073667,2.0,0.0,0.46
0.0,92.0,8503.0,3,3,2.0,0,3.0,2.0,4,16.34701940513016,2.0,2.0,1.13
0.0,79.0,10370.0,3,3,3.0,1,1.0,2.0,4,16.16370147099269,1.0,0.0,2.1
0.0,98.0,6922.0,2,2,1.0,0,1.0,2.0,4,19.467363206073667,1.0,2.0,0.38
0.0,91.0,12174.0,4,4,3.0,1,1.0,2.0,4,14.818928591501624,2.0,1.0,2.1
0.0,8.0,5600.0,3,2,1.0,0,0.0,2.0,4,7.886489473512426,1.0,1.0,0.42
0.0,93.0,6667.0,4,3,2.0,0,0.0,0.0,4,23.318928458993227,1.0,2.0,1.2
0.0,100.0,4938.0,2,2,2.0,0,3.0,0.0,4,10.315343042261606,1.0,2.0,0.28
0.0,85.0,6969.0,2,2,2.0,0,3.0,2.0,4,16.990726505283792,2.0,0.0,1.0
0.0,39.0,4792.0,3,3,3.0,0,3.0,0.0,4,11.022736662002515,2.0,2.0,1.05
0.0,91.0,7200.0,2,2,1.0,0,1.0,2.0,4,14.818928591501624,1.0,2.0,0.45
0.0,96.0,5407.0,3,3,0.0,0,3.0,2.0,4,19.438662025225774,2.0,1.0,0.85
0.0,7.0,7893.0,3,3,3.0,0,1.0,2.0,3,9.444756665310383,2.0,2.0,1.3
0.0,101.0,5100.0,2,2,2.0,0,4.0,2.0,4,12.095045917417066,1.0,2.0,0.6884999999999999
0.0,1.0,6090.0,1,1,1.0,0,0.0,2.0,4,9.007287461251584,1.0,0.0,0.38
0.0,91.0,8367.0,2,2,4.0,0,3.0,1.0,4,14.818928591501624,2.0,2.0,1.45
0.0,39.0,4943.0,3,5,3.0,1,4.0,2.0,4,11.022736662002515,1.0,0.0,1.0
0.0,16.0,4673.0,2,2,2.0,0,3.0,2.0,4,7.403877093236538,1.0,2.0,0.7
0.0,99.0,6007.0,2,2,3.0,0,3.0,2.0,4,12.749467120010372,1.0,1.0,0.82
0.0,50.0,11111.0,1,1,1.0,0,0.0,2.0,4,9.85228261520027,1.0,1.0,0.8
0.0,39.0,4601.0,2,2,3.0,0,4.0,2.0,4,11.022736662002515,2.0,2.0,0.6
0.0,100.0,4346.0,2,2,2.0,0,3.0,2.0,3,10.315343042261606,1.0,2.0,0.2689999999999999
0.0,92.0,6168.0,2,2,2.0,0,4.0,2.0,4,16.34701940513016,1.0,2.0,0.8
0.0,55.0,21922.0,3,4,4.0,0,2.0,2.0,4,5.956010036535056,2.0,1.0,6.5
0.0,94.0,5507.0,2,2,1.0,0,4.0,2.0,3,17.784613471274927,1.0,2.0,0.38
0.0,66.0,17488.0,2,3,4.0,0,3.0,2.0,4,10.921657047153026,2.0,2.0,2.2
0.0,64.0,22700.0,3,3,3.0,0,1.0,2.0,4,9.325542058746992,1.0,1.0,1.9
0.0,100.0,4601.0,2,2,2.0,0,1.0,2.0,4,10.315343042261606,1.0,2.0,0.265
0.0,37.0,5000.0,2,2,2.0,0,3.0,1.0,3,8.807024823365314,1.0,1.0,0.4
0.0,98.0,6842.0,1,1,1.0,0,1.0,2.0,4,19.467363206073667,1.0,2.0,0.26
0.0,39.0,7782.0,3,3,2.0,0,3.0,2.0,3,11.022736662002515,1.0,2.0,1.0
0.0,100.0,7921.0,2,2,3.0,0,4.0,2.0,4,10.315343042261606,1.0,2.0,0.4
0.0,100.0,6177.0,2,2,4.0,0,4.0,2.0,4,10.315343042261606,2.0,2.0,0.95
0.0,59.0,10667.0,2,2,1.0,0,2.0,2.0,3,7.981671659354797,2.0,1.0,1.12
0.0,23.0,6550.0,2,2,2.0,0,2.0,0.0,4,5.5611513518299125,1.0,0.0,0.75
0.0,100.0,6076.0,2,2,2.0,0,3.0,2.0,4,10.315343042261606,1.0,0.0,0.35
0.0,69.0,12044.0,3,3,2.0,0,4.0,2.0,4,12.360901540268934,1.0,2.0,2.08
0.0,80.0,5491.0,3,3,2.0,0,3.0,0.0,4,17.849176868198043,1.0,2.0,0.95
0.0,98.0,6032.0,1,1,1.0,0,1.0,2.0,4,19.467363206073667,1.0,2.0,0.26
0.0,32.0,6154.0,3,3,1.0,0,2.0,2.0,4,6.681786888085641,1.0,1.0,0.8
0.0,71.0,5500.0,3,3,1.0,1,4.0,2.0,4,12.058742283544236,1.0,2.0,0.7353000000000001
0.0,100.0,4603.0,1,1,1.0,0,3.0,0.0,3,10.315343042261606,1.0,2.0,0.22
0.0,37.0,9677.0,3,3,3.0,0,4.0,2.0,4,8.807024823365314,2.0,2.0,1.5
0.0,96.0,5128.0,4,3,2.0,0,3.0,2.0,3,19.438662025225774,1.0,1.0,1.0
0.0,69.0,11581.0,3,3,2.0,0,4.0,2.0,4,12.360901540268934,1.0,2.0,2.0
0.0,24.0,7080.0,2,2,2.0,0,2.0,2.0,4,2.6890450895879563,1.0,2.0,0.8
0.0,83.0,6999.0,3,3,3.0,1,0.0,2.0,3,18.634993017884206,1.0,2.0,1.6
0.0,100.0,7143.0,1,1,1.0,0,1.0,1.0,5,10.315343042261606,1.0,2.0,0.285
0.0,100.0,5187.0,2,2,1.0,0,3.0,2.0,4,10.315343042261606,2.0,2.0,0.25
0.0,99.0,4658.0,2,2,1.0,0,3.0,2.0,3,12.749467120010372,1.0,2.0,0.32
0.0,98.0,5576.0,2,2,2.0,0,3.0,2.0,4,19.467363206073667,1.0,0.0,0.6
0.0,7.0,17544.0,2,2,2.0,0,3.0,2.0,4,9.444756665310383,1.0,0.0,1.2
0.0,93.0,6065.0,3,3,2.0,0,0.0,0.0,4,23.318928458993227,2.0,2.0,0.94
0.0,98.0,5257.0,3,3,4.0,0,1.0,2.0,4,19.467363206073667,1.0,0.0,0.92
0.0,25.0,12700.0,2,2,2.0,0,3.0,2.0,4,2.6223407766988527,2.0,0.0,1.75
0.0,92.0,4700.0,3,3,0.0,0,4.0,2.0,4,16.34701940513016,2.0,0.0,0.8976999999999999
0.0,99.0,6760.0,3,5,3.0,1,1.0,2.0,3,12.749467120010372,2.0,2.0,1.35
0.0,2.0,6504.0,3,4,2.0,1,3.0,2.0,4,24.68171523417974,1.0,2.0,1.2
0.0,39.0,4878.0,2,3,4.0,0,4.0,2.0,4,11.022736662002515,1.0,0.0,0.7
0.0,2.0,4032.0,3,4,0.0,0,1.0,2.0,4,24.68171523417974,1.0,2.0,1.0
0.0,9.0,6001.0,3,4,4.0,1,4.0,2.0,4,9.080697225898227,1.0,0.0,1.4
0.0,96.0,4597.0,3,3,3.0,0,0.0,2.0,3,19.438662025225774,1.0,2.0,0.65
0.0,89.0,5367.0,2,2,1.0,0,1.0,0.0,4,17.99082227512503,2.0,0.0,0.87
0.0,43.0,5556.0,1,1,0.0,0,0.0,2.0,4,5.816830898220792,1.0,1.0,1.5
0.0,32.0,5789.0,2,2,2.0,0,2.0,2.0,4,6.681786888085641,2.0,1.0,0.55
0.0,11.0,5682.0,3,2,0.0,0,3.0,0.0,3,10.594295381059624,2.0,1.0,1.25
0.0,18.0,4037.0,2,2,1.0,0,0.0,2.0,4,21.802033071237695,1.0,1.0,0.35
0.0,73.0,5601.0,3,3,3.0,0,4.0,0.0,3,12.87125291025613,1.0,0.0,1.3
0.0,6.0,7491.0,4,5,4.0,1,1.0,2.0,4,9.988958745407531,2.0,0.0,2.0
0.0,2.0,6359.0,4,5,4.0,1,1.0,2.0,4,24.68171523417974,1.0,2.0,1.5
0.0,70.0,9228.0,3,3,4.0,1,4.0,2.0,4,12.476058817032778,1.0,1.0,1.9
0.0,98.0,6471.0,1,1,1.0,0,1.0,2.0,4,19.467363206073667,1.0,1.0,0.22
0.0,23.0,7308.0,2,3,2.0,0,2.0,0.0,4,5.5611513518299125,1.0,1.0,0.95
0.0,94.0,6390.0,2,2,1.0,0,1.0,2.0,3,17.784613471274927,1.0,2.0,0.4
0.0,100.0,6166.0,2,2,2.0,0,1.0,2.0,3,10.315343042261606,1.0,1.0,0.32
0.0,58.0,7500.0,1,1,2.0,0,2.0,2.0,4,7.763932572686242,1.0,2.0,0.45
0.0,70.0,9311.0,3,3,4.0,0,4.0,2.0,4,12.476058817032778,1.0,0.0,1.85
0.0,98.0,6202.0,3,3,3.0,0,1.0,2.0,4,19.467363206073667,1.0,2.0,0.96
0.0,81.0,6178.0,2,2,4.0,0,1.0,2.0,3,9.6830758001837,1.0,2.0,0.8
0.0,7.0,8299.0,3,2,4.0,0,3.0,0.0,3,9.444756665310383,2.0,0.0,1.2
0.0,96.0,5000.0,2,2,2.0,0,3.0,2.0,3,19.438662025225774,2.0,1.0,0.5
0.0,96.0,4855.0,4,5,4.0,0,0.0,0.0,3,19.438662025225774,2.0,0.0,0.92
0.0,94.0,8333.0,2,2,1.0,0,1.0,2.0,3,17.784613471274927,1.0,2.0,0.5
0.0,81.0,6023.0,2,2,4.0,0,3.0,2.0,3,9.6830758001837,1.0,0.0,0.78
0.0,84.0,7886.0,2,2,1.0,0,1.0,1.0,3,18.239734168866327,2.0,0.0,0.5
0.0,7.0,9028.0,3,2,4.0,0,3.0,0.0,3,9.444756665310383,1.0,0.0,1.3
0.0,99.0,5433.0,2,2,1.0,0,1.0,2.0,3,12.749467120010372,1.0,2.0,0.27
0.0,96.0,4786.0,4,4,3.0,0,0.0,2.0,4,19.438662025225774,1.0,2.0,0.85
0.0,84.0,6618.0,2,2,3.0,0,1.0,2.0,4,18.239734168866327,2.0,2.0,0.9
0.0,39.0,6667.0,2,2,2.0,0,1.0,2.0,4,11.022736662002515,1.0,2.0,0.4
0.0,98.0,4500.0,3,3,1.0,0,3.0,2.0,4,19.467363206073667,2.0,0.0,0.9
0.0,74.0,9848.0,1,1,2.0,0,1.0,2.0,4,11.703579620081992,1.0,1.0,0.39
0.0,45.0,13514.0,3,2,3.0,0,2.0,2.0,4,4.4235297248137915,1.0,2.0,2.5
0.0,96.0,4211.0,4,3,2.0,0,3.0,2.0,3,19.438662025225774,1.0,2.0,0.8
0.0,77.0,10714.0,2,2,1.0,0,1.0,2.0,4,12.066951512075823,1.0,2.0,1.5
0.0,96.0,5384.0,3,3,4.0,0,3.0,2.0,4,19.438662025225774,2.0,0.0,0.82
0.0,7.0,8824.0,2,3,3.0,1,1.0,2.0,4,9.444756665310383,1.0,0.0,1.8
0.0,99.0,4615.0,2,2,1.0,0,1.0,2.0,3,12.749467120010372,1.0,2.0,0.3
0.0,81.0,8519.0,3,4,4.0,1,1.0,2.0,4,9.6830758001837,1.0,2.0,1.95
0.0,6.0,8671.0,3,3,4.0,0,4.0,2.0,4,9.988958745407531,1.0,2.0,1.5
0.0,31.0,7235.0,4,2,4.0,0,2.0,2.0,4,2.3586610749369834,1.0,1.0,0.9
0.0,93.0,6129.0,3,3,2.0,0,0.0,2.0,4,23.318928458993227,1.0,2.0,0.95
0.0,39.0,4724.0,3,3,3.0,0,4.0,2.0,4,11.022736662002515,1.0,2.0,1.0
0.0,18.0,4818.0,3,3,2.0,0,3.0,0.0,4,21.802033071237695,1.0,1.0,0.53
0.0,8.0,4200.0,3,2,1.0,0,3.0,2.0,4,7.886489473512426,1.0,1.0,0.42
0.0,81.0,9000.0,2,2,3.0,0,1.0,0.0,3,9.6830758001837,2.0,2.0,1.35
0.0,39.0,6361.0,3,4,4.0,1,1.0,2.0,4,11.022736662002515,2.0,0.0,1.5
0.0,80.0,6494.0,3,3,2.0,0,0.0,1.0,4,17.849176868198043,1.0,2.0,1.2
0.0,91.0,8108.0,3,3,2.0,0,3.0,2.0,4,14.818928591501624,2.0,2.0,1.5
0.0,96.0,6569.0,3,2,3.0,0,3.0,2.0,4,19.438662025225774,2.0,0.0,0.9
0.0,96.0,5150.0,4,4,2.0,1,1.0,2.0,4,19.438662025225774,2.0,0.0,1.08
0.0,96.0,4808.0,2,2,2.0,0,1.0,2.0,4,19.438662025225774,1.0,2.0,0.625
0.0,70.0,8500.0,4,4,4.0,0,1.0,2.0,4,12.476058817032778,2.0,0.0,1.7
0.0,23.0,8602.0,1,1,1.0,0,0.0,0.0,4,5.5611513518299125,1.0,2.0,0.4
0.0,10.0,5930.0,3,4,0.0,0,1.0,2.0,2,11.184849992510118,2.0,1.0,1.4
0.0,18.0,3500.0,3,3,1.0,0,2.0,2.0,4,21.802033071237695,1.0,1.0,0.35
0.0,6.0,6902.0,3,4,3.0,1,4.0,2.0,4,9.988958745407531,2.0,0.0,1.25
0.0,31.0,11989.0,2,2,2.0,0,0.0,2.0,4,2.3586610749369834,1.0,1.0,1.35
0.0,89.0,5541.0,3,3,3.0,1,4.0,2.0,4,17.99082227512503,1.0,2.0,1.05
0.0,49.0,9985.0,5,5,4.0,1,2.0,2.0,4,10.520480675103999,2.0,2.0,3.3
0.0,11.0,5214.0,3,3,3.0,0,3.0,2.0,3,10.594295381059624,2.0,2.0,0.95
0.0,27.0,12500.0,3,4,4.0,1,2.0,1.0,5,1.2216137419659363,2.0,2.0,5.8
0.0,56.0,35223.0,4,6,3.0,1,3.0,1.0,3,6.238294193827314,2.0,2.0,11.0
1.0,73.0,20115.0,5,4,4.0,1,1.0,0.0,4,12.87125291025613,1.0,2.0,5.25
1.0,45.0,4250.0,10,10,4.0,1,1.0,2.0,5,4.4235297248137915,1.0,2.0,2.1
1.0,45.0,5974.0,12,12,4.0,0,1.0,1.0,5,4.4235297248137915,1.0,2.0,3.0
1.0,68.0,37037.0,5,5,4.0,1,1.0,0.0,3,11.333973268769041,2.0,2.0,12.0
1.0,29.0,48888.0,16,16,4.0,1,1.0,0.0,5,2.3300044552360126,1.0,2.0,20.0
1.0,28.0,38150.0,6,6,1.0,0,3.0,0.0,5,1.0466229160276843,2.0,2.0,10.85
1.0,45.0,10078.0,3,4,4.0,1,1.0,0.0,5,4.4235297248137915,2.0,2.0,1.95
1.0,28.0,32963.0,4,3,4.0,0,0.0,2.0,5,1.0466229160276843,2.0,1.0,4.45
1.0,31.0,27778.0,6,7,4.0,1,0.0,2.0,4,2.3586610749369834,2.0,2.0,9.0
1.0,29.0,33201.0,5,6,4.0,1,0.0,0.0,5,2.3300044552360126,2.0,2.0,15.0
1.0,45.0,30556.0,5,6,4.0,1,0.0,0.0,4,4.4235297248137915,1.0,2.0,8.25
1.0,28.0,29861.0,9,9,4.0,1,2.0,2.0,5,1.0466229160276843,2.0,2.0,10.75
1.0,40.0,23333.0,2,7,4.0,0,3.0,2.0,4,8.133708813675211,1.0,2.0,2.1
1.0,52.0,41761.0,4,4,4.0,1,0.0,0.0,5,9.072597202187925,1.0,2.0,7.35
1.0,50.0,15451.0,6,6,3.0,1,0.0,1.0,5,9.85228261520027,0.0,2.0,4.45
1.0,93.0,12938.0,9,9,3.0,0,0.0,0.0,4,23.318928458993227,2.0,2.0,3.4
1.0,68.0,38095.0,5,6,4.0,1,3.0,0.0,3,11.333973268769041,0.0,2.0,12.0
1.0,49.0,25926.0,4,4,3.0,1,2.0,0.0,4,10.520480675103999,1.0,1.0,8.4
1.0,49.0,26235.0,4,4,2.0,1,0.0,2.0,4,10.520480675103999,2.0,1.0,8.5
1.0,28.0,38756.0,2,9,3.0,0,3.0,0.0,5,1.0466229160276843,1.0,2.0,7.6
1.0,45.0,25926.0,5,5,4.0,1,3.0,0.0,5,4.4235297248137915,1.0,2.0,7.0
1.0,42.0,9374.0,5,5,1.0,1,2.0,0.0,5,7.966272839288784,1.0,1.0,4.75
1.0,93.0,13410.0,9,9,4.0,0,3.0,2.0,4,23.318928458993227,1.0,2.0,3.5
1.0,43.0,21124.0,9,9,4.0,1,0.0,0.0,4,5.816830898220792,2.0,2.0,5.0
1.0,52.0,32593.0,5,5,3.0,1,0.0,2.0,5,9.072597202187925,1.0,2.0,10.56
1.0,69.0,24170.0,4,5,4.0,0,3.0,0.0,4,12.360901540268934,2.0,1.0,5.46
1.0,28.0,37037.0,5,6,3.0,1,2.0,0.0,5,1.0466229160276843,1.0,2.0,10.0
1.0,28.0,28490.0,10,10,3.0,0,2.0,0.0,5,1.0466229160276843,1.0,2.0,9.0
1.0,72.0,13542.0,2,2,2.0,0,2.0,2.0,4,7.932372074404248,1.0,1.0,1.95
1.0,59.0,19097.0,4,4,2.0,0,0.0,0.0,4,7.981671659354797,1.0,2.0,3.3
1.0,28.0,48148.0,3,16,4.0,1,1.0,1.0,5,1.0466229160276843,2.0,2.0,13.0
1.0,31.0,22222.0,4,4,4.0,0,2.0,0.0,4,2.3586610749369834,2.0,2.0,6.0
1.0,28.0,33333.0,5,5,3.0,1,2.0,2.0,5,1.0466229160276843,1.0,2.0,9.0
1.0,29.0,32222.0,5,5,4.0,1,2.0,2.0,5,2.3300044552360126,1.0,1.0,5.8
1.0,57.0,27741.0,3,12,4.0,1,3.0,0.0,4,7.7491651619718285,1.0,2.0,7.49
1.0,58.0,43534.0,3,12,4.0,1,3.0,0.0,4,7.763932572686242,1.0,2.0,11.95
1.0,28.0,34722.0,5,5,3.0,1,0.0,0.0,5,1.0466229160276843,2.0,1.0,6.25
1.0,73.0,20690.0,4,5,4.0,1,3.0,0.0,4,12.87125291025613,2.0,2.0,5.4
1.0,45.0,29716.0,4,4,2.0,1,2.0,2.0,4,4.4235297248137915,1.0,1.0,5.75
1.0,23.0,16378.0,3,3,2.0,0,2.0,2.0,4,5.5611513518299125,1.0,1.0,2.55
1.0,23.0,17284.0,8,6,4.0,1,0.0,2.0,4,5.5611513518299125,1.0,1.0,5.6
1.0,46.0,37778.0,5,8,4.0,1,3.0,1.0,4,5.944334649147922,0.0,2.0,17.0
1.0,16.0,12520.0,4,6,3.0,1,1.0,0.0,4,7.403877093236538,0.0,1.0,7.99
1.0,50.0,25562.0,2,6,3.0,0,0.0,2.0,5,9.85228261520027,1.0,2.0,3.75
1.0,49.0,27971.0,3,4,2.0,1,0.0,0.0,4,10.520480675103999,2.0,1.0,7.25
1.0,49.0,21000.0,4,5,4.0,1,0.0,0.0,4,10.520480675103999,1.0,1.0,8.4
1.0,57.0,24500.0,4,4,4.0,0,2.0,0.0,4,7.7491651619718285,1.0,1.0,3.55
1.0,95.0,7058.0,4,4,4.0,1,0.0,0.0,3,19.432123901520796,2.0,2.0,2.5
1.0,89.0,7058.0,4,4,4.0,1,0.0,0.0,4,17.99082227512503,2.0,2.0,2.5
1.0,15.0,11250.0,5,5,4.0,1,3.0,2.0,4,6.211211068500834,2.0,2.0,9.0
1.0,43.0,23333.0,3,3,2.0,0,0.0,0.0,4,5.816830898220792,1.0,2.0,2.1
1.0,20.0,20000.0,5,5,1.0,0,3.0,2.0,4,4.6775747230725235,1.0,1.0,4.5
1.0,45.0,35403.0,5,4,4.0,1,0.0,0.0,4,4.4235297248137915,1.0,2.0,6.5
1.0,26.0,16244.0,4,4,2.0,0,2.0,2.0,4,3.909699014695983,1.0,1.0,5.0
1.0,12.0,21603.0,4,4,4.0,1,1.0,2.0,4,8.234325662834179,2.0,1.0,5.5
1.0,12.0,10463.0,4,4,4.0,1,1.0,0.0,4,8.234325662834179,1.0,1.0,5.65
1.0,68.0,41608.0,4,4,4.0,1,3.0,2.0,3,11.333973268769041,2.0,2.0,8.8
1.0,42.0,14444.0,3,3,2.0,0,2.0,2.0,5,7.966272839288784,1.0,1.0,3.25
1.0,42.0,10101.0,3,3,2.0,0,2.0,2.0,5,7.966272839288784,1.0,1.0,5.0
1.0,52.0,38704.0,4,5,2.0,1,0.0,0.0,5,9.072597202187925,0.0,2.0,10.45
1.0,49.0,22222.0,5,6,3.0,1,0.0,0.0,4,10.520480675103999,2.0,1.0,19.5
1.0,85.0,23148.0,5,5,4.0,1,3.0,0.0,4,16.990726505283792,2.0,1.0,7.5
1.0,42.0,8557.0,3,2,1.0,0,0.0,2.0,4,7.966272839288784,1.0,1.0,0.67
1.0,12.0,16429.0,4,4,2.0,1,3.0,2.0,4,8.234325662834179,0.0,2.0,5.75
1.0,12.0,10556.0,4,5,4.0,1,3.0,2.0,4,8.234325662834179,0.0,2.0,5.7
1.0,93.0,13519.0,3,3,2.0,0,2.0,0.0,4,23.318928458993227,1.0,1.0,3.2
1.0,58.0,42032.0,3,13,4.0,1,3.0,0.0,4,7.763932572686242,1.0,2.0,11.5
1.0,49.0,24069.0,4,5,3.0,1,0.0,0.0,4,10.520480675103999,2.0,1.0,7.69
1.0,85.0,21605.0,4,4,4.0,1,3.0,0.0,4,16.990726505283792,1.0,1.0,7.0
1.0,72.0,13889.0,2,2,2.0,0,0.0,0.0,4,7.932372074404248,1.0,1.0,1.55
1.0,72.0,14650.0,4,4,3.0,0,2.0,2.0,4,7.932372074404248,1.0,2.0,3.85
1.0,72.0,13889.0,2,2,2.0,0,2.0,2.0,4,7.932372074404248,1.0,1.0,2.0
1.0,72.0,13778.0,3,3,2.0,0,2.0,2.0,4,7.932372074404248,1.0,1.0,3.1
1.0,72.0,15625.0,3,3,2.0,0,2.0,0.0,4,7.932372074404248,1.0,1.0,2.25
1.0,52.0,23333.0,4,4,2.0,1,2.0,2.0,5,9.072597202187925,2.0,2.0,7.0
1.0,49.0,21250.0,4,5,4.0,1,0.0,0.0,4,10.520480675103999,1.0,1.0,8.5
1.0,68.0,38667.0,4,5,2.0,1,1.0,2.0,3,11.333973268769041,0.0,2.0,8.7
1.0,12.0,26670.0,5,6,3.0,1,3.0,2.0,4,8.234325662834179,2.0,2.0,12.5
1.0,12.0,12593.0,4,5,3.0,1,3.0,2.0,4,8.234325662834179,1.0,1.0,6.8
1.0,12.0,26389.0,7,6,3.0,1,3.0,2.0,4,8.234325662834179,0.0,2.0,9.5
1.0,12.0,12963.0,5,6,2.0,1,3.0,2.0,4,8.234325662834179,0.0,1.0,7.0
1.0,12.0,25514.0,5,5,2.0,1,3.0,2.0,4,8.234325662834179,0.0,1.0,6.2
1.0,58.0,24845.0,5,5,4.0,0,0.0,2.0,4,7.763932572686242,1.0,2.0,3.6
1.0,12.0,24280.0,4,5,2.0,1,3.0,0.0,4,8.234325662834179,2.0,1.0,5.9
1.0,12.0,26423.0,4,5,4.0,1,3.0,0.0,4,8.234325662834179,2.0,1.0,5.85
1.0,73.0,6666.0,4,4,4.0,1,3.0,2.0,4,12.87125291025613,0.0,1.0,4.0
1.0,73.0,8917.0,4,4,4.0,1,3.0,0.0,4,12.87125291025613,0.0,2.0,5.35
1.0,28.0,36667.0,6,7,4.0,1,0.0,0.0,5,1.0466229160276843,2.0,1.0,6.6
1.0,12.0,9000.0,4,5,4.0,0,3.0,0.0,4,8.234325662834179,0.0,1.0,6.3
1.0,12.0,20000.0,5,6,3.0,1,3.0,0.0,4,8.234325662834179,0.0,1.0,12.0
1.0,8.0,9028.0,3,2,1.0,0,3.0,2.0,4,7.886489473512426,1.0,1.0,0.65
1.0,42.0,4074.0,3,3,2.0,0,3.0,2.0,4,7.966272839288784,1.0,1.0,0.55
1.0,42.0,630.0,3,3,1.0,0,3.0,2.0,4,7.966272839288784,1.0,1.0,0.85
1.0,42.0,9619.0,2,2,1.0,0,0.0,2.0,4,7.966272839288784,1.0,1.0,0.58
1.0,42.0,10317.0,1,1,1.0,0,0.0,2.0,4,7.966272839288784,1.0,1.0,0.65
1.0,42.0,11111.0,2,2,2.0,0,0.0,2.0,4,7.966272839288784,1.0,1.0,0.61
1.0,42.0,9795.0,3,3,2.0,0,3.0,2.0,4,7.966272839288784,1.0,1.0,0.67
1.0,45.0,29974.0,6,6,3.0,1,3.0,0.0,5,4.4235297248137915,1.0,1.0,5.8
1.0,12.0,24691.0,4,5,4.0,1,3.0,0.0,4,8.234325662834179,2.0,1.0,6.0
1.0,59.0,23496.0,9,9,4.0,1,1.0,0.0,4,7.981671659354797,1.0,2.0,6.25
1.0,36.0,23699.0,4,4,2.0,1,0.0,0.0,4,5.914968784991512,2.0,1.0,3.69
1.0,45.0,2885.0,7,7,3.0,0,3.0,1.0,5,4.4235297248137915,1.0,2.0,2.5
1.0,45.0,28424.0,1,1,0.0,0,2.0,2.0,5,4.4235297248137915,1.0,1.0,5.5
1.0,52.0,33333.0,4,4,2.0,1,0.0,2.0,5,9.072597202187925,0.0,1.0,15.0
1.0,52.0,32176.0,3,3,1.0,1,0.0,2.0,5,9.072597202187925,0.0,1.0,6.95
1.0,23.0,14729.0,5,5,2.0,0,2.0,1.0,4,5.5611513518299125,2.0,1.0,5.7
1.0,12.0,25111.0,7,5,4.0,1,3.0,2.0,4,8.234325662834179,1.0,2.0,11.3
1.0,12.0,25000.0,7,5,4.0,1,3.0,2.0,4,8.234325662834179,1.0,2.0,11.25
1.0,73.0,7309.0,4,4,4.0,1,3.0,2.0,4,12.87125291025613,0.0,2.0,4.02
1.0,12.0,10556.0,4,4,4.0,1,3.0,2.0,4,8.234325662834179,2.0,2.0,5.7
1.0,18.0,8230.0,3,7,4.0,0,0.0,2.0,4,21.802033071237695,1.0,2.0,1.0
1.0,72.0,12000.0,3,1,1.0,0,3.0,2.0,4,7.932372074404248,1.0,2.0,0.66
1.0,42.0,10234.0,3,2,1.0,0,1.0,2.0,4,7.966272839288784,1.0,1.0,0.7
1.0,27.0,2984.0,3,3,1.0,0,2.0,2.0,4,1.2216137419659363,1.0,1.0,1.45
1.0,34.0,8879.0,4,3,2.0,0,2.0,2.0,3,6.469401707799213,1.0,1.0,0.95
1.0,93.0,14286.0,9,9,4.0,0,3.0,0.0,4,23.318928458993227,1.0,2.0,4.5
1.0,32.0,8929.0,3,1,0.0,0,0.0,2.0,4,6.681786888085641,1.0,1.0,0.9
1.0,44.0,28283.0,7,7,4.0,1,0.0,1.0,5,4.813339259086748,0.0,2.0,7.0
1.0,58.0,26613.0,4,4,4.0,0,3.0,0.0,4,7.763932572686242,1.0,1.0,4.0
1.0,72.0,10000.0,2,4,3.0,1,2.0,0.0,4,7.932372074404248,1.0,2.0,0.9
1.0,27.0,7667.0,7,7,4.0,0,0.0,0.0,4,1.2216137419659363,1.0,2.0,2.75
1.0,101.0,7407.0,2,4,3.0,0,3.0,2.0,4,12.095045917417066,1.0,2.0,0.5
1.0,62.0,8333.0,3,3,2.0,0,0.0,2.0,4,6.520518513696236,1.0,1.0,0.5
1.0,8.0,13333.0,3,3,0.0,0,0.0,2.0,4,7.886489473512426,1.0,2.0,0.6
1.0,8.0,7778.0,2,2,1.0,0,0.0,2.0,3,7.886489473512426,1.0,1.0,0.35
1.0,29.0,4531.0,4,3,2.0,0,3.0,0.0,5,2.3300044552360126,1.0,1.0,4.0
1.0,13.0,12222.0,4,3,2.0,0,2.0,2.0,4,24.560164581355345,1.0,1.0,2.2
1.0,72.0,22222.0,4,5,4.0,1,2.0,2.0,4,7.932372074404248,1.0,1.0,8.0
1.0,82.0,9111.0,2,3,3.0,0,0.0,2.0,4,7.769882600653308,1.0,1.0,0.82
1.0,32.0,8929.0,3,3,0.0,0,0.0,2.0,4,6.681786888085641,1.0,1.0,0.9
1.0,18.0,4118.0,4,4,1.0,0,0.0,2.0,4,21.802033071237695,1.0,1.0,0.7
1.0,13.0,7308.0,5,3,0.0,0,3.0,2.0,4,24.560164581355345,1.0,1.0,0.95
1.0,31.0,25926.0,2,6,3.0,0,3.0,2.0,4,2.3586610749369834,1.0,2.0,3.5
1.0,29.0,33333.0,3,5,4.0,0,2.0,0.0,5,2.3300044552360126,1.0,2.0,6.0
1.0,96.0,9793.0,4,4,4.0,0,3.0,2.0,4,19.438662025225774,1.0,2.0,2.75
1.0,78.0,6250.0,4,4,0.0,0,1.0,2.0,4,15.033979275030665,1.0,0.0,1.75
1.0,75.0,8486.0,5,5,4.0,0,3.0,2.0,4,10.518733742236972,1.0,0.0,3.1
1.0,100.0,7589.0,3,2,2.0,0,3.0,2.0,4,10.315343042261606,1.0,1.0,0.85
1.0,18.0,13333.0,2,4,0.0,0,2.0,2.0,4,21.802033071237695,1.0,1.0,0.9
1.0,14.0,12593.0,2,2,2.0,0,0.0,2.0,4,7.02583253588824,1.0,2.0,0.34
1.0,23.0,15385.0,6,6,2.0,0,0.0,2.0,4,5.5611513518299125,1.0,1.0,5.0
1.0,20.0,22222.0,3,3,3.0,0,0.0,2.0,4,4.6775747230725235,1.0,1.0,5.0
1.0,37.0,23336.0,5,7,4.0,1,3.0,2.0,3,8.807024823365314,1.0,1.0,9.5
1.0,58.0,29340.0,8,8,4.0,0,0.0,0.0,4,7.763932572686242,1.0,1.0,7.25
1.0,32.0,10288.0,3,3,0.0,0,2.0,2.0,4,6.681786888085641,1.0,1.0,1.5
1.0,97.0,11285.0,3,2,1.0,0,3.0,2.0,4,17.701541160038953,1.0,2.0,1.3
1.0,51.0,11029.0,5,5,4.0,0,2.0,2.0,4,21.24379690902522,1.0,2.0,3.75
1.0,19.0,6944.0,10,10,2.0,0,2.0,2.0,4,5.556413399327798,1.0,1.0,2.25
1.0,72.0,8519.0,5,3,2.0,0,2.0,2.0,4,7.932372074404248,1.0,1.0,1.15
1.0,51.0,8889.0,2,2,1.0,0,2.0,2.0,4,21.24379690902522,1.0,1.0,0.8
1.0,24.0,11852.0,5,5,2.0,0,3.0,2.0,4,2.6890450895879563,1.0,2.0,1.6
1.0,29.0,39260.0,5,5,2.0,1,3.0,2.0,5,2.3300044552360126,1.0,2.0,7.0
1.0,93.0,6083.0,3,2,1.0,0,2.0,2.0,4,23.318928458993227,1.0,1.0,0.5
1.0,40.0,25616.0,10,10,4.0,0,3.0,2.0,4,8.133708813675211,1.0,1.0,8.0
1.0,24.0,8411.0,3,2,1.0,0,2.0,2.0,4,2.6890450895879563,1.0,1.0,0.45
1.0,19.0,3588.0,6,6,0.0,0,2.0,2.0,4,5.556413399327798,1.0,2.0,0.62
1.0,62.0,4630.0,6,4,0.0,0,0.0,2.0,4,6.520518513696236,1.0,2.0,1.0
1.0,42.0,8889.0,2,1,4.0,0,0.0,2.0,4,7.966272839288784,1.0,1.0,4.12
1.0,12.0,8698.0,3,4,0.0,0,3.0,2.0,4,8.234325662834179,1.0,0.0,1.87
1.0,34.0,8500.0,1,1,0.0,0,1.0,2.0,3,6.469401707799213,1.0,1.0,0.85
1.0,18.0,8235.0,3,3,0.0,0,1.0,2.0,4,21.802033071237695,1.0,1.0,0.42
1.0,8.0,13333.0,4,4,1.0,0,0.0,2.0,4,7.886489473512426,1.0,1.0,1.2
1.0,52.0,21667.0,5,6,0.0,0,0.0,2.0,4,9.072597202187925,1.0,1.0,6.5
1.0,34.0,6410.0,2,2,0.0,0,1.0,2.0,3,6.469401707799213,1.0,1.0,0.75
1.0,8.0,3857.0,5,3,3.0,0,0.0,2.0,3,7.886489473512426,1.0,2.0,1.35
1.0,59.0,21759.0,3,3,2.0,1,2.0,2.0,4,7.981671659354797,1.0,1.0,4.7
1.0,93.0,7407.0,2,2,2.0,0,2.0,2.0,4,23.318928458993227,1.0,1.0,0.22
1.0,93.0,8735.0,3,6,4.0,0,2.0,2.0,4,23.318928458993227,1.0,2.0,1.25
1.0,18.0,9444.0,1,1,2.0,0,2.0,2.0,3,21.802033071237695,1.0,1.0,1.7
1.0,23.0,20000.0,4,4,1.0,0,3.0,2.0,4,5.5611513518299125,1.0,1.0,6.0
1.0,57.0,18667.0,4,4,0.0,0,2.0,2.0,4,7.7491651619718285,1.0,1.0,2.8
1.0,100.0,2525.0,1,1,0.0,0,3.0,2.0,4,10.315343042261606,1.0,1.0,0.075
1.0,40.0,24306.0,3,3,2.0,0,3.0,2.0,4,8.133708813675211,1.0,1.0,3.5
1.0,31.0,17695.0,4,2,2.0,0,3.0,2.0,4,2.3586610749369834,1.0,1.0,2.58
1.0,66.0,21519.0,4,4,4.0,0,1.0,2.0,4,10.921657047153026,2.0,3.0,8.5
1.0,24.0,6173.0,3,3,2.0,0,2.0,2.0,4,2.6890450895879563,1.0,2.0,0.6
1.0,93.0,6111.0,4,3,1.0,0,2.0,2.0,4,23.318928458993227,1.0,1.0,1.1
1.0,40.0,20325.0,3,2,2.0,0,0.0,2.0,4,8.133708813675211,1.0,1.0,3.5
1.0,58.0,20359.0,2,2,2.0,0,0.0,2.0,4,7.763932572686242,1.0,1.0,2.95
1.0,8.0,5833.0,3,2,2.0,0,0.0,2.0,4,7.886489473512426,1.0,1.0,0.7
1.0,72.0,11694.0,2,4,2.0,0,0.0,2.0,4,7.932372074404248,1.0,2.0,1.16
1.0,28.0,26667.0,6,5,2.0,0,3.0,2.0,5,1.0466229160276843,1.0,2.0,16.0
1.0,31.0,17900.0,5,6,4.0,0,0.0,2.0,4,2.3586610749369834,1.0,2.0,8.95
1.0,45.0,39886.0,9,9,4.0,1,0.0,2.0,4,4.4235297248137915,1.0,2.0,14.0
1.0,72.0,4545.0,4,5,0.0,0,2.0,2.0,4,7.932372074404248,1.0,2.0,1.35
1.0,52.0,27155.0,6,6,0.0,0,0.0,2.0,5,9.072597202187925,1.0,1.0,13.2
1.0,18.0,14493.0,9,9,4.0,0,2.0,2.0,4,21.802033071237695,1.0,2.0,6.0
1.0,42.0,11111.0,3,4,1.0,0,0.0,2.0,4,7.966272839288784,1.0,1.0,1.1
1.0,39.0,13158.0,5,5,4.0,0,3.0,2.0,4,11.022736662002515,1.0,1.0,2.5
1.0,72.0,5889.0,2,2,0.0,0,2.0,2.0,4,7.932372074404248,1.0,1.0,0.53
1.0,72.0,11111.0,2,2,1.0,0,3.0,2.0,4,7.932372074404248,1.0,1.0,2.0
1.0,58.0,9654.0,10,10,4.0,1,3.0,1.0,4,7.763932572686242,2.0,2.0,8.0
1.0,19.0,4808.0,1,1,0.0,0,2.0,2.0,4,5.556413399327798,1.0,1.0,0.45
1.0,8.0,8222.0,2,2,1.0,0,0.0,2.0,3,7.886489473512426,1.0,1.0,0.37
1.0,13.0,3857.0,10,6,4.0,0,2.0,2.0,4,24.560164581355345,1.0,2.0,1.35
1.0,8.0,5556.0,2,2,0.0,0,0.0,2.0,4,7.886489473512426,1.0,1.0,0.5
1.0,82.0,11273.0,3,1,0.0,0,0.0,2.0,4,7.769882600653308,1.0,1.0,0.62
1.0,28.0,8000.0,3,9,2.0,0,1.0,2.0,5,1.0466229160276843,1.0,2.0,8.0
1.0,96.0,7627.0,4,5,0.0,0,3.0,2.0,4,19.438662025225774,1.0,0.0,1.8
1.0,11.0,5667.0,4,4,4.0,0,3.0,2.0,4,10.594295381059624,1.0,1.0,1.7
1.0,34.0,5000.0,2,1,0.0,0,1.0,2.0,3,6.469401707799213,1.0,1.0,0.55
1.0,34.0,5000.0,6,1,0.0,0,1.0,2.0,3,6.469401707799213,1.0,1.0,1.5
1.0,12.0,6568.0,3,2,0.0,0,3.0,2.0,4,8.234325662834179,1.0,1.0,1.55
1.0,42.0,11111.0,4,2,2.0,0,0.0,2.0,4,7.966272839288784,1.0,1.0,0.65
1.0,82.0,3186.0,4,6,1.0,0,3.0,2.0,4,7.769882600653308,1.0,2.0,1.6
1.0,72.0,21111.0,2,1,1.0,0,1.0,2.0,4,7.932372074404248,1.0,2.0,0.95
1.0,85.0,7500.0,5,6,4.0,0,3.0,2.0,5,16.990726505283792,1.0,2.0,3.85
1.0,62.0,10784.0,3,2,1.0,0,2.0,2.0,4,6.520518513696236,1.0,1.0,0.66
1.0,19.0,10519.0,2,2,2.0,0,2.0,2.0,4,5.556413399327798,1.0,2.0,1.5
1.0,22.0,19869.0,2,2,1.0,0,2.0,2.0,4,3.443648359101704,1.0,1.0,1.52
1.0,14.0,8795.0,3,2,2.0,0,2.0,2.0,4,7.02583253588824,1.0,1.0,1.0
1.0,42.0,7522.0,3,3,0.0,0,0.0,2.0,4,7.966272839288784,1.0,1.0,0.85
1.0,72.0,5000.0,3,2,0.0,0,2.0,2.0,4,7.932372074404248,1.0,1.0,0.45
1.0,41.0,14071.0,5,5,0.0,0,3.0,2.0,4,6.907007586118708,1.0,1.0,5.15
1.0,20.0,26000.0,5,5,0.0,0,0.0,2.0,4,4.6775747230725235,1.0,2.0,6.5
1.0,22.0,24306.0,2,5,3.0,0,2.0,2.0,5,3.443648359101704,1.0,2.0,3.5
1.0,28.0,19286.0,9,9,0.0,0,3.0,2.0,5,1.0466229160276843,1.0,1.0,13.5
1.0,23.0,22637.0,9,9,4.0,0,0.0,0.0,4,5.5611513518299125,1.0,2.0,5.7
1.0,45.0,26570.0,1,1,0.0,0,4.0,2.0,5,4.4235297248137915,1.0,1.0,3.3
1.0,72.0,11111.0,4,2,2.0,0,2.0,2.0,4,7.932372074404248,1.0,1.0,1.75
1.0,32.0,6410.0,4,2,2.0,0,2.0,2.0,4,6.681786888085641,1.0,1.0,0.75
1.0,18.0,14787.0,8,8,4.0,1,3.0,1.0,3,21.802033071237695,1.0,2.0,3.5
1.0,32.0,15257.0,4,1,0.0,0,0.0,2.0,4,6.681786888085641,1.0,1.0,0.92
1.0,42.0,6111.0,4,4,4.0,0,2.0,2.0,4,7.966272839288784,1.0,1.0,1.1
1.0,62.0,15625.0,4,4,2.0,0,0.0,2.0,4,6.520518513696236,1.0,1.0,0.75
1.0,42.0,8681.0,2,3,0.0,0,0.0,2.0,4,7.966272839288784,1.0,1.0,1.25
1.0,4.0,17955.0,4,3,2.0,0,0.0,2.0,4,9.819178081405248,1.0,1.0,4.25
1.0,32.0,7923.0,1,1,1.0,0,3.0,2.0,4,6.681786888085641,1.0,1.0,0.37
1.0,56.0,23457.0,4,4,0.0,0,0.0,2.0,4,6.238294193827314,1.0,1.0,5.7
1.0,73.0,3889.0,3,2,1.0,0,1.0,2.0,4,12.87125291025613,1.0,2.0,2.1
1.0,101.0,22305.0,1,4,4.0,0,2.0,2.0,4,12.095045917417066,1.0,2.0,1.2
1.0,31.0,13889.0,4,4,0.0,0,3.0,2.0,4,2.3586610749369834,1.0,2.0,4.5
1.0,22.0,11111.0,4,4,0.0,0,2.0,2.0,3,3.443648359101704,1.0,1.0,3.0
1.0,49.0,26235.0,4,6,3.0,1,2.0,2.0,4,10.520480675103999,1.0,2.0,8.5
1.0,18.0,35088.0,4,6,2.0,0,2.0,2.0,4,21.802033071237695,1.0,1.0,6.0
1.0,82.0,10224.0,2,4,0.0,0,0.0,2.0,4,7.769882600653308,1.0,1.0,0.82
1.0,8.0,3285.0,3,2,1.0,0,0.0,2.0,4,7.886489473512426,1.0,1.0,1.15
1.0,69.0,8222.0,3,3,3.0,0,0.0,2.0,4,12.360901540268934,1.0,1.0,1.85
1.0,66.0,27139.0,6,6,4.0,0,4.0,2.0,4,10.921657047153026,1.0,2.0,8.5
1.0,45.0,23663.0,4,4,2.0,1,3.0,1.0,5,4.4235297248137915,0.0,2.0,5.75
1.0,55.0,17574.0,5,5,4.0,0,0.0,0.0,4,5.956010036535056,1.0,1.0,4.65
1.0,93.0,10753.0,3,3,1.0,0,3.0,2.0,4,23.318928458993227,1.0,1.0,0.6
1.0,19.0,9091.0,4,5,2.0,0,2.0,2.0,4,5.556413399327798,1.0,1.0,4.5
1.0,27.0,6584.0,14,14,4.0,0,3.0,1.0,4,1.2216137419659363,1.0,2.0,3.2
1.0,42.0,11696.0,3,3,1.0,0,2.0,2.0,4,7.966272839288784,1.0,1.0,0.6
1.0,7.0,21196.0,3,5,4.0,0,0.0,2.0,4,9.444756665310383,1.0,1.0,1.95
1.0,19.0,12077.0,3,6,2.0,0,2.0,2.0,4,5.556413399327798,1.0,2.0,1.25
1.0,12.0,25103.0,5,6,4.0,1,0.0,2.0,4,8.234325662834179,1.0,1.0,6.1
1.0,2.0,14959.0,3,1,0.0,0,0.0,2.0,3,24.68171523417974,1.0,2.0,2.0
1.0,31.0,23333.0,2,8,4.0,0,0.0,0.0,4,2.3586610749369834,1.0,2.0,2.1
1.0,92.0,8784.0,3,3,2.0,0,3.0,2.0,4,16.34701940513016,1.0,1.0,1.25
1.0,52.0,35494.0,5,6,0.0,0,0.0,2.0,5,9.072597202187925,1.0,1.0,11.5
1.0,19.0,11465.0,2,4,3.0,1,0.0,2.0,4,5.556413399327798,1.0,2.0,0.9
1.0,42.0,11719.0,2,4,3.0,0,0.0,2.0,4,7.966272839288784,1.0,1.0,0.75
1.0,8.0,11556.0,3,3,1.0,0,0.0,2.0,4,7.886489473512426,1.0,1.0,1.3
1.0,7.0,5556.0,2,2,1.0,0,1.0,2.0,3,9.444756665310383,1.0,1.0,0.48
1.0,32.0,3875.0,5,3,0.0,0,0.0,2.0,4,6.681786888085641,1.0,1.0,0.68
1.0,32.0,7576.0,7,2,0.0,0,0.0,2.0,4,6.681786888085641,1.0,1.0,1.5
1.0,8.0,11556.0,3,3,1.0,0,0.0,2.0,4,7.886489473512426,1.0,1.0,1.3
1.0,93.0,10753.0,2,2,1.0,0,0.0,2.0,4,23.318928458993227,1.0,1.0,0.6
1.0,20.0,20635.0,4,4,4.0,0,0.0,2.0,4,4.6775747230725235,1.0,1.0,6.5
1.0,21.0,11889.0,2,2,1.0,1,2.0,2.0,4,21.179774847722413,1.0,1.0,1.07
1.0,13.0,17284.0,2,6,4.0,0,3.0,2.0,4,24.560164581355345,1.0,2.0,2.1
1.0,36.0,32258.0,2,2,2.0,0,0.0,2.0,4,5.914968784991512,1.0,1.0,4.6
1.0,33.0,11111.0,3,4,2.0,0,3.0,2.0,3,22.124747987328313,1.0,1.0,1.0
1.0,71.0,16389.0,4,3,2.0,0,1.0,1.0,4,12.058742283544236,2.0,2.0,2.95
1.0,36.0,31507.0,2,4,4.0,0,2.0,2.0,4,5.914968784991512,1.0,2.0,4.6
1.0,93.0,9722.0,2,2,1.0,0,2.0,2.0,4,23.318928458993227,1.0,1.0,0.35
1.0,27.0,25543.0,8,10,4.0,0,2.0,2.0,4,1.2216137419659363,1.0,1.0,10.0
1.0,23.0,10000.0,4,5,2.0,0,0.0,2.0,4,5.5611513518299125,1.0,1.0,5.2
1.0,42.0,8889.0,1,1,0.0,0,0.0,2.0,4,7.966272839288784,1.0,1.0,0.4
1.0,7.0,12400.0,3,3,1.0,0,0.0,1.0,3,9.444756665310383,1.0,1.0,0.62
1.0,42.0,9259.0,2,3,2.0,0,2.0,2.0,4,7.966272839288784,1.0,2.0,0.5
1.0,42.0,15257.0,1,4,3.0,0,0.0,2.0,4,7.966272839288784,1.0,2.0,0.92
1.0,22.0,24306.0,2,6,4.0,0,2.0,2.0,5,3.443648359101704,1.0,2.0,3.5
1.0,42.0,6088.0,5,4,3.0,0,3.0,2.0,4,7.966272839288784,1.0,2.0,0.8
1.0,100.0,14245.0,2,3,2.0,0,1.0,0.0,4,10.315343042261606,2.0,1.0,1.5
1.0,6.0,6367.0,3,5,4.0,0,3.0,2.0,4,9.988958745407531,1.0,2.0,2.25
1.0,28.0,37313.0,5,6,4.0,0,2.0,0.0,5,1.0466229160276843,2.0,2.0,13.5
1.0,18.0,9444.0,1,1,1.0,1,2.0,2.0,3,21.802033071237695,1.0,1.0,1.7
1.0,72.0,5000.0,3,2,1.0,0,2.0,2.0,4,7.932372074404248,1.0,1.0,0.45
1.0,8.0,10118.0,3,2,1.0,0,2.0,2.0,4,7.886489473512426,1.0,1.0,1.2
1.0,21.0,10000.0,4,3,1.0,0,2.0,2.0,4,21.179774847722413,1.0,1.0,1.8
1.0,69.0,8641.0,5,3,2.0,0,1.0,2.0,4,12.360901540268934,1.0,1.0,1.5
1.0,23.0,6481.0,2,2,0.0,0,1.0,2.0,4,5.5611513518299125,1.0,1.0,0.35
1.0,32.0,6707.0,2,2,1.0,0,0.0,2.0,4,6.681786888085641,1.0,1.0,0.55
1.0,42.0,9259.0,1,1,1.0,0,0.0,2.0,4,7.966272839288784,1.0,1.0,0.4
1.0,69.0,11905.0,4,4,0.0,0,0.0,2.0,4,12.360901540268934,1.0,2.0,3.0
1.0,8.0,9135.0,3,3,3.0,0,3.0,2.0,4,7.886489473512426,1.0,1.0,0.4275
1.0,82.0,7111.0,2,3,1.0,0,3.0,2.0,4,7.769882600653308,1.0,1.0,0.32
1.0,42.0,8007.0,2,1,1.0,0,0.0,2.0,4,7.966272839288784,1.0,1.0,0.47
1.0,54.0,20370.0,9,9,4.0,1,0.0,0.0,4,6.491042593237041,1.0,2.0,5.5
1.0,72.0,12500.0,3,5,3.0,0,0.0,2.0,4,7.932372074404248,1.0,2.0,0.75
1.0,6.0,8125.0,4,3,4.0,0,3.0,2.0,4,9.988958745407531,1.0,0.0,3.25
1.0,72.0,17037.0,5,3,4.0,1,2.0,2.0,4,7.932372074404248,1.0,2.0,2.3
1.0,19.0,11538.0,2,7,3.0,0,0.0,2.0,4,5.556413399327798,1.0,2.0,1.5
1.0,18.0,12217.0,2,5,1.0,0,2.0,2.0,3,21.802033071237695,1.0,2.0,1.35
1.0,62.0,11574.0,2,5,1.0,0,1.0,2.0,4,6.520518513696236,1.0,1.0,1.25
1.0,27.0,2963.0,4,2,2.0,0,2.0,2.0,4,1.2216137419659363,1.0,1.0,1.44
1.0,42.0,11111.0,2,2,2.0,1,1.0,2.0,4,7.966272839288784,1.0,1.0,0.5
1.0,23.0,8230.0,3,7,4.0,0,0.0,2.0,4,5.5611513518299125,1.0,2.0,1.0
1.0,26.0,13095.0,9,9,4.0,1,0.0,0.0,4,3.909699014695983,1.0,2.0,5.5
1.0,31.0,30556.0,4,3,3.0,0,2.0,0.0,4,2.3586610749369834,1.0,1.0,5.5
1.0,42.0,11852.0,2,3,1.0,0,0.0,2.0,4,7.966272839288784,1.0,1.0,0.8
1.0,13.0,10000.0,2,4,4.0,0,0.0,2.0,4,24.560164581355345,1.0,2.0,0.9
1.0,48.0,29312.0,3,4,2.0,0,0.0,2.0,4,8.70926629658096,1.0,1.0,4.3
1.0,13.0,11250.0,2,5,3.0,0,3.0,2.0,4,24.560164581355345,1.0,2.0,0.9
1.0,27.0,30374.0,4,4,3.0,0,2.0,2.0,4,1.2216137419659363,1.0,2.0,3.25
1.0,18.0,19818.0,3,3,1.0,0,0.0,2.0,3,21.802033071237695,1.0,2.0,3.71
1.0,31.0,17931.0,10,10,4.0,0,3.0,2.0,4,2.3586610749369834,1.0,1.0,13.0
1.0,23.0,7619.0,2,2,1.0,0,3.0,2.0,4,5.5611513518299125,1.0,1.0,0.4
1.0,8.0,10913.0,2,4,0.0,0,0.0,2.0,4,7.886489473512426,1.0,1.0,0.55
1.0,72.0,13499.0,2,3,2.0,0,2.0,2.0,4,7.932372074404248,1.0,2.0,1.3
1.0,96.0,7821.0,2,2,3.0,0,3.0,2.0,4,19.438662025225774,1.0,1.0,0.75
1.0,100.0,14720.0,2,3,2.0,0,1.0,0.0,4,10.315343042261606,1.0,1.0,1.55
1.0,13.0,19753.0,5,4,1.0,0,3.0,2.0,4,24.560164581355345,1.0,1.0,4.0
1.0,8.0,8444.0,2,2,2.0,0,0.0,2.0,4,7.886489473512426,1.0,1.0,0.38
1.0,52.0,37037.0,5,6,4.0,0,0.0,2.0,5,9.072597202187925,2.0,2.0,12.0
1.0,82.0,9000.0,1,1,1.0,0,0.0,2.0,4,7.769882600653308,1.0,2.0,0.45
1.0,13.0,4444.0,7,3,0.0,0,3.0,2.0,4,24.560164581355345,1.0,2.0,1.2
1.0,62.0,2500.0,4,2,2.0,0,0.0,2.0,4,6.520518513696236,1.0,1.0,0.4
1.0,34.0,6667.0,1,1,0.0,0,1.0,2.0,3,6.469401707799213,1.0,1.0,1.0
1.0,42.0,6648.0,3,3,0.0,0,0.0,2.0,4,7.966272839288784,1.0,1.0,0.7
1.0,13.0,11407.0,6,4,2.0,0,3.0,2.0,4,24.560164581355345,1.0,1.0,3.08
1.0,58.0,20233.0,2,2,0.0,0,3.0,2.0,4,7.763932572686242,1.0,1.0,2.95
1.0,37.0,17778.0,6,5,4.0,0,3.0,2.0,3,8.807024823365314,1.0,2.0,8.0
1.0,85.0,20062.0,4,3,0.0,0,3.0,2.0,4,16.990726505283792,1.0,1.0,6.5
1.0,72.0,11494.0,7,7,0.0,0,2.0,2.0,4,7.932372074404248,1.0,2.0,3.0
1.0,54.0,25543.0,6,5,4.0,0,0.0,2.0,4,6.491042593237041,1.0,2.0,8.0
1.0,18.0,12343.0,6,6,2.0,0,2.0,2.0,3,21.802033071237695,1.0,1.0,2.75
1.0,72.0,16892.0,5,3,0.0,0,2.0,2.0,4,7.932372074404248,1.0,1.0,2.25
1.0,31.0,8002.0,3,2,1.0,0,3.0,2.0,4,2.3586610749369834,1.0,1.0,1.45
1.0,11.0,14323.0,5,4,4.0,0,3.0,2.0,4,10.594295381059624,1.0,1.0,10.5
1.0,18.0,4222.0,3,3,3.0,0,3.0,2.0,4,21.802033071237695,1.0,2.0,0.38
1.0,37.0,20202.0,5,6,3.0,1,1.0,2.0,3,8.807024823365314,1.0,2.0,10.0
1.0,48.0,26620.0,2,6,4.0,0,0.0,1.0,4,8.70926629658096,1.0,2.0,4.6
1.0,101.0,5556.0,2,1,2.0,0,0.0,2.0,4,12.095045917417066,1.0,1.0,0.5
1.0,41.0,10000.0,10,11,4.0,0,3.0,1.0,4,6.907007586118708,1.0,2.0,7.0
1.0,18.0,9722.0,2,1,0.0,0,2.0,2.0,4,21.802033071237695,1.0,1.0,0.35
1.0,41.0,17937.0,1,1,2.0,0,2.0,2.0,4,6.907007586118708,1.0,1.0,1.6
1.0,22.0,3255.0,2,1,0.0,0,2.0,2.0,3,3.443648359101704,1.0,1.0,0.29
1.0,13.0,5333.0,2,2,0.0,0,3.0,2.0,4,24.560164581355345,1.0,1.0,0.24
1.0,23.0,12500.0,6,4,0.0,0,0.0,2.0,4,5.5611513518299125,1.0,2.0,5.0
1.0,41.0,21871.0,1,1,2.0,0,3.0,2.0,4,6.907007586118708,1.0,2.0,1.8
1.0,13.0,8079.0,8,5,2.0,0,3.0,2.0,4,24.560164581355345,1.0,1.0,1.8
1.0,13.0,4251.0,3,2,1.0,0,3.0,2.0,4,24.560164581355345,1.0,1.0,0.44
1.0,92.0,5397.0,2,2,2.0,0,3.0,2.0,4,16.34701940513016,1.0,0.0,0.7
1.0,49.0,5583.0,6,5,4.0,0,0.0,2.0,4,10.520480675103999,1.0,2.0,3.35
1.0,42.0,3519.0,3,4,0.0,0,0.0,2.0,4,7.966272839288784,1.0,2.0,0.475
1.0,72.0,11194.0,2,4,2.0,0,2.0,2.0,4,7.932372074404248,1.0,2.0,1.2
1.0,19.0,11111.0,10,5,4.0,0,2.0,2.0,4,5.556413399327798,1.0,2.0,9.0
1.0,75.0,6981.0,5,5,4.0,1,3.0,0.0,4,10.518733742236972,1.0,0.0,3.09
1.0,6.0,6702.0,4,5,0.0,0,3.0,2.0,4,9.988958745407531,1.0,0.0,3.15
1.0,18.0,9444.0,3,3,0.0,0,2.0,2.0,3,21.802033071237695,1.0,1.0,1.7
1.0,3.0,10556.0,6,7,0.0,0,0.0,2.0,4,20.301911733169813,1.0,2.0,4.75
1.0,93.0,18333.0,2,3,0.0,0,2.0,2.0,4,23.318928458993227,1.0,2.0,1.65
1.0,96.0,4877.0,4,4,3.0,0,3.0,2.0,4,19.438662025225774,1.0,2.0,0.85
1.0,8.0,7400.0,3,3,0.0,0,0.0,2.0,3,7.886489473512426,1.0,1.0,0.74
1.0,3.0,16003.0,4,3,2.0,0,0.0,2.0,4,20.301911733169813,1.0,2.0,1.85
1.0,33.0,8000.0,2,1,0.0,0,3.0,2.0,3,22.124747987328313,1.0,1.0,0.4
1.0,72.0,9103.0,1,1,1.0,0,2.0,2.0,4,7.932372074404248,1.0,1.0,0.69
1.0,62.0,7727.0,2,2,0.0,0,0.0,2.0,4,6.520518513696236,1.0,2.0,0.85
1.0,28.0,45710.0,6,8,4.0,1,3.0,1.0,5,1.0466229160276843,1.0,1.0,13.0
1.0,18.0,8701.0,2,2,1.0,0,2.0,2.0,4,21.802033071237695,1.0,1.0,1.4
1.0,72.0,8889.0,10,5,3.0,1,2.0,2.0,4,7.932372074404248,1.0,1.0,2.4
1.0,45.0,26973.0,1,1,0.0,0,2.0,2.0,4,4.4235297248137915,1.0,1.0,3.35
1.0,52.0,32407.0,3,2,0.0,0,0.0,2.0,5,9.072597202187925,1.0,1.0,7.0
1.0,44.0,13750.0,1,1,0.0,0,0.0,2.0,5,4.813339259086748,1.0,1.0,1.65
1.0,32.0,6000.0,1,1,0.0,0,0.0,2.0,4,6.681786888085641,1.0,1.0,0.6
1.0,72.0,14890.0,4,4,2.0,0,2.0,2.0,4,7.932372074404248,1.0,2.0,2.43
1.0,32.0,9211.0,1,1,0.0,0,0.0,2.0,4,6.681786888085641,1.0,1.0,3.5
1.0,14.0,6800.0,1,1,0.0,0,0.0,2.0,4,7.02583253588824,1.0,1.0,0.34
1.0,62.0,10519.0,2,4,1.0,0,0.0,2.0,4,6.520518513696236,2.0,2.0,0.75
1.0,32.0,7333.0,1,1,0.0,0,0.0,2.0,4,6.681786888085641,1.0,1.0,0.55
1.0,31.0,8102.0,2,2,0.0,0,2.0,2.0,4,2.3586610749369834,1.0,1.0,0.7
1.0,101.0,6944.0,3,3,0.0,0,0.0,2.0,4,12.095045917417066,1.0,1.0,6.25
1.0,18.0,14184.0,2,4,2.0,0,3.0,0.0,4,21.802033071237695,1.0,1.0,1.2
1.0,101.0,4261.0,2,2,1.0,0,1.0,2.0,4,12.095045917417066,1.0,2.0,0.49
1.0,38.0,6938.0,3,1,0.0,0,1.0,2.0,4,12.864118802682363,1.0,1.0,0.75
1.0,29.0,33333.0,5,5,4.0,0,2.0,2.0,5,2.3300044552360126,1.0,1.0,4.5
1.0,39.0,7537.0,1,1,0.0,0,3.0,2.0,4,11.022736662002515,1.0,1.0,1.16
1.0,32.0,10000.0,3,4,3.0,0,0.0,0.0,4,6.681786888085641,1.0,2.0,0.9
1.0,78.0,10067.0,2,2,2.0,0,1.0,2.0,4,15.033979275030665,1.0,0.0,0.75
1.0,51.0,10000.0,2,4,2.0,0,0.0,0.0,4,21.24379690902522,1.0,2.0,0.96
1.0,101.0,10000.0,5,5,4.0,0,3.0,2.0,4,12.095045917417066,1.0,2.0,1.35
1.0,42.0,13000.0,2,1,1.0,0,0.0,2.0,4,7.966272839288784,1.0,2.0,0.65
1.0,27.0,28902.0,8,11,4.0,1,2.0,0.0,4,1.2216137419659363,1.0,2.0,11.0
1.0,63.0,28200.0,9,12,4.0,1,3.0,0.0,4,10.710917975741815,2.0,2.0,18.02
1.0,38.0,7168.0,2,2,3.0,0,1.0,2.0,4,12.864118802682363,1.0,2.0,0.6579999999999999
1.0,20.0,20444.0,1,1,0.0,0,2.0,2.0,4,4.6775747230725235,1.0,1.0,4.6
1.0,45.0,3909.0,3,3,4.0,0,2.0,1.0,5,4.4235297248137915,1.0,2.0,1.9
1.0,66.0,6289.0,3,3,2.0,0,1.0,2.0,4,10.921657047153026,1.0,1.0,1.5
1.0,13.0,17857.0,5,4,3.0,0,2.0,2.0,4,24.560164581355345,1.0,1.0,2.5
1.0,0.0,14167.0,1,5,4.0,0,1.0,2.0,4,8.28225319142505,1.0,2.0,0.85
1.0,56.0,3440.0,9,9,3.0,1,3.0,1.0,4,6.238294193827314,1.0,0.0,2.0
1.0,23.0,7778.0,1,1,0.0,0,0.0,2.0,4,5.5611513518299125,1.0,1.0,0.7
1.0,71.0,10485.0,1,1,0.0,0,1.0,2.0,4,12.058742283544236,1.0,1.0,0.8
1.0,84.0,8128.0,1,1,0.0,0,3.0,2.0,4,18.239734168866327,1.0,1.0,0.89
1.0,11.0,5000.0,1,1,0.0,0,3.0,2.0,4,10.594295381059624,1.0,1.0,1.34
1.0,18.0,8000.0,5,5,3.0,0,0.0,2.0,4,21.802033071237695,1.0,2.0,1.7
1.0,41.0,7556.0,1,1,1.0,0,3.0,2.0,4,6.907007586118708,1.0,1.0,0.34
1.0,8.0,49500.0,2,2,2.0,0,0.0,2.0,4,7.886489473512426,1.0,2.0,9.9
1.0,45.0,13030.0,1,1,0.0,0,0.0,2.0,5,4.4235297248137915,1.0,1.0,2.15
1.0,32.0,8155.0,2,4,1.0,0,0.0,2.0,4,6.681786888085641,1.0,1.0,0.8
1.0,27.0,24074.0,4,4,4.0,0,3.0,1.0,4,1.2216137419659363,1.0,2.0,2.6
1.0,18.0,14815.0,5,5,2.0,0,2.0,2.0,3,21.802033071237695,1.0,2.0,2.0
1.0,22.0,5160.0,19,17,4.0,0,3.0,2.0,4,3.443648359101704,1.0,2.0,3.87
1.0,37.0,9444.0,3,2,0.0,0,3.0,2.0,3,8.807024823365314,1.0,1.0,0.85
1.0,21.0,22222.0,5,5,2.0,0,2.0,2.0,4,21.179774847722413,1.0,1.0,10.0
1.0,27.0,32407.0,2,4,3.0,0,2.0,2.0,4,1.2216137419659363,1.0,2.0,3.5
1.0,42.0,6815.0,2,1,1.0,0,0.0,2.0,4,7.966272839288784,1.0,1.0,0.55
1.0,72.0,15046.0,3,2,4.0,0,2.0,2.0,4,7.932372074404248,1.0,1.0,6.5
1.0,31.0,11583.0,2,2,1.0,0,2.0,2.0,4,2.3586610749369834,1.0,2.0,1.39
1.0,18.0,6034.0,3,3,0.0,0,3.0,2.0,4,21.802033071237695,1.0,1.0,0.7
1.0,82.0,10085.0,2,2,2.0,0,0.0,2.0,4,7.769882600653308,1.0,1.0,0.59
1.0,55.0,17778.0,5,5,2.0,0,3.0,2.0,4,5.956010036535056,1.0,2.0,4.0
1.0,52.0,40611.0,6,5,3.0,1,0.0,0.0,4,9.072597202187925,1.0,2.0,12.5
1.0,27.0,3292.0,7,5,4.0,0,2.0,2.0,4,1.2216137419659363,1.0,2.0,1.6
1.0,27.0,3292.0,8,5,4.0,0,2.0,2.0,4,1.2216137419659363,1.0,2.0,1.6
1.0,18.0,10741.0,7,7,3.0,0,2.0,2.0,3,21.802033071237695,1.0,1.0,2.9
1.0,23.0,4444.0,3,4,2.0,0,0.0,2.0,4,5.5611513518299125,1.0,1.0,0.4
1.0,41.0,17989.0,2,2,4.0,1,0.0,2.0,4,6.907007586118708,1.0,2.0,1.7
1.0,50.0,19737.0,5,4,2.0,1,2.0,2.0,5,9.85228261520027,2.0,1.0,6.75
1.0,101.0,5093.0,3,3,4.0,1,0.0,2.0,4,12.095045917417066,1.0,1.0,5.5
1.0,45.0,25463.0,3,3,1.0,0,0.0,2.0,4,4.4235297248137915,1.0,1.0,2.75
1.0,72.0,12000.0,2,2,1.0,0,0.0,2.0,4,7.932372074404248,1.0,1.0,0.27
1.0,34.0,7007.0,2,3,1.0,0,3.0,2.0,3,6.469401707799213,1.0,1.0,0.7
1.0,101.0,8920.0,3,10,4.0,0,1.0,2.0,4,12.095045917417066,1.0,2.0,0.95
1.0,29.0,35294.0,5,5,2.0,0,2.0,2.0,5,2.3300044552360126,1.0,2.0,8.1
1.0,12.0,12963.0,4,4,4.0,0,3.0,0.0,4,8.234325662834179,2.0,1.0,7.0
1.0,7.0,5128.0,4,3,1.0,0,0.0,2.0,3,9.444756665310383,1.0,1.0,0.6
1.0,23.0,5778.0,2,2,1.0,0,0.0,2.0,4,5.5611513518299125,1.0,1.0,0.65
1.0,22.0,15926.0,4,4,2.0,1,2.0,2.0,5,3.443648359101704,1.0,1.0,7.2
1.0,18.0,11111.0,5,5,2.0,0,2.0,2.0,3,21.802033071237695,1.0,2.0,1.5
1.0,52.0,14286.0,5,7,2.0,1,0.0,1.0,4,9.072597202187925,1.0,2.0,10.0
1.0,28.0,34307.0,5,6,4.0,1,0.0,2.0,5,1.0466229160276843,2.0,2.0,15.5
1.0,29.0,44267.0,16,20,4.0,1,1.0,0.0,5,2.3300044552360126,0.0,2.0,20.0
1.0,31.0,29444.0,6,5,4.0,1,1.0,2.0,4,2.3586610749369834,0.0,2.0,9.54
1.0,28.0,39074.0,5,6,4.0,1,0.0,2.0,5,1.0466229160276843,2.0,2.0,10.55
1.0,29.0,38737.0,6,7,4.0,1,1.0,0.0,5,2.3300044552360126,0.0,2.0,17.3
1.0,23.0,23443.0,3,9,4.0,1,1.0,0.0,4,5.5611513518299125,2.0,2.0,3.65
1.0,29.0,41833.0,6,8,2.0,1,3.0,0.0,5,2.3300044552360126,2.0,2.0,18.9
1.0,44.0,27778.0,8,5,4.0,1,2.0,0.0,5,4.813339259086748,1.0,2.0,9.0
1.0,43.0,23889.0,3,3,3.0,0,0.0,2.0,4,5.816830898220792,1.0,2.0,2.15
1.0,53.0,2778.0,6,3,4.0,0,3.0,2.0,4,7.639579072821835,1.0,2.0,2.25
1.0,16.0,10260.0,4,4,4.0,1,3.0,0.0,4,7.403877093236538,2.0,1.0,7.46
1.0,52.0,8867.0,4,5,4.0,1,1.0,0.0,5,9.072597202187925,2.0,2.0,3.99
1.0,28.0,36111.0,5,5,4.0,1,2.0,0.0,5,1.0466229160276843,2.0,2.0,6.5
1.0,22.0,15444.0,4,4,4.0,1,2.0,2.0,5,3.443648359101704,1.0,1.0,6.95
1.0,12.0,11240.0,5,5,4.0,1,3.0,2.0,4,8.234325662834179,0.0,1.0,7.0
1.0,66.0,15437.0,3,3,4.0,1,1.0,0.0,4,10.921657047153026,0.0,2.0,3.85
1.0,85.0,14350.0,3,4,3.0,1,1.0,2.0,4,16.990726505283792,1.0,1.0,3.2
1.0,48.0,27191.0,8,6,4.0,1,0.0,0.0,4,8.70926629658096,1.0,2.0,8.81
1.0,57.0,26852.0,1,4,4.0,0,3.0,2.0,4,7.7491651619718285,2.0,2.0,1.45
1.0,29.0,32963.0,4,4,4.0,1,2.0,2.0,5,2.3300044552360126,2.0,1.0,8.9
1.0,28.0,33592.0,3,9,4.0,1,2.0,0.0,5,1.0466229160276843,0.0,2.0,6.5
1.0,46.0,24455.0,3,9,4.0,0,0.0,0.0,4,5.944334649147922,2.0,2.0,4.49
1.0,49.0,26667.0,5,6,3.0,1,0.0,2.0,4,10.520480675103999,2.0,2.0,22.0
1.0,12.0,26389.0,5,5,4.0,1,3.0,2.0,4,8.234325662834179,0.0,1.0,9.5
1.0,85.0,21605.0,4,4,4.0,1,3.0,1.0,4,16.990726505283792,2.0,2.0,7.0
1.0,20.0,18444.0,5,4,2.0,0,2.0,0.0,4,4.6775747230725235,1.0,1.0,4.15
1.0,26.0,11600.0,4,4,3.0,1,3.0,0.0,5,3.909699014695983,1.0,1.0,2.9
1.0,68.0,38095.0,5,6,4.0,1,1.0,2.0,3,11.333973268769041,1.0,2.0,12.0
1.0,75.0,13492.0,5,6,4.0,1,3.0,0.0,4,10.518733742236972,2.0,2.0,8.5
1.0,44.0,33951.0,4,4,2.0,1,1.0,0.0,5,4.813339259086748,1.0,2.0,11.0
1.0,37.0,11157.0,2,2,2.0,0,1.0,1.0,4,8.807024823365314,2.0,2.0,1.35
1.0,42.0,8444.0,4,3,2.0,0,0.0,0.0,4,7.966272839288784,1.0,1.0,1.9
1.0,58.0,21495.0,5,6,4.0,0,3.0,0.0,4,7.763932572686242,1.0,2.0,3.25
1.0,29.0,42054.0,6,6,3.0,1,3.0,0.0,5,2.3300044552360126,2.0,1.0,19.0
1.0,28.0,12586.0,9,9,2.0,1,3.0,0.0,5,1.0466229160276843,2.0,2.0,7.3
1.0,57.0,20741.0,6,4,3.0,1,2.0,0.0,4,7.7491651619718285,1.0,2.0,5.6
1.0,45.0,13178.0,3,3,2.0,0,3.0,0.0,4,4.4235297248137915,2.0,2.0,2.55
1.0,26.0,12000.0,3,3,2.0,0,0.0,2.0,5,3.909699014695983,1.0,1.0,2.4
1.0,49.0,26429.0,4,4,1.0,0,0.0,2.0,4,10.520480675103999,1.0,1.0,18.5
1.0,4.0,18889.0,2,1,2.0,0,2.0,2.0,4,9.819178081405248,1.0,1.0,1.7
1.0,50.0,3500.0,4,4,3.0,0,1.0,0.0,4,9.85228261520027,1.0,2.0,1.6
1.0,6.0,13501.0,4,4,4.0,1,3.0,0.0,4,9.988958745407531,0.0,1.0,4.35
1.0,85.0,20988.0,4,4,4.0,1,3.0,1.0,4,16.990726505283792,2.0,2.0,6.8
1.0,57.0,21296.0,3,3,4.0,1,2.0,0.0,4,7.7491651619718285,1.0,1.0,4.6
1.0,67.0,34722.0,4,4,4.0,1,3.0,2.0,4,10.356984533706918,1.0,1.0,12.5
1.0,23.0,18626.0,4,4,3.0,0,3.0,0.0,4,5.5611513518299125,1.0,1.0,2.9
1.0,45.0,24366.0,6,7,4.0,1,3.0,0.0,5,4.4235297248137915,1.0,2.0,27.5
1.0,30.0,26298.0,9,9,3.0,1,3.0,1.0,4,3.3576653632561633,2.0,2.0,8.0
1.0,45.0,7500.0,11,11,4.0,0,1.0,1.0,5,4.4235297248137915,1.0,2.0,2.25
1.0,59.0,24171.0,5,6,4.0,1,2.0,2.0,4,7.981671659354797,1.0,2.0,8.31
1.0,59.0,23000.0,6,6,4.0,1,2.0,2.0,4,7.981671659354797,1.0,2.0,6.21
1.0,46.0,29697.0,6,4,4.0,1,2.0,0.0,4,5.944334649147922,1.0,2.0,7.35
1.0,28.0,33333.0,5,3,2.0,0,2.0,2.0,5,1.0466229160276843,1.0,2.0,4.5
1.0,28.0,36111.0,4,3,3.0,0,0.0,2.0,5,1.0466229160276843,1.0,2.0,6.5
1.0,69.0,6778.0,4,4,2.0,0,1.0,0.0,4,12.360901540268934,0.0,2.0,1.83
1.0,49.0,22812.0,4,5,2.0,1,0.0,0.0,4,10.520480675103999,0.0,1.0,7.35
1.0,28.0,29022.0,4,4,2.0,1,2.0,0.0,5,1.0466229160276843,2.0,1.0,10.5
1.0,50.0,19841.0,3,3,1.0,0,2.0,0.0,4,9.85228261520027,2.0,1.0,2.75
1.0,28.0,31686.0,9,9,4.0,1,3.0,0.0,5,1.0466229160276843,0.0,2.0,7.5
1.0,69.0,22222.0,6,7,4.0,1,0.0,0.0,4,12.360901540268934,1.0,3.0,8.0
1.0,47.0,23061.0,8,8,4.0,0,0.0,0.0,4,7.171776740499012,1.0,2.0,5.5
1.0,28.0,32222.0,5,4,3.0,1,2.0,2.0,5,1.0466229160276843,1.0,2.0,4.35
1.0,23.0,17662.0,3,3,3.0,0,0.0,0.0,4,5.5611513518299125,1.0,1.0,2.75
1.0,29.0,39841.0,6,6,2.0,1,2.0,0.0,5,2.3300044552360126,1.0,2.0,18.0
1.0,29.0,37627.0,5,6,3.0,1,2.0,0.0,5,2.3300044552360126,2.0,1.0,17.0
1.0,59.0,23148.0,3,4,3.0,1,0.0,0.0,4,7.981671659354797,1.0,1.0,3.75
1.0,29.0,29880.0,5,5,3.0,1,2.0,0.0,5,2.3300044552360126,2.0,1.0,13.5
1.0,25.0,20068.0,7,5,4.0,0,2.0,0.0,4,2.6223407766988527,1.0,2.0,4.75
1.0,26.0,16569.0,3,2,0.0,0,2.0,2.0,4,3.909699014695983,1.0,1.0,5.1
1.0,40.0,21242.0,6,6,4.0,1,0.0,2.0,4,8.133708813675211,1.0,2.0,3.9
1.0,12.0,11574.0,4,4,4.0,1,3.0,2.0,4,8.234325662834179,2.0,1.0,6.25
1.0,52.0,32562.0,5,5,3.0,1,0.0,2.0,5,9.072597202187925,1.0,1.0,10.55
1.0,64.0,13001.0,3,3,3.0,0,3.0,2.0,4,9.325542058746992,0.0,2.0,2.01
1.0,36.0,22429.0,4,4,4.0,1,0.0,0.0,4,5.914968784991512,1.0,2.0,3.25
1.0,73.0,22222.0,5,4,3.0,0,1.0,2.0,4,12.87125291025613,1.0,2.0,6.0
1.0,27.0,38889.0,4,4,4.0,1,3.0,0.0,4,1.2216137419659363,2.0,1.0,5.25
1.0,52.0,27222.0,3,9,4.0,1,3.0,1.0,4,9.072597202187925,2.0,2.0,5.88
1.0,42.0,10601.0,2,2,1.0,0,1.0,0.0,4,7.966272839288784,2.0,1.0,0.4675
1.0,52.0,20940.0,5,7,4.0,1,3.0,0.0,4,9.072597202187925,0.0,1.0,12.25
1.0,52.0,32253.0,5,7,4.0,1,0.0,0.0,5,9.072597202187925,0.0,2.0,10.45
1.0,68.0,37037.0,4,4,4.0,1,3.0,0.0,3,11.333973268769041,0.0,2.0,12.0
1.0,49.0,23704.0,4,4,3.0,1,0.0,0.0,4,10.520480675103999,0.0,2.0,6.4
1.0,47.0,23693.0,3,8,2.0,0,3.0,0.0,4,7.171776740499012,1.0,2.0,4.35
1.0,23.0,15989.0,4,4,4.0,0,2.0,2.0,4,5.5611513518299125,1.0,1.0,2.95
1.0,23.0,19268.0,6,4,4.0,0,2.0,0.0,4,5.5611513518299125,1.0,2.0,3.0
1.0,23.0,19360.0,3,3,2.0,0,2.0,0.0,4,5.5611513518299125,1.0,1.0,1.15
1.0,29.0,29880.0,5,5,2.0,1,0.0,0.0,5,2.3300044552360126,2.0,1.0,13.5
1.0,28.0,23438.0,5,5,3.0,1,0.0,0.0,5,1.0466229160276843,2.0,1.0,15.0
1.0,45.0,19298.0,8,7,4.0,1,0.0,0.0,5,4.4235297248137915,0.0,2.0,5.5
1.0,29.0,39841.0,5,4,4.0,1,0.0,0.0,5,2.3300044552360126,2.0,2.0,18.0
1.0,29.0,32222.0,4,3,2.0,0,3.0,2.0,5,2.3300044552360126,1.0,1.0,5.8
1.0,52.0,40850.0,4,4,4.0,1,3.0,1.0,4,9.072597202187925,0.0,1.0,12.5
1.0,27.0,12342.0,4,4,3.0,1,3.0,0.0,4,1.2216137419659363,0.0,2.0,3.51
1.0,51.0,15556.0,6,5,2.0,1,2.0,1.0,4,21.24379690902522,0.0,2.0,3.5
1.0,12.0,26111.0,5,6,4.0,1,3.0,0.0,4,8.234325662834179,0.0,1.0,9.4
1.0,52.0,31790.0,5,6,4.0,1,0.0,0.0,5,9.072597202187925,0.0,2.0,10.3
1.0,12.0,24691.0,4,4,4.0,1,3.0,2.0,4,8.234325662834179,0.0,1.0,6.0
1.0,52.0,26153.0,3,3,2.0,1,2.0,0.0,5,9.072597202187925,2.0,1.0,8.45
1.0,44.0,29293.0,9,8,3.0,1,2.0,0.0,5,4.813339259086748,2.0,2.0,7.25
1.0,26.0,16006.0,3,3,2.0,1,0.0,0.0,5,3.909699014695983,2.0,1.0,4.0
1.0,12.0,27333.0,5,5,4.0,1,3.0,0.0,4,8.234325662834179,2.0,2.0,6.15
1.0,73.0,17625.0,4,4,4.0,1,0.0,2.0,4,12.87125291025613,2.0,2.0,4.6
1.0,29.0,38580.0,4,5,2.0,1,0.0,0.0,5,2.3300044552360126,2.0,1.0,12.5
1.0,12.0,27778.0,4,5,4.0,1,1.0,0.0,4,8.234325662834179,1.0,1.0,10.0
1.0,29.0,35556.0,5,6,3.0,0,2.0,2.0,5,2.3300044552360126,1.0,1.0,16.0
1.0,29.0,38580.0,5,5,4.0,1,2.0,0.0,5,2.3300044552360126,2.0,1.0,12.5
1.0,46.0,35003.0,6,7,4.0,1,3.0,0.0,4,5.944334649147922,2.0,2.0,16.0
1.0,46.0,30864.0,6,6,4.0,1,0.0,0.0,4,5.944334649147922,1.0,2.0,10.0
1.0,26.0,17983.0,5,5,4.0,0,2.0,0.0,5,3.909699014695983,2.0,1.0,2.8
1.0,29.0,27778.0,3,3,3.0,0,0.0,2.0,5,2.3300044552360126,1.0,1.0,6.75
1.0,23.0,16057.0,4,4,2.0,0,2.0,2.0,4,5.5611513518299125,1.0,2.0,2.5
1.0,20.0,17707.0,12,4,4.0,1,2.0,2.0,3,4.6775747230725235,1.0,2.0,8.0
1.0,89.0,7719.0,4,4,4.0,1,0.0,0.0,4,17.99082227512503,2.0,1.0,2.47
1.0,59.0,17037.0,6,6,3.0,1,2.0,1.0,4,7.981671659354797,2.0,2.0,4.6
1.0,59.0,10580.0,6,6,2.0,1,0.0,1.0,4,7.981671659354797,0.0,2.0,3.65
1.0,31.0,42194.0,4,5,4.0,1,3.0,0.0,4,2.3586610749369834,1.0,2.0,12.0
1.0,50.0,15625.0,8,8,3.0,1,0.0,1.0,5,9.85228261520027,0.0,2.0,4.5
1.0,50.0,15278.0,6,6,3.0,1,0.0,1.0,5,9.85228261520027,2.0,2.0,4.4
1.0,49.0,22377.0,4,4,3.0,1,3.0,0.0,4,10.520480675103999,2.0,1.0,7.25
1.0,48.0,17188.0,1,4,3.0,0,3.0,2.0,4,8.70926629658096,1.0,2.0,0.99
1.0,29.0,44444.0,5,7,4.0,1,3.0,1.0,5,2.3300044552360126,2.0,2.0,20.0
1.0,44.0,18929.0,3,3,3.0,1,1.0,0.0,5,4.813339259086748,1.0,2.0,2.65
1.0,4.0,19608.0,3,4,3.0,0,0.0,0.0,4,9.819178081405248,1.0,2.0,3.6
1.0,39.0,8089.0,3,3,3.0,0,3.0,2.0,4,11.022736662002515,2.0,2.0,1.27
1.0,84.0,6849.0,3,2,3.0,0,4.0,2.0,4,18.239734168866327,2.0,2.0,0.75
1.0,23.0,24691.0,5,6,4.0,0,2.0,0.0,4,5.5611513518299125,1.0,2.0,6.0
1.0,68.0,40000.0,5,6,4.0,1,3.0,1.0,3,11.333973268769041,0.0,2.0,18.0
1.0,52.0,34846.0,5,5,4.0,0,0.0,2.0,5,9.072597202187925,1.0,1.0,11.29
1.0,45.0,31444.0,3,3,2.0,1,3.0,0.0,4,4.4235297248137915,1.0,2.0,8.49
1.0,49.0,26235.0,4,4,1.0,0,3.0,2.0,4,10.520480675103999,1.0,1.0,8.5
1.0,49.0,22222.0,4,4,4.0,1,0.0,2.0,4,10.520480675103999,2.0,1.0,6.0
1.0,16.0,23457.0,5,5,3.0,1,3.0,2.0,4,7.403877093236538,1.0,1.0,9.5
1.0,23.0,27083.0,8,9,4.0,1,1.0,2.0,4,5.5611513518299125,2.0,1.0,19.5
1.0,29.0,43210.0,3,12,4.0,1,3.0,0.0,5,2.3300044552360126,2.0,2.0,10.5
1.0,28.0,31926.0,5,4,3.0,0,2.0,2.0,5,1.0466229160276843,1.0,2.0,4.31
1.0,45.0,27911.0,4,4,2.0,1,2.0,2.0,5,4.4235297248137915,1.0,1.0,10.5
1.0,28.0,29022.0,5,5,3.0,1,0.0,2.0,5,1.0466229160276843,1.0,2.0,10.5
1.0,29.0,12838.0,4,4,4.0,0,2.0,2.0,4,2.3300044552360126,1.0,2.0,5.8
1.0,29.0,12198.0,4,4,4.0,0,2.0,2.0,4,2.3300044552360126,1.0,1.0,4.6
1.0,52.0,35741.0,5,5,3.0,1,0.0,2.0,5,9.072597202187925,1.0,1.0,11.58
1.0,23.0,16667.0,4,4,4.0,1,0.0,2.0,4,5.5611513518299125,1.0,1.0,4.0
1.0,12.0,9634.0,5,5,4.0,1,3.0,2.0,4,8.234325662834179,0.0,1.0,6.0
1.0,52.0,31481.0,4,5,3.0,1,2.0,0.0,5,9.072597202187925,2.0,2.0,6.8
1.0,89.0,7827.0,4,5,4.0,1,0.0,0.0,4,17.99082227512503,1.0,2.0,2.5
1.0,12.0,23556.0,4,6,4.0,1,1.0,2.0,4,8.234325662834179,0.0,2.0,8.48
1.0,12.0,10035.0,5,7,4.0,1,3.0,2.0,4,8.234325662834179,0.0,2.0,6.25
1.0,45.0,28841.0,8,8,3.0,1,0.0,1.0,5,4.4235297248137915,0.0,2.0,10.85
1.0,48.0,26615.0,3,9,4.0,0,3.0,0.0,4,8.70926629658096,2.0,2.0,5.15
1.0,36.0,24155.0,4,4,3.0,0,2.0,0.0,4,5.914968784991512,2.0,1.0,3.5
1.0,95.0,14815.0,4,4,3.0,0,1.0,0.0,3,19.432123901520796,1.0,1.0,3.6
1.0,59.0,22222.0,4,5,2.0,1,2.0,0.0,4,7.981671659354797,1.0,1.0,6.0
1.0,85.0,6598.0,4,4,4.0,1,0.0,2.0,4,16.990726505283792,2.0,0.0,1.6
1.0,86.0,7870.0,3,3,4.0,1,1.0,2.0,4,15.577472593050006,1.0,2.0,1.7
1.0,59.0,26852.0,9,9,4.0,1,1.0,0.0,4,7.981671659354797,1.0,1.0,7.25
1.0,45.0,28233.0,5,6,3.0,1,0.0,2.0,4,4.4235297248137915,2.0,2.0,15.5
1.0,20.0,15111.0,3,3,3.0,0,2.0,2.0,4,4.6775747230725235,1.0,1.0,3.4
1.0,31.0,34722.0,9,9,4.0,1,0.0,0.0,4,2.3586610749369834,2.0,1.0,11.25
1.0,59.0,19820.0,4,3,4.0,1,0.0,2.0,4,7.981671659354797,0.0,1.0,3.3
1.0,45.0,31481.0,5,5,3.0,1,0.0,0.0,5,4.4235297248137915,2.0,2.0,8.5
1.0,46.0,26235.0,5,4,2.0,1,0.0,0.0,4,5.944334649147922,1.0,1.0,8.5
1.0,52.0,36883.0,3,3,2.0,1,0.0,2.0,5,9.072597202187925,2.0,1.0,11.95
1.0,52.0,37037.0,3,4,2.0,1,0.0,0.0,5,9.072597202187925,2.0,1.0,12.0
1.0,73.0,27873.0,4,4,4.0,1,1.0,0.0,4,12.87125291025613,0.0,1.0,6.5
1.0,76.0,35109.0,5,8,3.0,1,3.0,1.0,4,11.89113867504971,2.0,2.0,17.0
1.0,45.0,17692.0,7,8,4.0,1,2.0,0.0,4,4.4235297248137915,1.0,2.0,11.5
1.0,29.0,33333.0,4,4,3.0,1,0.0,0.0,5,2.3300044552360126,1.0,2.0,15.0
1.0,49.0,25309.0,3,3,2.0,1,0.0,1.0,4,10.520480675103999,0.0,1.0,8.2
1.0,20.0,16990.0,3,3,2.0,0,0.0,2.0,4,4.6775747230725235,1.0,2.0,5.51
1.0,42.0,14222.0,3,3,2.0,0,2.0,2.0,5,7.966272839288784,1.0,1.0,3.2
1.0,69.0,22222.0,6,7,4.0,1,0.0,0.0,4,12.360901540268934,0.0,2.0,8.0
1.0,48.0,11667.0,9,9,4.0,1,3.0,0.0,4,8.70926629658096,2.0,2.0,5.25
1.0,84.0,7937.0,4,4,3.0,1,3.0,2.0,4,18.239734168866327,1.0,1.0,4.35
1.0,59.0,20197.0,4,4,2.0,1,0.0,0.0,4,7.981671659354797,1.0,2.0,3.49
1.0,58.0,20635.0,4,4,2.0,1,0.0,0.0,4,7.763932572686242,1.0,1.0,2.99
1.0,57.0,10123.0,3,3,2.0,1,1.0,0.0,4,7.7491651619718285,1.0,2.0,1.64
1.0,44.0,28858.0,10,10,4.0,1,0.0,0.0,5,4.813339259086748,2.0,2.0,9.35
1.0,44.0,28549.0,9,9,4.0,1,0.0,0.0,5,4.813339259086748,2.0,2.0,9.25
1.0,50.0,15556.0,3,3,3.0,0,0.0,2.0,4,9.85228261520027,2.0,1.0,2.8
1.0,50.0,13514.0,3,3,2.0,0,0.0,2.0,4,9.85228261520027,2.0,1.0,2.5
1.0,50.0,20769.0,3,3,3.0,1,0.0,2.0,4,9.85228261520027,1.0,1.0,4.05
1.0,31.0,34568.0,4,4,4.0,1,3.0,0.0,4,2.3586610749369834,0.0,1.0,8.4
1.0,68.0,33951.0,5,6,4.0,1,1.0,0.0,3,11.333973268769041,0.0,1.0,11.0
1.0,12.0,24306.0,5,5,4.0,1,1.0,0.0,4,8.234325662834179,0.0,2.0,8.75
1.0,29.0,25556.0,4,4,4.0,1,3.0,0.0,5,2.3300044552360126,2.0,1.0,23.0
1.0,28.0,36111.0,4,4,4.0,1,0.0,2.0,5,1.0466229160276843,2.0,1.0,6.5
1.0,45.0,7756.0,4,4,4.0,1,0.0,1.0,4,4.4235297248137915,2.0,2.0,2.45
1.0,26.0,21825.0,8,8,2.0,1,0.0,0.0,5,3.909699014695983,2.0,2.0,5.5
1.0,56.0,12342.0,4,4,3.0,1,1.0,2.0,4,6.238294193827314,2.0,2.0,3.51
1.0,59.0,16577.0,5,5,4.0,1,3.0,0.0,4,7.981671659354797,0.0,2.0,9.25
1.0,26.0,17706.0,7,7,4.0,1,0.0,2.0,4,3.909699014695983,1.0,1.0,5.65
1.0,45.0,29074.0,9,9,4.0,1,3.0,1.0,4,4.4235297248137915,1.0,2.0,7.85
1.0,29.0,29880.0,5,5,4.0,1,3.0,1.0,5,2.3300044552360126,1.0,1.0,13.5
1.0,29.0,42222.0,6,8,4.0,1,0.0,0.0,5,2.3300044552360126,2.0,2.0,19.0
1.0,59.0,21605.0,4,4,4.0,0,2.0,0.0,4,7.981671659354797,1.0,2.0,3.5
1.0,49.0,38194.0,4,4,4.0,1,3.0,0.0,4,10.520480675103999,0.0,2.0,8.25
1.0,29.0,37780.0,4,4,3.0,0,3.0,2.0,5,2.3300044552360126,1.0,1.0,16.0
1.0,56.0,31110.0,4,4,4.0,1,0.0,2.0,4,6.238294193827314,1.0,1.0,25.0
1.0,23.0,17213.0,4,3,2.0,0,0.0,0.0,4,5.5611513518299125,2.0,2.0,2.68
1.0,26.0,18621.0,5,5,2.0,0,2.0,0.0,4,3.909699014695983,1.0,2.0,2.7
1.0,42.0,17012.0,4,4,3.0,0,2.0,0.0,5,7.966272839288784,1.0,1.0,2.3
1.0,73.0,7751.0,2,3,4.0,0,1.0,2.0,4,12.87125291025613,0.0,2.0,0.92
1.0,73.0,7172.0,3,3,4.0,0,3.0,0.0,4,12.87125291025613,0.0,1.0,1.04
1.0,45.0,29642.0,5,5,2.0,1,2.0,2.0,4,4.4235297248137915,1.0,2.0,9.85
1.0,41.0,33333.0,5,5,4.0,1,0.0,0.0,4,6.907007586118708,1.0,2.0,15.0
1.0,73.0,8138.0,3,3,4.0,0,3.0,0.0,4,12.87125291025613,0.0,1.0,1.18
1.0,73.0,7582.0,2,2,4.0,1,1.0,2.0,4,12.87125291025613,0.0,2.0,0.9
1.0,45.0,48148.0,3,3,4.0,0,1.0,0.0,4,4.4235297248137915,1.0,2.0,13.0
1.0,68.0,18605.0,5,5,4.0,1,1.0,2.0,3,11.333973268769041,2.0,2.0,15.1
1.0,68.0,16066.0,4,4,4.0,1,3.0,2.0,3,11.333973268769041,0.0,2.0,9.01
1.0,47.0,2723.0,4,3,3.0,0,3.0,0.0,4,7.171776740499012,1.0,2.0,2.25
1.0,37.0,11429.0,4,4,4.0,1,2.0,2.0,3,8.807024823365314,2.0,1.0,8.0
1.0,49.0,22184.0,4,4,2.0,1,0.0,2.0,4,10.520480675103999,1.0,1.0,5.75
1.0,52.0,30247.0,4,4,3.0,1,0.0,2.0,5,9.072597202187925,1.0,1.0,9.8
1.0,23.0,20370.0,6,5,4.0,1,3.0,2.0,4,5.5611513518299125,2.0,2.0,4.95
1.0,68.0,31667.0,5,6,4.0,1,3.0,0.0,3,11.333973268769041,2.0,2.0,19.0
1.0,23.0,18887.0,4,4,4.0,1,0.0,2.0,4,5.5611513518299125,1.0,2.0,4.99
1.0,52.0,31430.0,3,3,3.0,1,0.0,2.0,5,9.072597202187925,1.0,1.0,7.1
1.0,30.0,31481.0,5,5,4.0,1,3.0,0.0,4,3.3576653632561633,1.0,2.0,4.25
1.0,45.0,42222.0,5,5,4.0,1,3.0,0.0,4,4.4235297248137915,2.0,1.0,9.5
1.0,73.0,18008.0,4,4,4.0,0,1.0,2.0,4,12.87125291025613,1.0,2.0,4.7
1.0,36.0,26235.0,5,5,4.0,0,0.0,0.0,4,5.914968784991512,1.0,2.0,4.25
1.0,27.0,33333.0,2,8,4.0,1,3.0,0.0,4,1.2216137419659363,1.0,2.0,4.5
1.0,75.0,12286.0,4,5,4.0,0,3.0,0.0,4,10.518733742236972,1.0,2.0,8.6
1.0,37.0,19293.0,6,7,4.0,1,3.0,0.0,3,8.807024823365314,2.0,1.0,9.55
1.0,49.0,20599.0,7,7,4.0,1,2.0,0.0,4,10.520480675103999,2.0,1.0,4.95
1.0,37.0,19333.0,6,6,4.0,0,0.0,0.0,3,8.807024823365314,1.0,2.0,9.5
1.0,49.0,21368.0,7,7,3.0,0,0.0,0.0,4,10.520480675103999,1.0,1.0,5.0
1.0,49.0,20299.0,7,7,3.0,0,0.0,0.0,4,10.520480675103999,1.0,1.0,4.75
1.0,48.0,4646.0,3,3,3.0,0,2.0,0.0,4,8.70926629658096,1.0,1.0,1.15
1.0,12.0,9634.0,4,5,3.0,0,0.0,2.0,4,8.234325662834179,2.0,1.0,6.0
1.0,23.0,19231.0,5,5,2.0,1,2.0,1.0,4,5.5611513518299125,2.0,1.0,9.0
1.0,59.0,20833.0,4,4,2.0,1,2.0,2.0,4,7.981671659354797,2.0,1.0,3.6
1.0,29.0,33333.0,5,5,2.0,1,2.0,1.0,5,2.3300044552360126,2.0,2.0,9.0
1.0,45.0,6875.0,12,12,4.0,1,1.0,1.0,4,4.4235297248137915,1.0,2.0,2.2
1.0,42.0,14667.0,3,3,2.0,0,2.0,2.0,5,7.966272839288784,1.0,1.0,3.3
1.0,51.0,14787.0,5,4,2.0,0,2.0,2.0,4,21.24379690902522,1.0,1.0,3.5
1.0,42.0,16319.0,4,4,2.0,0,2.0,2.0,5,7.966272839288784,1.0,1.0,2.35
1.0,29.0,18250.0,7,9,4.0,1,3.0,0.0,5,2.3300044552360126,2.0,2.0,18.25
1.0,45.0,27390.0,3,9,4.0,1,0.0,0.0,4,4.4235297248137915,2.0,2.0,5.3
1.0,45.0,30728.0,7,7,4.0,1,0.0,2.0,4,4.4235297248137915,1.0,2.0,6.25
1.0,28.0,35000.0,4,4,4.0,1,2.0,2.0,5,1.0466229160276843,2.0,1.0,6.3
1.0,29.0,30556.0,4,4,4.0,0,0.0,2.0,5,2.3300044552360126,1.0,1.0,5.5
1.0,31.0,41315.0,4,5,4.0,1,3.0,0.0,4,2.3586610749369834,1.0,2.0,11.75
1.0,27.0,3786.0,10,9,4.0,0,3.0,1.0,4,1.2216137419659363,1.0,2.0,1.9
1.0,49.0,24691.0,3,4,3.0,1,3.0,0.0,4,10.520480675103999,0.0,1.0,6.4
1.0,37.0,9350.0,2,2,3.0,0,3.0,0.0,4,8.807024823365314,2.0,1.0,1.15
1.0,49.0,23504.0,4,4,2.0,1,3.0,0.0,4,10.520480675103999,1.0,1.0,5.5
1.0,47.0,21605.0,4,4,2.0,0,3.0,0.0,4,7.171776740499012,1.0,1.0,3.5
1.0,56.0,26042.0,4,4,3.0,1,0.0,0.0,4,6.238294193827314,1.0,2.0,3.75
1.0,44.0,26235.0,2,9,4.0,1,0.0,0.0,5,4.813339259086748,1.0,2.0,4.25
1.0,40.0,21786.0,6,6,4.0,1,2.0,0.0,4,8.133708813675211,2.0,2.0,4.0
1.0,29.0,35000.0,7,9,4.0,1,0.0,1.0,5,2.3300044552360126,2.0,2.0,31.5
1.0,85.0,8235.0,3,3,2.0,0,1.0,2.0,4,16.990726505283792,1.0,2.0,1.4
1.0,85.0,15432.0,4,4,4.0,1,3.0,2.0,4,16.990726505283792,1.0,2.0,5.0
1.0,29.0,37627.0,5,5,4.0,1,3.0,0.0,5,2.3300044552360126,2.0,1.0,17.0
1.0,68.0,21251.0,4,4,4.0,1,3.0,0.0,3,11.333973268769041,2.0,1.0,9.0
1.0,45.0,3395.0,4,4,4.0,0,0.0,1.0,4,4.4235297248137915,1.0,2.0,1.65
1.0,45.0,27160.0,5,6,4.0,1,1.0,0.0,4,4.4235297248137915,0.0,2.0,11.0
1.0,28.0,35530.0,5,5,4.0,1,3.0,2.0,5,1.0466229160276843,1.0,1.0,11.0
1.0,50.0,22046.0,3,3,1.0,0,2.0,0.0,4,9.85228261520027,1.0,1.0,3.75
1.0,58.0,22222.0,6,6,4.0,0,0.0,0.0,4,7.763932572686242,1.0,1.0,3.4
1.0,29.0,33333.0,3,3,2.0,0,2.0,0.0,5,2.3300044552360126,2.0,1.0,4.5
1.0,45.0,27132.0,4,4,2.0,1,2.0,0.0,4,4.4235297248137915,2.0,1.0,5.25
1.0,27.0,22855.0,4,4,2.0,0,2.0,2.0,4,1.2216137419659363,1.0,1.0,6.5
1.0,52.0,40741.0,4,4,4.0,1,0.0,0.0,5,9.072597202187925,2.0,1.0,11.0
1.0,52.0,34722.0,3,3,2.0,1,0.0,0.0,5,9.072597202187925,1.0,1.0,7.5
1.0,28.0,29333.0,5,5,2.0,0,0.0,0.0,5,1.0466229160276843,2.0,1.0,9.9
1.0,50.0,32328.0,4,4,3.0,1,3.0,0.0,5,9.85228261520027,1.0,2.0,6.75
1.0,50.0,25562.0,2,6,4.0,0,0.0,0.0,5,9.85228261520027,1.0,2.0,3.75
1.0,20.0,20317.0,6,6,4.0,0,2.0,2.0,4,4.6775747230725235,1.0,2.0,6.4
1.0,20.0,18088.0,6,4,2.0,0,2.0,0.0,4,4.6775747230725235,1.0,1.0,3.5
1.0,85.0,21759.0,3,3,4.0,1,1.0,2.0,4,16.990726505283792,1.0,2.0,4.7
1.0,20.0,16600.0,3,3,2.0,1,2.0,0.0,4,4.6775747230725235,1.0,1.0,7.5
1.0,49.0,21219.0,3,6,2.0,1,0.0,0.0,4,10.520480675103999,2.0,1.0,5.5
1.0,49.0,19125.0,4,4,3.0,1,0.0,2.0,4,10.520480675103999,1.0,1.0,7.65
1.0,49.0,18885.0,5,7,3.0,1,0.0,0.0,4,10.520480675103999,0.0,1.0,5.15
1.0,50.0,15000.0,5,4,2.0,0,1.0,2.0,5,9.85228261520027,1.0,1.0,6.75
1.0,28.0,37037.0,5,5,4.0,1,0.0,1.0,5,1.0466229160276843,1.0,2.0,10.0
1.0,22.0,18814.0,4,4,2.0,1,2.0,0.0,5,3.443648359101704,1.0,1.0,8.5
1.0,22.0,23457.0,8,8,3.0,0,3.0,0.0,5,3.443648359101704,1.0,2.0,9.5
1.0,20.0,16975.0,5,4,2.0,0,2.0,2.0,4,4.6775747230725235,1.0,1.0,5.5
1.0,20.0,18889.0,5,5,2.0,1,0.0,0.0,4,4.6775747230725235,1.0,2.0,6.46
1.0,9.0,14000.0,5,4,4.0,1,1.0,2.0,4,9.080697225898227,0.0,3.0,5.6
1.0,31.0,32407.0,5,6,4.0,1,1.0,0.0,4,2.3586610749369834,0.0,2.0,10.5
1.0,59.0,29630.0,5,4,3.0,1,3.0,2.0,4,7.981671659354797,1.0,1.0,8.0
1.0,12.0,26502.0,4,5,4.0,1,1.0,2.0,4,8.234325662834179,2.0,2.0,6.44
1.0,58.0,23148.0,8,8,4.0,1,3.0,1.0,4,7.763932572686242,1.0,2.0,7.5
1.0,52.0,32407.0,4,4,2.0,1,2.0,2.0,5,9.072597202187925,1.0,1.0,7.0
1.0,31.0,33951.0,4,13,4.0,1,3.0,1.0,4,2.3586610749369834,2.0,2.0,11.0
1.0,50.0,18808.0,5,5,2.0,1,3.0,0.0,5,9.85228261520027,1.0,1.0,6.5
1.0,52.0,31481.0,4,4,4.0,1,2.0,2.0,5,9.072597202187925,2.0,1.0,6.8
1.0,12.0,10838.0,4,4,4.0,1,1.0,2.0,4,8.234325662834179,2.0,1.0,6.75
1.0,25.0,19848.0,6,6,4.0,0,2.0,0.0,4,2.6223407766988527,2.0,1.0,4.7
1.0,49.0,23145.0,4,4,4.0,1,3.0,0.0,4,10.520480675103999,0.0,1.0,7.8
1.0,12.0,12037.0,4,4,4.0,1,1.0,0.0,4,8.234325662834179,0.0,1.0,6.5
1.0,37.0,17820.0,5,5,4.0,1,1.0,0.0,3,8.807024823365314,0.0,2.0,8.5
1.0,47.0,24390.0,6,6,4.0,0,0.0,0.0,4,7.171776740499012,2.0,2.0,4.5
1.0,29.0,35178.0,4,4,3.0,0,2.0,2.0,5,2.3300044552360126,1.0,2.0,4.45
1.0,59.0,26063.0,2,8,4.0,0,3.0,0.0,4,7.981671659354797,2.0,2.0,3.8
1.0,72.0,8818.0,2,2,0.0,0,2.0,2.0,4,7.932372074404248,1.0,1.0,1.0
1.0,37.0,24573.0,5,6,4.0,1,3.0,2.0,3,8.807024823365314,2.0,2.0,11.5
1.0,40.0,24005.0,3,2,3.0,0,0.0,0.0,4,8.133708813675211,2.0,1.0,3.5
1.0,52.0,32870.0,5,4,3.0,0,0.0,0.0,5,9.072597202187925,2.0,1.0,7.1
1.0,28.0,33404.0,9,9,4.0,0,2.0,2.0,5,1.0466229160276843,1.0,2.0,9.5
1.0,37.0,23240.0,5,7,4.0,1,3.0,2.0,3,8.807024823365314,2.0,2.0,11.75
1.0,29.0,29630.0,4,4,3.0,0,2.0,2.0,5,2.3300044552360126,1.0,1.0,4.0
1.0,54.0,16071.0,3,3,3.0,1,1.0,0.0,4,6.491042593237041,1.0,2.0,2.25
1.0,37.0,26667.0,5,6,3.0,1,1.0,2.0,3,8.807024823365314,1.0,2.0,11.0
1.0,40.0,28782.0,3,9,4.0,0,3.0,0.0,4,8.133708813675211,1.0,2.0,4.3
1.0,52.0,34491.0,4,4,3.0,1,2.0,0.0,5,9.072597202187925,2.0,2.0,7.45
1.0,52.0,34352.0,4,4,3.0,0,2.0,0.0,5,9.072597202187925,2.0,1.0,7.42
1.0,26.0,6231.0,3,2,2.0,0,1.0,0.0,4,3.909699014695983,2.0,2.0,1.2
1.0,57.0,44444.0,2,9,4.0,0,1.0,0.0,4,7.7491651619718285,1.0,2.0,5.0
1.0,22.0,20566.0,2,6,4.0,0,3.0,2.0,5,3.443648359101704,2.0,2.0,2.98
1.0,40.0,22222.0,4,9,4.0,0,3.0,0.0,4,8.133708813675211,0.0,1.0,4.0
1.0,47.0,2963.0,4,4,3.0,0,0.0,0.0,4,7.171776740499012,1.0,2.0,2.4
1.0,59.0,20349.0,5,4,4.0,0,0.0,0.0,4,7.981671659354797,1.0,1.0,3.15
1.0,47.0,23148.0,5,4,2.0,0,0.0,0.0,4,7.171776740499012,1.0,2.0,4.25
1.0,43.0,21124.0,9,9,4.0,0,3.0,0.0,4,5.816830898220792,1.0,2.0,5.0
1.0,47.0,24202.0,3,3,2.0,0,2.0,0.0,4,7.171776740499012,1.0,2.0,2.2
1.0,36.0,24155.0,4,3,3.0,0,0.0,0.0,4,5.914968784991512,2.0,1.0,3.5
1.0,47.0,23870.0,8,6,4.0,1,0.0,0.0,4,7.171776740499012,1.0,2.0,5.65
1.0,47.0,24500.0,5,4,4.0,1,0.0,0.0,4,7.171776740499012,1.0,2.0,3.55
1.0,47.0,24845.0,5,5,4.0,1,0.0,0.0,4,7.171776740499012,1.0,2.0,3.6
1.0,57.0,20026.0,5,4,4.0,1,0.0,0.0,4,7.7491651619718285,1.0,1.0,3.1
1.0,59.0,28788.0,3,3,3.0,0,0.0,0.0,4,7.981671659354797,2.0,1.0,4.75
1.0,29.0,30556.0,4,4,3.0,1,0.0,2.0,5,2.3300044552360126,1.0,1.0,5.5
1.0,28.0,31481.0,3,2,3.0,0,2.0,2.0,5,1.0466229160276843,1.0,1.0,4.25
1.0,29.0,33333.0,3,3,2.0,1,0.0,2.0,5,2.3300044552360126,2.0,1.0,4.5
1.0,29.0,3681.0,3,3,3.0,0,2.0,2.0,5,2.3300044552360126,2.0,1.0,3.25
